customerID,gender,SeniorCitizen,Partner,Dependents,tenure,PhoneService,MultipleLines,InternetService,OnlineSecurity,OnlineBackup,DeviceProtection,TechSupport,StreamingTV,StreamingMovies,Contract,PaperlessBilling,PaymentMethod,MonthlyCharges,TotalCharges,Churn
4009-KESG,Male,0,No,No,68,Yes,No,DSL,No,Yes,No,No,Yes,No,Month-to-month,No,Electronic check,79.31,5390.16,Yes
3663-XRFT,Male,0,Yes,No,3,Yes,Yes,Fiber optic,No,Yes,No,Yes,No,Yes,Two year,Yes,Mailed check,113.63,341.17,Yes
5582-IYEK,Male,0,Yes,Yes,54,Yes,No,No,No internet service,No internet service,No internet service,No internet service,No internet service,No internet service,Month-to-month,No,Bank transfer (automatic),40.49,2186.77,No
6387-VLRX,Female,0,No,Yes,46,Yes,Yes,Fiber optic,Yes,Yes,Yes,Yes,No,No,Month-to-month,Yes,Bank transfer (automatic),112.82,5193.29,Yes
3408-HVXZ,Male,1,No,Yes,42,Yes,Yes,DSL,Yes,Yes,No,Yes,No,No,Month-to-month,Yes,Bank transfer (automatic),85.77,3601.74,Yes
7971-GSQO,Female,0,Yes,No,69,No,No phone service,Fiber optic,Yes,No,No,No,Yes,Yes,Month-to-month,Yes,Credit card (automatic),90.75,6261.5,Yes
9806-AAAA,Male,0,Yes,Yes,12,Yes,Yes,DSL,No,No,Yes,Yes,Yes,No,Month-to-month,No,Credit card (automatic),91.41,1099.12,No
8437-DJVH,Female,0,No,No,26,Yes,Yes,DSL,Yes,Yes,Yes,Yes,Yes,Yes,One year,Yes,Electronic check,107.76,2800.06,No
3863-QWIU,Female,0,Yes,Yes,29,Yes,No,Fiber optic,No,No,No,Yes,Yes,Yes,Month-to-month,Yes,Electronic check,113.9,3298.76,Yes
9519-WOYI,Female,0,Yes,No,8,Yes,Yes,No,No internet service,No internet service,No internet service,No internet service,No internet service,No internet service,Month-to-month,No,Mailed check,49.33,395.73,No
6027-QWIU,Female,0,No,No,70,No,No phone service,No,No internet service,No internet service,No internet service,No internet service,No internet service,No internet service,One year,No,Credit card (automatic),20.34,1422.42,No
2652-HVXZ,Male,0,No,Yes,67,Yes,No,DSL,No,No,Yes,Yes,No,No,Month-to-month,Yes,Mailed check,75.02,5017.11,No
4083-JBLV,Male,0,No,No,15,Yes,No,Fiber optic,Yes,Yes,No,No,No,Yes,Two year,No,Mailed check,102.86,1547.0,No
4764-ZXTP,Female,0,No,No,54,Yes,No,DSL,Yes,No,Yes,No,No,No,Month-to-month,Yes,Electronic check,74.95,4045.71,Yes
5945-YUME,Female,0,No,No,8,No,No phone service,DSL,Yes,No,No,No,No,Yes,One year,Yes,Electronic check,64.14,507.35,Yes
4363-BDHL,Female,0,Yes,No,10,Yes,Yes,Fiber optic,No,No,No,No,No,Yes,Month-to-month,No,Credit card (automatic),110.45,1107.28,Yes
8734-LHZR,Female,0,No,No,55,Yes,Yes,DSL,No,No,No,No,No,No,Month-to-month,No,Bank transfer (automatic),74.89,4124.47,No
8423-RZPF,Female,0,No,No,27,Yes,No,No,No internet service,No internet service,No internet service,No internet service,No internet service,No internet service,Month-to-month,Yes,Electronic check,40.78,1090.64,Yes
8226-BDHL,Male,0,No,No,68,Yes,Yes,DSL,No,No,Yes,Yes,No,No,Month-to-month,No,Bank transfer (automatic),85.81,5839.74,Yes
9844-RZPF,Female,0,No,No,65,Yes,Yes,Fiber optic,No,Yes,Yes,Yes,No,No,Month-to-month,Yes,Mailed check,103.85,6750.83,No
4610-JBLV,Male,0,No,No,58,Yes,Yes,No,No internet service,No internet service,No internet service,No internet service,No internet service,No internet service,Month-to-month,No,Mailed check,52.37,3038.92,No
1698-HVXZ,Female,1,No,Yes,57,Yes,No,Fiber optic,No,No,Yes,No,No,No,Month-to-month,No,Bank transfer (automatic),87.73,5000.68,Yes
9210-IYEK,Male,0,No,No,70,Yes,No,DSL,Yes,No,No,Yes,No,Yes,Month-to-month,Yes,Bank transfer (automatic),92.58,6485.83,Yes
4539-BDHL,Female,0,No,No,45,No,No phone service,DSL,Yes,Yes,No,No,No,Yes,Month-to-month,Yes,Bank transfer (automatic),61.15,2749.14,No
8347-ZXTP,Male,1,No,Yes,7,Yes,No,No,No internet service,No internet service,No internet service,No internet service,No internet service,No internet service,Month-to-month,No,Electronic check,42.14,295.89,Yes
7381-QWIU,Female,0,No,Yes,34,Yes,No,Fiber optic,Yes,No,Yes,Yes,Yes,No,Month-to-month,No,Mailed check,110.03,3742.21,Yes
2141-OQUY,Male,0,Yes,Yes,16,Yes,Yes,DSL,No,Yes,Yes,No,No,Yes,Month-to-month,Yes,Bank transfer (automatic),84.43,1343.15,Yes
1728-TFDB,Male,0,Yes,Yes,25,Yes,No,Fiber optic,Yes,Yes,No,No,No,Yes,One year,Yes,Credit card (automatic),101.25,2524.46,Yes
4607-GSQO,Female,0,No,No,71,Yes,No,Fiber optic,No,No,Yes,No,No,No,Two year,No,Credit card (automatic),86.86,6163.61,No
7993-EMCS,Female,0,Yes,No,55,Yes,No,Fiber optic,Yes,Yes,No,No,Yes,Yes,Two year,No,Mailed check,113.17,6224.86,No
3381-DJVH,Male,1,No,No,26,Yes,No,No,No internet service,No internet service,No internet service,No internet service,No internet service,No internet service,Month-to-month,Yes,Bank transfer (automatic),38.02,979.31,Yes
9089-IYEK,Female,0,Yes,No,36,Yes,Yes,Fiber optic,Yes,Yes,Yes,No,No,No,Month-to-month,No,Credit card (automatic),106.61,3843.15,Yes
5232-NNNN,Male,0,Yes,No,33,Yes,Yes,Fiber optic,No,Yes,Yes,No,No,Yes,Two year,Yes,Mailed check,107.4,3546.53,No
1968-DJVH,Male,0,Yes,No,69,Yes,No,Fiber optic,No,No,Yes,No,No,No,Month-to-month,Yes,Mailed check,85.23,5878.26,No
1661-CGOW,Female,0,Yes,No,58,No,No phone service,Fiber optic,Yes,No,No,No,No,No,Month-to-month,Yes,Mailed check,74.7,4320.21,Yes
3555-MKGC,Female,0,No,No,8,Yes,Yes,Fiber optic,No,No,No,No,No,No,Two year,Yes,Bank transfer (automatic),98.13,788.97,No
7185-RZPF,Female,0,No,No,67,Yes,No,Fiber optic,No,No,No,No,No,No,One year,Yes,Electronic check,85.26,5719.59,Yes
6463-YUME,Female,0,Yes,No,61,Yes,No,Fiber optic,No,Yes,No,No,No,No,Month-to-month,Yes,Credit card (automatic),80.92,4934.02,Yes
1887-JBLV,Female,0,No,No,30,Yes,No,DSL,No,No,No,Yes,No,No,Month-to-month,No,Mailed check,69.54,2093.04,No
3017-PTBJ,Female,1,No,No,13,Yes,No,No,No internet service,No internet service,No internet service,No internet service,No internet service,No internet service,Two year,Yes,Credit card (automatic),38.48,492.56,No
9305-WOYI,Male,0,No,No,42,Yes,No,Fiber optic,Yes,Yes,Yes,Yes,No,Yes,One year,No,Credit card (automatic),109.4,4598.45,No
7359-GSQO,Female,0,No,No,24,Yes,Yes,DSL,No,Yes,No,No,No,Yes,Two year,Yes,Electronic check,86.91,2084.93,Yes
7823-OQUY,Male,1,Yes,No,72,Yes,No,Fiber optic,No,No,No,No,No,No,One year,No,Mailed check,88.11,6340.04,No
6867-SCWQ,Male,0,No,No,44,Yes,Yes,Fiber optic,No,Yes,No,No,Yes,Yes,Two year,No,Credit card (automatic),115.59,5087.65,No
4940-GSQO,Male,0,Yes,No,11,Yes,No,No,No internet service,No internet service,No internet service,No internet service,No internet service,No internet service,Month-to-month,Yes,Mailed check,41.3,448.97,Yes
8587-WOYI,Female,0,No,No,11,No,No phone service,Fiber optic,No,No,No,No,Yes,Yes,Month-to-month,Yes,Electronic check,80.32,882.62,Yes
1780-XRFT,Female,0,No,No,65,Yes,Yes,DSL,No,No,No,Yes,Yes,No,Month-to-month,Yes,Bank transfer (automatic),92.31,6001.32,Yes
1004-GSQO,Male,0,Yes,No,43,Yes,Yes,Fiber optic,No,Yes,No,No,Yes,No,One year,No,Bank transfer (automatic),105.28,4528.13,Yes
4839-HVXZ,Female,1,No,Yes,55,Yes,No,Fiber optic,No,Yes,Yes,Yes,Yes,No,Month-to-month,No,Electronic check,99.98,5500.4,Yes
4959-SCWQ,Female,0,No,No,55,Yes,No,No,No internet service,No internet service,No internet service,No internet service,No internet service,No internet service,Month-to-month,Yes,Mailed check,37.85,2083.72,No
5735-RZPF,Female,0,No,No,65,No,No phone service,DSL,No,Yes,No,No,Yes,No,One year,No,Electronic check,56.33,3668.36,Yes
8440-GSQO,Male,1,Yes,No,32,No,No phone service,Fiber optic,Yes,No,Yes,Yes,Yes,Yes,Month-to-month,Yes,Credit card (automatic),99.52,3183.81,Yes
6823-HVXZ,Male,0,Yes,No,26,Yes,No,Fiber optic,Yes,No,Yes,No,No,Yes,One year,Yes,Bank transfer (automatic),102.46,2665.5,No
4845-ZXTP,Male,0,Yes,No,20,Yes,Yes,No,No internet service,No internet service,No internet service,No internet service,No internet service,No internet service,Month-to-month,Yes,Credit card (automatic),53.51,1070.96,Yes
4556-IYEK,Female,0,No,No,34,Yes,No,No,No internet service,No internet service,No internet service,No internet service,No internet service,No internet service,One year,Yes,Bank transfer (automatic),45.12,1533.51,Yes
7322-FPJD,Male,0,No,Yes,6,Yes,No,Fiber optic,Yes,No,No,No,No,Yes,One year,No,Credit card (automatic),106.01,632.34,Yes
2227-PTBJ,Female,0,Yes,No,13,Yes,Yes,DSL,No,No,No,Yes,No,No,Month-to-month,No,Electronic check,79.48,1032.48,Yes
3508-KESG,Female,0,No,No,46,Yes,Yes,Fiber optic,Yes,No,Yes,No,Yes,No,Month-to-month,No,Credit card (automatic),113.66,5230.43,Yes
6370-PTBJ,Female,1,Yes,No,26,Yes,No,Fiber optic,No,No,No,No,No,Yes,Two year,Yes,Bank transfer (automatic),93.95,2440.85,Yes
7316-BDHL,Male,1,No,Yes,58,Yes,No,Fiber optic,No,No,No,No,Yes,No,Month-to-month,No,Credit card (automatic),97.49,5653.13,Yes
8817-IYEK,Female,0,No,No,24,Yes,Yes,Fiber optic,No,No,No,Yes,No,Yes,Two year,No,Bank transfer (automatic),111.15,2661.81,Yes
8045-YUME,Male,1,Yes,Yes,21,Yes,No,No,No internet service,No internet service,No internet service,No internet service,No internet service,No internet service,Month-to-month,Yes,Credit card (automatic),38.3,807.38,Yes
7640-JBLV,Female,0,Yes,No,45,Yes,No,Fiber optic,No,No,No,Yes,No,Yes,Month-to-month,Yes,Electronic check,98.66,4437.65,Yes
2951-OQUY,Male,0,Yes,Yes,56,No,No phone service,DSL,No,No,Yes,No,No,No,Two year,Yes,Bank transfer (automatic),42.26,2360.47,No
4629-DJVH,Female,0,No,Yes,53,Yes,Yes,Fiber optic,Yes,No,No,Yes,Yes,Yes,One year,No,Electronic check,118.75,6305.54,No
8002-JBLV,Female,0,Yes,Yes,9,Yes,No,DSL,No,Yes,Yes,No,Yes,No,Two year,No,Credit card (automatic),75.34,678.55,No
2797-LHZR,Male,0,Yes,No,48,Yes,No,Fiber optic,Yes,No,No,No,No,Yes,One year,No,Electronic check,101.57,4876.26,No
6759-WOYI,Male,0,No,No,67,Yes,No,Fiber optic,Yes,No,Yes,No,Yes,No,One year,Yes,Electronic check,103.05,6913.2,No
4612-HVXZ,Female,0,Yes,No,21,Yes,No,DSL,Yes,No,No,Yes,No,No,Two year,Yes,Credit card (automatic),80.37,1692.19,No
4170-UIKM,Male,0,No,No,62,Yes,No,DSL,No,No,Yes,Yes,No,Yes,Month-to-month,Yes,Mailed check,82.73,5125.49,Yes
9837-LHZR,Male,0,Yes,Yes,32,Yes,Yes,No,No internet service,No internet service,No internet service,No internet service,No internet service,No internet service,Month-to-month,No,Electronic check,50.83,1621.8,No
8526-FPJD,Female,1,Yes,Yes,9,Yes,Yes,No,No internet service,No internet service,No internet service,No internet service,No internet service,No internet service,Month-to-month,Yes,Electronic check,46.6,414.11,Yes
2387-CGOW,Male,0,Yes,Yes,47,Yes,Yes,Fiber optic,No,Yes,No,No,Yes,No,Month-to-month,No,Mailed check,106.06,4984.91,Yes
4398-UIKM,Male,0,Yes,Yes,41,Yes,Yes,Fiber optic,Yes,No,No,No,No,No,One year,Yes,Mailed check,104.45,4270.07,No
2028-ZXTP,Male,0,Yes,No,69,Yes,Yes,Fiber optic,No,No,No,Yes,Yes,No,Month-to-month,No,Electronic check,111.91,7721.62,No
9526-YUME,Female,0,Yes,No,4,Yes,No,DSL,No,No,No,Yes,No,Yes,Month-to-month,Yes,Bank transfer (automatic),85.81,340.55,Yes
5198-JBLV,Female,0,Yes,No,14,Yes,Yes,DSL,No,No,Yes,No,No,Yes,Two year,No,Credit card (automatic),86.3,1208.15,No
5378-ZXTP,Male,0,Yes,No,64,Yes,No,DSL,Yes,Yes,No,No,No,No,One year,No,Mailed check,72.48,4644.27,No
5346-SCWQ,Female,0,No,No,59,Yes,Yes,DSL,No,No,No,No,Yes,No,Two year,Yes,Electronic check,82.83,4879.85,No
6455-KESG,Male,1,Yes,No,42,Yes,No,DSL,No,No,Yes,Yes,No,No,One year,Yes,Electronic check,75.82,3182.32,No
1555-SCWQ,Male,0,No,No,64,No,No phone service,Fiber optic,No,Yes,No,No,No,No,Two year,No,Electronic check,65.58,4197.15,No
1935-BDHL,Female,1,No,No,16,Yes,No,DSL,No,Yes,Yes,No,Yes,No,Month-to-month,Yes,Electronic check,77.85,1247.81,Yes
8956-ZXTP,Male,0,No,No,61,Yes,Yes,No,No internet service,No internet service,No internet service,No internet service,No internet service,No internet service,Month-to-month,Yes,Bank transfer (automatic),46.25,2812.8,No
1441-UIKM,Male,0,No,No,45,Yes,No,Fiber optic,Yes,No,Yes,Yes,No,No,Month-to-month,Yes,Mailed check,102.78,4621.49,Yes
7394-CGOW,Male,0,Yes,No,58,Yes,Yes,Fiber optic,Yes,No,No,No,No,Yes,Month-to-month,No,Mailed check,105.24,6103.13,Yes
6552-DJVH,Female,0,No,No,7,Yes,Yes,No,No internet service,No internet service,No internet service,No internet service,No internet service,No internet service,Month-to-month,Yes,Bank transfer (automatic),47.19,327.99,Yes
3476-CGOW,Female,0,No,No,60,Yes,Yes,DSL,Yes,No,No,No,Yes,No,Two year,No,Credit card (automatic),93.06,5581.73,No
5887-BDHL,Female,0,Yes,No,4,Yes,Yes,No,No internet service,No internet service,No internet service,No internet service,No internet service,No internet service,Month-to-month,Yes,Mailed check,44.22,173.64,Yes
7663-DJVH,Male,0,Yes,No,66,Yes,No,Fiber optic,Yes,No,No,No,No,No,Month-to-month,Yes,Electronic check,92.44,6105.21,Yes
9811-IYEK,Male,0,Yes,No,60,Yes,No,DSL,Yes,Yes,Yes,Yes,No,Yes,Two year,No,Electronic check,93.85,5632.54,No
6806-LHZR,Male,0,Yes,Yes,20,Yes,No,DSL,No,Yes,No,Yes,No,Yes,One year,Yes,Electronic check,81.28,1630.74,Yes
9737-OQUY,Male,0,No,No,17,Yes,No,Fiber optic,No,No,No,No,No,No,One year,Yes,Electronic check,85.22,1442.93,Yes
3292-NNNN,Male,0,Yes,No,16,Yes,No,No,No internet service,No internet service,No internet service,No internet service,No internet service,No internet service,Month-to-month,No,Bank transfer (automatic),39.52,634.2,No
2685-KESG,Female,0,No,Yes,10,Yes,No,Fiber optic,No,No,No,No,No,No,Month-to-month,No,Mailed check,85.72,853.86,No
2136-GSQO,Female,0,No,No,37,Yes,Yes,DSL,No,No,Yes,Yes,No,No,Month-to-month,Yes,Electronic check,85.99,3183.7,Yes
3309-ZXTP,Male,0,No,Yes,42,Yes,Yes,Fiber optic,Yes,Yes,No,No,No,No,Two year,Yes,Electronic check,99.05,4155.83,No
9314-MKGC,Female,1,No,No,45,Yes,No,Fiber optic,Yes,Yes,No,Yes,No,No,One year,No,Bank transfer (automatic),100.85,4538.53,Yes
8742-QWIU,Male,0,No,Yes,62,Yes,No,Fiber optic,No,No,No,Yes,Yes,No,One year,No,Bank transfer (automatic),106.24,6593.35,Yes
4420-GSQO,Male,0,Yes,No,37,Yes,Yes,Fiber optic,Yes,Yes,Yes,No,Yes,Yes,Month-to-month,Yes,Electronic check,118.75,4395.6,No
2970-JBLV,Female,0,Yes,No,50,Yes,Yes,DSL,No,Yes,Yes,No,No,Yes,Month-to-month,Yes,Credit card (automatic),84.34,4213.59,No
5491-LHZR,Male,0,Yes,No,25,Yes,No,No,No internet service,No internet service,No internet service,No internet service,No internet service,No internet service,Month-to-month,Yes,Mailed check,41.28,1035.09,No
4327-MKGC,Female,0,Yes,No,48,Yes,No,DSL,No,No,Yes,Yes,No,No,Month-to-month,Yes,Electronic check,71.17,3416.5,No
4356-PTBJ,Male,0,No,Yes,7,Yes,No,Fiber optic,Yes,Yes,No,No,Yes,No,Month-to-month,No,Electronic check,103.37,726.14,Yes
2581-SCWQ,Male,0,Yes,No,17,Yes,No,Fiber optic,Yes,No,Yes,No,Yes,Yes,One year,Yes,Mailed check,116.46,1976.77,Yes
6300-BDHL,Male,1,Yes,No,69,Yes,Yes,Fiber optic,Yes,Yes,Yes,No,No,No,Two year,Yes,Credit card (automatic),101.08,6972.97,No
2898-BDHL,Male,1,Yes,No,67,Yes,No,No,No internet service,No internet service,No internet service,No internet service,No internet service,No internet service,Month-to-month,No,Electronic check,42.88,2875.19,Yes
7502-DJVH,Female,0,Yes,No,8,Yes,No,No,No internet service,No internet service,No internet service,No internet service,No internet service,No internet service,Two year,No,Bank transfer (automatic),40.56,323.19,No
4408-PTBJ,Male,0,Yes,No,2,Yes,Yes,No,No internet service,No internet service,No internet service,No internet service,No internet service,No internet service,Month-to-month,No,Electronic check,49.71,99.8,Yes
9554-XRFT,Female,0,No,Yes,19,Yes,No,No,No internet service,No internet service,No internet service,No internet service,No internet service,No internet service,Month-to-month,Yes,Electronic check,44.99,850.13,Yes
5632-BDHL,Female,0,No,Yes,52,Yes,Yes,DSL,No,No,Yes,Yes,No,Yes,Month-to-month,Yes,Electronic check,98.67,5129.45,Yes
6014-KESG,Female,0,Yes,No,60,Yes,Yes,Fiber optic,Yes,Yes,Yes,Yes,No,Yes,One year,No,Credit card (automatic),118.75,7126.7,No
5196-NNNN,Female,0,No,No,37,Yes,Yes,Fiber optic,No,Yes,No,No,No,No,Month-to-month,Yes,Electronic check,91.08,3368.85,Yes
1846-QWIU,Female,1,Yes,No,2,Yes,Yes,DSL,No,No,Yes,No,No,Yes,Month-to-month,No,Bank transfer (automatic),84.3,167.19,Yes
2635-PTBJ,Male,0,Yes,Yes,46,Yes,No,Fiber optic,Yes,No,No,No,No,No,Month-to-month,Yes,Electronic check,94.54,4346.19,Yes
1825-RZPF,Female,0,No,No,45,Yes,No,Fiber optic,Yes,No,No,No,No,No,Month-to-month,Yes,Bank transfer (automatic),88.74,3992.98,Yes
8330-YUME,Male,0,No,No,0,No,No phone service,Fiber optic,No,No,Yes,Yes,Yes,No,One year,Yes,Electronic check,85.28,0.0,Yes
2790-JBLV,Male,1,Yes,Yes,51,Yes,No,No,No internet service,No internet service,No internet service,No internet service,No internet service,No internet service,Two year,No,Credit card (automatic),32.64,1664.46,No
4962-PTBJ,Female,0,Yes,Yes,36,Yes,Yes,DSL,No,Yes,Yes,No,Yes,No,One year,Yes,Credit card (automatic),85.88,3103.99,No
4385-TFDB,Male,0,Yes,No,49,Yes,Yes,DSL,No,Yes,Yes,No,No,No,Month-to-month,Yes,Credit card (automatic),77.74,3809.9,No
4462-SCWQ,Female,0,No,No,52,Yes,Yes,DSL,No,Yes,No,Yes,No,No,Month-to-month,No,Mailed check,82.08,4271.31,Yes
3384-CGOW,Female,1,No,No,58,Yes,Yes,Fiber optic,Yes,No,Yes,No,No,Yes,Month-to-month,Yes,Credit card (automatic),118.26,6861.28,Yes
8641-ZXTP,Female,0,Yes,Yes,29,No,No phone service,Fiber optic,Yes,No,Yes,No,No,No,Month-to-month,Yes,Bank transfer (automatic),70.22,2032.26,Yes
9592-AAAA,Male,1,Yes,No,53,Yes,No,No,No internet service,No internet service,No internet service,No internet service,No internet service,No internet service,One year,Yes,Bank transfer (automatic),36.97,1965.72,No
2442-SCWQ,Male,0,Yes,No,50,Yes,No,No,No internet service,No internet service,No internet service,No internet service,No internet service,No internet service,Month-to-month,No,Bank transfer (automatic),41.12,2053.29,Yes
1947-NNNN,Female,1,Yes,No,54,Yes,No,Fiber optic,Yes,Yes,No,No,Yes,No,One year,No,Mailed check,103.68,5598.25,No
6972-EMCS,Male,0,Yes,No,28,Yes,Yes,DSL,No,No,Yes,No,Yes,Yes,Month-to-month,Yes,Electronic check,97.03,2719.3,Yes
4423-IYEK,Male,0,No,Yes,8,Yes,Yes,Fiber optic,No,Yes,Yes,No,Yes,Yes,Two year,No,Bank transfer (automatic),117.65,941.79,Yes
9235-GSQO,Female,0,Yes,No,9,Yes,Yes,Fiber optic,Yes,Yes,Yes,Yes,Yes,No,Two year,Yes,Electronic check,118.75,1071.58,No
6480-HVXZ,Female,0,Yes,Yes,67,Yes,No,Fiber optic,No,Yes,No,No,Yes,Yes,Month-to-month,Yes,Bank transfer (automatic),102.01,6833.96,Yes
9737-CGOW,Female,0,Yes,Yes,12,Yes,No,Fiber optic,No,No,No,Yes,No,Yes,Month-to-month,No,Mailed check,102.8,1236.48,Yes
8987-PTBJ,Male,0,No,No,0,Yes,No,Fiber optic,No,No,Yes,No,Yes,Yes,Two year,Yes,Credit card (automatic),104.67,0.0,Yes
2325-EMCS,Female,0,Yes,No,44,Yes,Yes,DSL,No,Yes,Yes,No,No,Yes,Month-to-month,No,Electronic check,91.02,4007.2,Yes
9106-GSQO,Female,0,Yes,Yes,52,Yes,No,No,No internet service,No internet service,No internet service,No internet service,No internet service,No internet service,Two year,No,Electronic check,40.87,2128.16,No
1355-FPJD,Male,1,No,No,57,Yes,No,DSL,No,No,Yes,No,No,No,Month-to-month,Yes,Credit card (automatic),66.83,3803.53,Yes
6695-HVXZ,Female,0,Yes,Yes,12,Yes,No,Fiber optic,No,Yes,Yes,No,No,Yes,Two year,Yes,Electronic check,95.56,1151.98,No
2798-DJVH,Female,0,No,No,40,Yes,No,Fiber optic,No,No,No,No,No,No,Month-to-month,Yes,Mailed check,84.33,3371.79,No
4939-VLRX,Female,0,Yes,No,16,Yes,No,DSL,Yes,No,Yes,Yes,No,Yes,One year,Yes,Electronic check,86.49,1375.37,No
7381-WOYI,Male,1,Yes,No,31,Yes,Yes,Fiber optic,No,No,No,Yes,No,Yes,One year,Yes,Credit card (automatic),117.61,3653.79,Yes
9780-DJVH,Female,0,Yes,No,19,Yes,No,No,No internet service,No internet service,No internet service,No internet service,No internet service,No internet service,Month-to-month,Yes,Electronic check,38.29,732.44,Yes
7040-WOYI,Male,1,Yes,No,38,Yes,No,No,No internet service,No internet service,No internet service,No internet service,No internet service,No internet service,Month-to-month,Yes,Electronic check,39.5,1500.94,No
2980-NNNN,Female,0,No,No,10,Yes,Yes,DSL,No,No,Yes,No,Yes,No,Month-to-month,Yes,Electronic check,86.02,859.55,Yes
6708-DJVH,Female,0,No,No,64,Yes,Yes,DSL,No,No,Yes,Yes,Yes,No,Month-to-month,Yes,Credit card (automatic),96.6,6184.82,Yes
2480-IYEK,Male,1,No,Yes,25,Yes,Yes,DSL,No,Yes,No,No,Yes,No,Month-to-month,Yes,Electronic check,88.78,2216.38,Yes
3023-PTBJ,Male,1,Yes,No,19,Yes,No,DSL,Yes,No,Yes,Yes,No,No,One year,Yes,Mailed check,80.22,1523.86,Yes
6777-XRFT,Female,0,No,Yes,2,Yes,No,DSL,Yes,No,Yes,No,No,No,Month-to-month,No,Electronic check,73.75,151.78,Yes
4161-RZPF,Male,0,No,No,16,Yes,Yes,No,No internet service,No internet service,No internet service,No internet service,No internet service,No internet service,Month-to-month,No,Electronic check,47.98,770.1,Yes
5167-DJVH,Female,1,Yes,No,51,Yes,No,No,No internet service,No internet service,No internet service,No internet service,No internet service,No internet service,Two year,Yes,Credit card (automatic),44.5,2272.58,No
4580-HVXZ,Male,0,Yes,No,6,Yes,Yes,Fiber optic,No,Yes,Yes,No,No,No,Month-to-month,Yes,Mailed check,93.71,573.86,Yes
6522-JBLV,Male,0,No,Yes,71,Yes,Yes,DSL,Yes,No,No,No,Yes,No,Two year,Yes,Mailed check,96.22,6837.16,No
1454-WOYI,Male,0,No,Yes,43,Yes,Yes,Fiber optic,No,No,Yes,No,No,Yes,Month-to-month,No,Electronic check,102.5,4413.66,No
4510-LHZR,Female,0,No,No,0,Yes,Yes,No,No internet service,No internet service,No internet service,No internet service,No internet service,No internet service,Month-to-month,Yes,Bank transfer (automatic),52.0,0.0,Yes
5734-WOYI,Male,0,Yes,No,70,Yes,Yes,DSL,No,Yes,Yes,No,No,No,Month-to-month,Yes,Mailed check,75.97,5327.28,No
9350-LHZR,Female,0,No,No,72,Yes,No,DSL,Yes,No,No,No,No,No,One year,No,Credit card (automatic),73.3,5276.63,No
4814-QWIU,Male,0,Yes,Yes,26,Yes,Yes,Fiber optic,No,Yes,No,No,Yes,No,Month-to-month,No,Credit card (automatic),109.36,2849.98,Yes
7261-IYEK,Female,0,No,No,24,Yes,Yes,No,No internet service,No internet service,No internet service,No internet service,No internet service,No internet service,Month-to-month,Yes,Mailed check,45.36,1083.04,Yes
4490-HVXZ,Female,1,Yes,No,49,No,No phone service,Fiber optic,No,Yes,Yes,No,No,Yes,Month-to-month,No,Bank transfer (automatic),76.11,3731.14,Yes
9386-EMCS,Female,0,No,No,38,Yes,No,Fiber optic,No,Yes,No,No,Yes,No,Two year,Yes,Electronic check,94.02,3572.62,No
4170-SCWQ,Male,0,No,No,34,Yes,No,DSL,No,No,No,No,No,No,One year,Yes,Credit card (automatic),69.07,2355.91,No
1654-VLRX,Female,0,No,No,42,Yes,No,DSL,No,No,No,No,No,Yes,Month-to-month,Yes,Mailed check,76.47,3208.89,No
5752-UIKM,Male,1,Yes,No,0,Yes,Yes,DSL,Yes,Yes,No,Yes,No,No,Two year,No,Electronic check,87.15,0.0,No
3725-VLRX,Male,0,Yes,Yes,13,Yes,No,DSL,Yes,No,No,No,No,Yes,Month-to-month,No,Mailed check,80.23,1051.72,No
3451-UIKM,Male,0,No,Yes,70,Yes,No,No,No internet service,No internet service,No internet service,No internet service,No internet service,No internet service,Month-to-month,Yes,Electronic check,41.99,2943.36,No
7251-TFDB,Female,1,No,Yes,37,Yes,Yes,DSL,Yes,Yes,Yes,No,No,No,One year,No,Credit card (automatic),83.61,3086.8,Yes
5225-KESG,Female,0,Yes,No,20,Yes,No,Fiber optic,Yes,Yes,No,No,No,Yes,One year,No,Mailed check,101.62,2033.04,Yes
7697-GSQO,Female,0,Yes,No,27,Yes,No,No,No internet service,No internet service,No internet service,No internet service,No internet service,No internet service,Month-to-month,Yes,Electronic check,37.3,1004.67,Yes
6842-NNNN,Female,0,Yes,No,49,Yes,Yes,No,No internet service,No internet service,No internet service,No internet service,No internet service,No internet service,Month-to-month,No,Electronic check,48.4,2368.81,Yes
3258-OQUY,Female,1,No,No,12,Yes,No,Fiber optic,No,No,Yes,No,Yes,No,Month-to-month,No,Mailed check,95.62,1153.23,Yes
7915-MKGC,Female,0,No,Yes,68,Yes,Yes,No,No internet service,No internet service,No internet service,No internet service,No internet service,No internet service,Month-to-month,No,Electronic check,48.29,3292.76,No
5242-UIKM,Female,0,No,Yes,15,Yes,No,No,No internet service,No internet service,No internet service,No internet service,No internet service,No internet service,Month-to-month,Yes,Electronic check,41.02,622.34,No
4239-JBLV,Male,0,Yes,No,22,Yes,No,No,No internet service,No internet service,No internet service,No internet service,No internet service,No internet service,Two year,No,Bank transfer (automatic),41.27,908.04,No
1583-AAAA,Male,1,No,Yes,15,No,No phone service,DSL,No,No,No,No,No,Yes,One year,Yes,Electronic check,60.97,924.06,No
2936-PTBJ,Female,0,Yes,No,59,Yes,No,DSL,No,No,Yes,Yes,No,No,Month-to-month,Yes,Electronic check,74.72,4406.17,Yes
5673-BDHL,Male,0,No,No,36,Yes,Yes,Fiber optic,No,No,No,No,Yes,No,Month-to-month,No,Credit card (automatic),108.06,3886.09,Yes
5611-LHZR,Female,0,Yes,No,65,Yes,Yes,Fiber optic,Yes,No,No,Yes,No,No,Two year,Yes,Bank transfer (automatic),113.8,7396.18,No
9894-HVXZ,Female,0,Yes,Yes,37,Yes,No,Fiber optic,Yes,No,Yes,Yes,Yes,Yes,Month-to-month,Yes,Bank transfer (automatic),118.75,4393.05,No
4285-NNNN,Female,1,No,Yes,31,Yes,No,DSL,No,No,Yes,No,No,No,Month-to-month,Yes,Credit card (automatic),66.94,2075.26,Yes
1768-DJVH,Female,0,No,Yes,43,No,No phone service,DSL,Yes,Yes,Yes,Yes,Yes,No,Month-to-month,No,Electronic check,71.83,3088.81,No
4516-VLRX,Male,0,Yes,No,48,Yes,No,Fiber optic,No,No,No,No,No,No,Month-to-month,No,Electronic check,87.0,4178.25,Yes
6649-JBLV,Male,0,No,No,18,Yes,Yes,Fiber optic,No,Yes,No,Yes,Yes,No,Month-to-month,Yes,Electronic check,116.07,2082.87,Yes
7538-KESG,Female,0,Yes,Yes,30,Yes,No,DSL,Yes,No,Yes,No,Yes,No,One year,No,Credit card (automatic),84.2,2523.71,No
4240-NNNN,Male,0,No,No,70,Yes,No,No,No internet service,No internet service,No internet service,No internet service,No internet service,No internet service,Two year,No,Electronic check,36.82,2580.72,No
7327-CGOW,Female,0,Yes,No,31,Yes,No,Fiber optic,No,No,No,Yes,No,Yes,One year,Yes,Electronic check,104.23,3234.82,No
9110-XRFT,Male,0,Yes,Yes,33,Yes,Yes,No,No internet service,No internet service,No internet service,No internet service,No internet service,No internet service,Month-to-month,Yes,Bank transfer (automatic),45.79,1504.52,Yes
7748-EMCS,Female,0,No,No,5,Yes,No,Fiber optic,Yes,No,No,No,No,No,Two year,Yes,Mailed check,93.74,467.69,No
7761-CGOW,Male,0,No,No,21,No,No phone service,DSL,No,Yes,No,No,Yes,No,Two year,No,Electronic check,49.87,1048.89,No
7238-WOYI,Male,0,No,No,52,Yes,Yes,No,No internet service,No internet service,No internet service,No internet service,No internet service,No internet service,Two year,Yes,Bank transfer (automatic),48.75,2527.86,No
6481-RZPF,Female,0,No,No,67,Yes,No,DSL,Yes,No,Yes,No,No,Yes,Two year,Yes,Bank transfer (automatic),83.07,5560.58,No
7582-MKGC,Female,0,Yes,No,19,Yes,Yes,DSL,Yes,Yes,No,No,No,No,Month-to-month,No,Bank transfer (automatic),79.66,1510.72,Yes
4957-YUME,Female,0,No,Yes,57,No,No phone service,DSL,No,Yes,Yes,Yes,No,No,Month-to-month,Yes,Mailed check,53.64,3064.06,No
9848-YUME,Male,0,Yes,No,64,Yes,Yes,DSL,No,No,No,Yes,Yes,No,Month-to-month,Yes,Mailed check,93.29,5965.35,No
2447-IYEK,Female,0,Yes,No,50,Yes,No,DSL,Yes,Yes,No,No,No,Yes,Month-to-month,No,Credit card (automatic),83.93,4197.6,No
6656-PTBJ,Male,0,No,No,14,Yes,Yes,No,No internet service,No internet service,No internet service,No internet service,No internet service,No internet service,Two year,Yes,Bank transfer (automatic),50.32,710.36,No
9684-WOYI,Female,0,Yes,Yes,72,Yes,No,DSL,Yes,No,Yes,Yes,No,No,One year,Yes,Credit card (automatic),81.21,5844.18,No
4072-RZPF,Male,0,No,Yes,3,Yes,No,Fiber optic,No,Yes,No,Yes,No,No,Two year,No,Electronic check,87.74,259.77,No
7289-WOYI,Female,0,No,No,31,Yes,Yes,DSL,No,Yes,Yes,Yes,Yes,Yes,Month-to-month,No,Credit card (automatic),102.71,3186.02,Yes
2892-AAAA,Male,0,No,No,25,Yes,Yes,No,No internet service,No internet service,No internet service,No internet service,No internet service,No internet service,Month-to-month,Yes,Bank transfer (automatic),46.61,1162.49,No
7199-QWIU,Male,0,No,No,56,No,No phone service,No,No internet service,No internet service,No internet service,No internet service,No internet service,No internet service,Month-to-month,No,Bank transfer (automatic),20.13,1128.75,Yes
4440-MKGC,Female,0,Yes,Yes,44,Yes,No,Fiber optic,Yes,No,Yes,No,No,No,Two year,No,Bank transfer (automatic),89.02,3918.8,No
4756-MKGC,Female,0,No,No,37,Yes,Yes,DSL,No,No,Yes,No,No,Yes,Month-to-month,Yes,Electronic check,84.65,3131.89,Yes
9989-YUME,Male,0,Yes,No,59,Yes,Yes,DSL,Yes,No,Yes,Yes,No,Yes,Month-to-month,Yes,Bank transfer (automatic),104.73,6182.57,No
1324-EMCS,Male,0,Yes,No,48,Yes,Yes,No,No internet service,No internet service,No internet service,No internet service,No internet service,No internet service,Month-to-month,Yes,Credit card (automatic),47.44,2277.5,No
7863-OQUY,Male,0,Yes,Yes,41,Yes,Yes,No,No internet service,No internet service,No internet service,No internet service,No internet service,No internet service,Month-to-month,No,Electronic check,51.47,2111.3,Yes
7789-LHZR,Female,0,Yes,No,58,Yes,Yes,Fiber optic,Yes,Yes,No,No,No,Yes,Month-to-month,No,Mailed check,111.79,6476.43,No
9301-UIKM,Male,0,Yes,No,18,Yes,Yes,Fiber optic,No,No,No,No,Yes,Yes,Two year,Yes,Credit card (automatic),113.91,2055.89,No
5266-TFDB,Female,0,Yes,Yes,67,Yes,No,Fiber optic,Yes,No,Yes,No,Yes,Yes,One year,No,Credit card (automatic),114.77,7690.87,No
6578-IYEK,Female,0,Yes,No,5,Yes,No,Fiber optic,Yes,No,No,Yes,Yes,No,Month-to-month,No,Bank transfer (automatic),109.61,546.15,Yes
5910-DJVH,Female,0,No,No,27,Yes,No,Fiber optic,Yes,No,Yes,Yes,Yes,No,Month-to-month,Yes,Bank transfer (automatic),111.49,3011.16,No
3883-NNNN,Female,0,Yes,No,55,Yes,No,DSL,No,No,No,No,No,Yes,One year,Yes,Electronic check,79.29,4363.19,Yes
1834-JBLV,Female,0,No,No,63,Yes,Yes,Fiber optic,No,No,No,No,No,No,One year,No,Mailed check,95.42,6009.72,No
6252-QWIU,Male,0,No,No,43,Yes,Yes,DSL,No,No,No,Yes,No,No,Month-to-month,No,Electronic check,80.2,3441.15,No
1204-CGOW,Female,0,No,Yes,1,Yes,Yes,DSL,Yes,No,No,No,No,No,One year,Yes,Bank transfer (automatic),79.93,70.33,Yes
8421-QWIU,Female,0,Yes,No,28,Yes,No,Fiber optic,Yes,No,No,Yes,No,No,Month-to-month,Yes,Credit card (automatic),100.27,2799.47,Yes
5920-RZPF,Male,0,No,Yes,0,Yes,Yes,No,No internet service,No internet service,No internet service,No internet service,No internet service,No internet service,One year,No,Bank transfer (automatic),51.69,0.0,Yes
9321-VLRX,Male,0,No,No,70,Yes,Yes,DSL,Yes,No,No,Yes,No,Yes,Month-to-month,Yes,Mailed check,100.34,7027.44,Yes
2325-LHZR,Male,0,Yes,No,2,Yes,Yes,DSL,Yes,No,Yes,No,No,Yes,One year,No,Mailed check,94.4,189.91,Yes
8147-EMCS,Male,0,Yes,Yes,24,Yes,Yes,No,No internet service,No internet service,No internet service,No internet service,No internet service,No internet service,Two year,No,Credit card (automatic),51.68,1240.95,Yes
3607-XRFT,Female,0,Yes,Yes,21,Yes,Yes,Fiber optic,Yes,No,Yes,Yes,No,Yes,Two year,No,Electronic check,117.25,2452.21,No
3950-IYEK,Female,0,Yes,No,66,Yes,No,DSL,No,Yes,Yes,No,Yes,Yes,One year,Yes,Mailed check,87.67,5791.44,No
1877-EMCS,Female,1,No,No,13,Yes,No,No,No internet service,No internet service,No internet service,No internet service,No internet service,No internet service,Two year,No,Bank transfer (automatic),41.37,537.27,No
2325-ZXTP,Female,0,Yes,No,23,Yes,Yes,Fiber optic,No,No,No,No,No,Yes,Month-to-month,Yes,Bank transfer (automatic),103.71,2394.8,Yes
1522-IYEK,Male,0,No,Yes,7,Yes,Yes,Fiber optic,Yes,Yes,Yes,Yes,No,No,Month-to-month,Yes,Bank transfer (automatic),112.2,782.47,Yes
9601-FPJD,Male,0,Yes,No,44,Yes,No,DSL,No,No,Yes,Yes,Yes,No,One year,Yes,Credit card (automatic),85.02,3741.88,Yes
7957-YUME,Female,0,Yes,Yes,71,Yes,No,Fiber optic,No,Yes,Yes,No,No,No,Month-to-month,No,Credit card (automatic),84.2,5974.81,Yes
9982-VLRX,Male,0,No,Yes,1,Yes,Yes,DSL,Yes,Yes,Yes,Yes,No,Yes,Month-to-month,No,Credit card (automatic),99.44,101.77,Yes
5095-TFDB,Male,0,No,Yes,6,Yes,No,No,No internet service,No internet service,No internet service,No internet service,No internet service,No internet service,One year,No,Credit card (automatic),41.65,241.35,Yes
9042-UIKM,Male,0,No,No,37,Yes,Yes,DSL,No,No,No,No,No,Yes,Month-to-month,Yes,Electronic check,84.34,3122.0,Yes
5586-TFDB,Female,1,No,No,49,Yes,No,No,No internet service,No internet service,No internet service,No internet service,No internet service,No internet service,Two year,Yes,Mailed check,35.31,1739.53,No
3690-JBLV,Male,0,No,No,50,Yes,No,Fiber optic,No,No,Yes,No,Yes,No,Two year,No,Bank transfer (automatic),93.14,4655.12,No
4537-CGOW,Female,0,No,Yes,35,Yes,No,Fiber optic,Yes,Yes,Yes,No,No,Yes,One year,Yes,Mailed check,100.82,3521.78,No
3780-QWIU,Male,1,Yes,No,72,Yes,Yes,Fiber optic,No,No,Yes,No,No,Yes,Month-to-month,No,Electronic check,106.29,7655.36,No
8331-FPJD,Female,0,Yes,No,67,Yes,No,Fiber optic,No,No,Yes,No,No,No,Month-to-month,Yes,Bank transfer (automatic),87.17,5834.76,No
6956-QWIU,Male,1,Yes,No,43,Yes,Yes,No,No internet service,No internet service,No internet service,No internet service,No internet service,No internet service,Month-to-month,No,Bank transfer (automatic),50.24,2154.12,No
3708-EMCS,Female,0,No,No,42,Yes,No,DSL,No,Yes,No,No,Yes,Yes,Month-to-month,No,Electronic check,86.38,3627.97,No
1540-SCWQ,Male,0,No,Yes,43,Yes,Yes,Fiber optic,No,No,No,No,No,No,Two year,Yes,Mailed check,95.48,4102.78,No
8192-HVXZ,Female,0,No,No,48,Yes,Yes,No,No internet service,No internet service,No internet service,No internet service,No internet service,No internet service,Month-to-month,Yes,Mailed check,48.89,2341.28,Yes
5282-IYEK,Female,0,No,No,53,Yes,No,DSL,No,No,Yes,Yes,No,No,One year,No,Mailed check,71.34,3781.71,No
7972-VLRX,Female,0,No,No,39,Yes,No,DSL,No,No,No,No,No,Yes,Month-to-month,Yes,Bank transfer (automatic),77.21,3008.52,No
6779-TFDB,Female,0,No,No,17,No,No phone service,DSL,Yes,No,No,Yes,Yes,Yes,Month-to-month,Yes,Electronic check,80.55,1364.64,Yes
4258-BDHL,Male,0,Yes,No,41,Yes,Yes,Fiber optic,No,No,No,Yes,No,No,Two year,Yes,Bank transfer (automatic),102.97,4222.65,No
1529-HVXZ,Female,0,Yes,Yes,13,No,No phone service,DSL,Yes,No,Yes,Yes,No,No,Month-to-month,Yes,Credit card (automatic),59.6,765.94,No
1464-QWIU,Female,0,No,No,17,Yes,No,No,No internet service,No internet service,No internet service,No internet service,No internet service,No internet service,Month-to-month,Yes,Mailed check,41.74,709.69,Yes
2887-TFDB,Male,0,Yes,No,44,Yes,Yes,DSL,Yes,Yes,No,Yes,No,No,Two year,Yes,Mailed check,91.05,4006.07,No
6191-KESG,Female,0,No,Yes,30,Yes,Yes,Fiber optic,No,Yes,No,No,No,No,Two year,Yes,Bank transfer (automatic),93.56,2805.33,Yes
5380-EMCS,Female,0,No,No,65,Yes,Yes,Fiber optic,Yes,No,Yes,Yes,Yes,No,Month-to-month,Yes,Bank transfer (automatic),118.75,7716.52,Yes
5531-XRFT,Female,1,No,No,25,Yes,Yes,Fiber optic,Yes,No,No,Yes,No,No,Month-to-month,Yes,Mailed check,109.19,2730.36,Yes
3043-KESG,Female,0,No,No,62,Yes,No,DSL,No,No,No,No,Yes,Yes,Month-to-month,No,Mailed check,84.52,5233.16,Yes
1614-WOYI,Female,0,Yes,Yes,2,Yes,No,Fiber optic,No,No,Yes,No,Yes,Yes,Two year,No,Electronic check,103.04,205.52,Yes
2920-ZXTP,Male,0,Yes,No,53,Yes,Yes,Fiber optic,Yes,No,Yes,No,No,Yes,Month-to-month,No,Mailed check,111.51,5912.56,No
8706-FPJD,Female,0,No,Yes,3,Yes,Yes,DSL,No,No,Yes,No,Yes,Yes,Month-to-month,No,Credit card (automatic),92.95,279.97,Yes
5569-AAAA,Male,1,No,Yes,4,No,No phone service,Fiber optic,No,No,Yes,Yes,Yes,No,Month-to-month,Yes,Credit card (automatic),85.36,338.6,Yes
5137-SCWQ,Female,1,No,No,20,Yes,No,No,No internet service,No internet service,No internet service,No internet service,No internet service,No internet service,One year,No,Electronic check,41.6,826.04,Yes
1060-MKGC,Female,0,Yes,No,43,Yes,Yes,No,No internet service,No internet service,No internet service,No internet service,No internet service,No internet service,Two year,No,Credit card (automatic),51.65,2219.08,No
3772-AAAA,Male,0,Yes,Yes,40,Yes,No,DSL,No,No,No,Yes,Yes,Yes,Two year,No,Credit card (automatic),92.36,3696.93,No
7396-UIKM,Male,0,No,No,39,Yes,No,Fiber optic,Yes,No,Yes,No,Yes,Yes,Month-to-month,Yes,Mailed check,112.88,4392.87,Yes
9389-XRFT,Female,0,Yes,Yes,63,Yes,Yes,Fiber optic,No,Yes,No,No,No,Yes,Month-to-month,No,Electronic check,106.31,6692.66,Yes
5591-XRFT,Female,0,No,No,65,Yes,No,No,No internet service,No internet service,No internet service,No internet service,No internet service,No internet service,One year,Yes,Electronic check,42.21,2748.61,No
4398-TFDB,Female,0,Yes,No,1,Yes,No,No,No internet service,No internet service,No internet service,No internet service,No internet service,No internet service,Month-to-month,Yes,Electronic check,41.55,41.6,Yes
2987-OQUY,Female,0,Yes,No,42,Yes,Yes,Fiber optic,No,No,Yes,No,No,No,One year,Yes,Mailed check,93.8,3943.42,No
8206-RZPF,Male,1,No,No,63,Yes,No,Fiber optic,No,No,No,Yes,No,Yes,Two year,Yes,Electronic check,103.42,6520.79,No
1717-CGOW,Male,0,Yes,No,27,No,No phone service,Fiber optic,No,Yes,No,No,Yes,Yes,Month-to-month,Yes,Mailed check,84.02,2271.84,Yes
4701-TFDB,Female,0,No,No,5,Yes,No,DSL,No,Yes,No,No,No,Yes,One year,No,Mailed check,78.18,387.2,No
2240-OQUY,Male,0,Yes,No,59,Yes,No,DSL,No,No,No,No,No,No,Month-to-month,Yes,Credit card (automatic),64.68,3810.74,No
6037-ZXTP,Female,0,Yes,Yes,60,Yes,Yes,DSL,No,No,Yes,Yes,Yes,No,Two year,Yes,Electronic check,90.28,5411.08,No
6745-TFDB,Female,0,No,Yes,15,Yes,No,Fiber optic,No,No,Yes,Yes,No,Yes,Month-to-month,No,Credit card (automatic),104.96,1569.3,Yes
4765-WOYI,Male,0,No,No,71,Yes,No,Fiber optic,Yes,No,No,No,No,No,Month-to-month,Yes,Mailed check,92.9,6601.14,Yes
3013-EMCS,Female,0,Yes,Yes,12,Yes,Yes,DSL,No,Yes,No,Yes,Yes,No,One year,Yes,Bank transfer (automatic),96.45,1156.02,No
9706-DJVH,Female,0,Yes,Yes,21,Yes,No,No,No internet service,No internet service,No internet service,No internet service,No internet service,No internet service,Two year,No,Bank transfer (automatic),40.81,862.49,No
2636-TFDB,Female,0,No,No,4,Yes,No,DSL,Yes,No,No,Yes,Yes,No,Month-to-month,Yes,Bank transfer (automatic),89.48,351.34,Yes
6395-NNNN,Female,0,No,No,65,Yes,Yes,No,No internet service,No internet service,No internet service,No internet service,No internet service,No internet service,One year,No,Electronic check,51.02,3320.86,No
8922-PTBJ,Male,0,Yes,No,18,Yes,Yes,Fiber optic,Yes,No,No,No,No,Yes,Two year,No,Bank transfer (automatic),112.17,2018.99,No
8455-NNNN,Female,0,No,No,61,Yes,No,Fiber optic,No,Yes,Yes,Yes,Yes,No,Month-to-month,Yes,Electronic check,103.38,6304.32,Yes
1870-MKGC,Female,0,Yes,No,11,No,No phone service,Fiber optic,Yes,No,No,Yes,No,Yes,Month-to-month,Yes,Credit card (automatic),89.36,983.88,Yes
4677-BDHL,Male,0,Yes,No,34,Yes,Yes,Fiber optic,No,No,Yes,No,Yes,No,Two year,No,Mailed check,101.02,3425.71,Yes
8227-XRFT,Male,0,Yes,No,45,Yes,No,Fiber optic,No,No,No,No,Yes,Yes,Month-to-month,No,Mailed check,104.95,4723.19,Yes
5595-TFDB,Female,0,No,Yes,21,Yes,No,DSL,No,No,Yes,Yes,No,No,Month-to-month,No,Electronic check,73.53,1533.71,Yes
3302-HVXZ,Male,0,No,Yes,34,Yes,No,Fiber optic,Yes,Yes,No,No,No,Yes,Two year,No,Mailed check,102.49,3473.78,Yes
9307-CGOW,Female,0,Yes,Yes,70,Yes,No,No,No internet service,No internet service,No internet service,No internet service,No internet service,No internet service,Two year,No,Bank transfer (automatic),41.13,2873.53,No
2271-VLRX,Male,0,No,No,21,Yes,No,Fiber optic,No,No,No,No,Yes,Yes,One year,No,Electronic check,96.68,2028.22,Yes
3256-HVXZ,Female,0,Yes,No,52,Yes,No,DSL,No,Yes,No,No,Yes,No,Month-to-month,Yes,Electronic check,76.02,3949.81,Yes
6153-DJVH,Male,0,No,No,23,Yes,No,No,No internet service,No internet service,No internet service,No internet service,No internet service,No internet service,One year,No,Bank transfer (automatic),39.27,900.1,No
3141-ZXTP,Female,0,Yes,No,41,Yes,Yes,DSL,Yes,No,No,No,No,No,One year,Yes,Mailed check,83.77,3431.66,No
6730-GSQO,Female,0,No,No,25,No,No phone service,Fiber optic,Yes,No,No,Yes,No,No,One year,Yes,Credit card (automatic),78.99,1975.65,Yes
8135-IYEK,Female,1,No,Yes,61,Yes,Yes,No,No internet service,No internet service,No internet service,No internet service,No internet service,No internet service,Two year,Yes,Mailed check,54.53,3321.42,No
6911-XRFT,Female,1,No,No,44,Yes,No,No,No internet service,No internet service,No internet service,No internet service,No internet service,No internet service,One year,Yes,Bank transfer (automatic),40.06,1758.5,Yes
1688-KESG,Male,0,Yes,Yes,52,Yes,Yes,Fiber optic,No,No,Yes,No,Yes,Yes,Month-to-month,Yes,Bank transfer (automatic),112.89,5867.2,No
1506-NNNN,Male,0,Yes,No,48,Yes,Yes,Fiber optic,Yes,Yes,No,No,No,No,One year,Yes,Mailed check,101.59,4867.35,Yes
7496-XRFT,Female,0,Yes,No,13,Yes,Yes,DSL,No,Yes,No,No,Yes,Yes,Two year,Yes,Mailed check,95.25,1242.03,No
9190-DJVH,Male,1,Yes,Yes,47,Yes,Yes,Fiber optic,Yes,No,No,No,No,Yes,Two year,Yes,Electronic check,117.12,5503.38,Yes
4237-HVXZ,Female,0,No,Yes,48,Yes,No,No,No internet service,No internet service,No internet service,No internet service,No internet service,No internet service,One year,No,Mailed check,38.31,1838.42,No
9106-FPJD,Female,1,Yes,Yes,68,Yes,Yes,No,No internet service,No internet service,No internet service,No internet service,No internet service,No internet service,Month-to-month,No,Electronic check,52.43,3564.46,No
6851-JBLV,Male,1,No,Yes,36,Yes,No,Fiber optic,No,No,No,Yes,No,No,Two year,Yes,Electronic check,95.87,3450.43,No
6969-UIKM,Male,0,No,No,21,Yes,No,DSL,No,Yes,No,Yes,No,No,Month-to-month,Yes,Credit card (automatic),74.78,1574.18,No
4005-OQUY,Male,0,No,Yes,43,Yes,No,Fiber optic,No,Yes,No,Yes,No,Yes,Month-to-month,Yes,Electronic check,104.42,4487.25,No
8967-LHZR,Female,1,No,No,27,Yes,No,DSL,No,Yes,Yes,No,No,No,Month-to-month,Yes,Bank transfer (automatic),67.2,1823.84,Yes
7525-YUME,Female,0,No,No,63,Yes,Yes,Fiber optic,Yes,Yes,No,No,Yes,Yes,Two year,No,Credit card (automatic),118.75,7478.88,No
3566-OQUY,Male,0,No,No,72,Yes,Yes,Fiber optic,No,No,No,No,Yes,No,Month-to-month,No,Electronic check,102.74,7395.78,Yes
6855-LHZR,Female,0,Yes,Yes,4,Yes,No,Fiber optic,No,No,No,No,Yes,No,Month-to-month,No,Credit card (automatic),94.21,378.87,Yes
9219-SCWQ,Male,0,No,No,59,No,No phone service,Fiber optic,No,Yes,No,Yes,No,No,Two year,Yes,Bank transfer (automatic),69.63,4115.44,No
3053-EMCS,Female,0,No,No,4,No,No phone service,No,No internet service,No internet service,No internet service,No internet service,No internet service,No internet service,Two year,No,Mailed check,19.44,78.47,No
1340-QWIU,Male,1,Yes,No,60,No,No phone service,DSL,Yes,Yes,No,No,No,Yes,Month-to-month,Yes,Electronic check,64.05,3845.33,Yes
9828-QWIU,Female,0,No,No,57,Yes,No,Fiber optic,No,Yes,No,Yes,Yes,No,Month-to-month,No,Electronic check,105.49,6012.13,Yes
3610-SCWQ,Male,0,Yes,No,5,Yes,No,DSL,No,Yes,No,No,Yes,No,Month-to-month,Yes,Bank transfer (automatic),75.97,373.84,Yes
7159-GSQO,Male,0,No,Yes,11,Yes,Yes,Fiber optic,No,No,No,No,No,No,Month-to-month,Yes,Mailed check,94.42,1038.71,Yes
6176-IYEK,Male,0,Yes,No,1,Yes,No,DSL,Yes,Yes,No,No,No,Yes,Month-to-month,No,Electronic check,82.19,79.39,Yes
2750-OQUY,Female,0,Yes,No,9,Yes,Yes,Fiber optic,No,Yes,Yes,No,Yes,No,Two year,Yes,Electronic check,105.24,941.17,Yes
1464-MKGC,Male,0,No,Yes,42,Yes,Yes,No,No internet service,No internet service,No internet service,No internet service,No internet service,No internet service,Month-to-month,No,Electronic check,47.65,2007.41,Yes
5492-GSQO,Female,0,Yes,No,23,Yes,No,Fiber optic,No,No,No,Yes,No,Yes,Month-to-month,Yes,Credit card (automatic),104.55,2407.59,Yes
3032-ZXTP,Female,0,Yes,No,48,Yes,No,Fiber optic,Yes,No,No,No,No,No,Month-to-month,No,Credit card (automatic),94.34,4525.63,Yes
1697-FPJD,Female,0,No,No,32,Yes,Yes,DSL,No,No,Yes,Yes,No,No,One year,No,Mailed check,83.45,2666.06,No
2094-FPJD,Male,0,No,No,25,Yes,No,DSL,No,No,No,No,Yes,No,Month-to-month,Yes,Bank transfer (automatic),73.63,1835.91,No
1924-SCWQ,Female,0,Yes,Yes,42,Yes,Yes,Fiber optic,No,No,No,No,Yes,No,One year,Yes,Mailed check,104.93,4412.16,No
1580-PTBJ,Female,1,Yes,No,61,Yes,Yes,No,No internet service,No internet service,No internet service,No internet service,No internet service,No internet service,Month-to-month,No,Credit card (automatic),46.85,2853.84,Yes
1120-RZPF,Female,0,Yes,No,48,Yes,No,No,No internet service,No internet service,No internet service,No internet service,No internet service,No internet service,Month-to-month,No,Credit card (automatic),39.64,1906.87,No
7132-OQUY,Male,0,Yes,No,10,Yes,No,Fiber optic,Yes,No,Yes,No,Yes,No,Month-to-month,Yes,Bank transfer (automatic),101.66,1012.31,Yes
8239-MKGC,Female,0,No,No,13,Yes,Yes,No,No internet service,No internet service,No internet service,No internet service,No internet service,No internet service,One year,Yes,Electronic check,48.46,625.75,Yes
6016-RZPF,Female,0,No,No,25,Yes,No,DSL,No,No,No,No,Yes,Yes,Month-to-month,No,Electronic check,85.25,2126.09,Yes
1770-BDHL,Male,0,Yes,No,39,Yes,No,No,No internet service,No internet service,No internet service,No internet service,No internet service,No internet service,Month-to-month,Yes,Mailed check,40.05,1561.36,Yes
1808-VLRX,Male,0,No,No,1,Yes,No,No,No internet service,No internet service,No internet service,No internet service,No internet service,No internet service,One year,No,Credit card (automatic),42.71,37.01,No
5082-OQUY,Male,0,Yes,No,28,Yes,No,Fiber optic,Yes,Yes,No,Yes,Yes,No,One year,Yes,Electronic check,109.99,3074.59,Yes
4701-WOYI,Male,0,No,Yes,25,Yes,No,Fiber optic,No,Yes,Yes,No,Yes,No,One year,Yes,Bank transfer (automatic),94.28,2361.09,No
1848-DJVH,Female,0,No,No,1,Yes,Yes,DSL,No,Yes,No,Yes,Yes,No,Month-to-month,No,Mailed check,91.46,98.42,No
6619-SCWQ,Male,0,No,No,71,No,No phone service,DSL,No,No,No,Yes,Yes,No,Two year,Yes,Credit card (automatic),58.76,4178.23,No
6889-RZPF,Female,1,No,No,30,Yes,Yes,Fiber optic,No,Yes,Yes,No,No,No,Month-to-month,No,Bank transfer (automatic),102.05,3060.7,Yes
8776-EMCS,Male,0,Yes,Yes,72,Yes,No,No,No internet service,No internet service,No internet service,No internet service,No internet service,No internet service,Month-to-month,No,Credit card (automatic),38.98,2804.96,Yes
8178-DJVH,Female,0,No,No,9,Yes,Yes,No,No internet service,No internet service,No internet service,No internet service,No internet service,No internet service,Month-to-month,Yes,Electronic check,48.1,430.05,Yes
3682-MKGC,Male,0,No,Yes,22,Yes,Yes,Fiber optic,No,Yes,No,Yes,No,Yes,Two year,Yes,Mailed check,117.66,2588.36,No
6518-KESG,Male,0,No,No,1,Yes,Yes,Fiber optic,No,No,No,Yes,Yes,No,Month-to-month,No,Bank transfer (automatic),111.76,105.29,Yes
4335-LHZR,Female,0,No,No,34,Yes,No,Fiber optic,No,No,No,Yes,No,No,Month-to-month,Yes,Electronic check,92.8,3148.4,Yes
5424-HVXZ,Female,0,No,Yes,29,No,No phone service,Fiber optic,Yes,Yes,No,No,Yes,Yes,Two year,Yes,Electronic check,94.81,2756.18,No
2641-DJVH,Female,1,Yes,No,60,Yes,Yes,Fiber optic,Yes,Yes,No,No,No,No,One year,No,Electronic check,102.92,6177.09,Yes
1375-AAAA,Male,0,Yes,No,2,Yes,No,Fiber optic,Yes,No,Yes,No,Yes,Yes,Month-to-month,Yes,Electronic check,110.94,227.75,Yes
8619-PTBJ,Male,1,No,No,2,Yes,Yes,DSL,No,No,No,Yes,No,No,Month-to-month,Yes,Bank transfer (automatic),84.69,167.95,Yes
8117-ZXTP,Male,0,No,No,65,Yes,Yes,Fiber optic,No,No,No,No,No,Yes,Month-to-month,Yes,Bank transfer (automatic),112.12,7294.11,Yes
4237-IYEK,Male,1,No,No,70,Yes,No,Fiber optic,Yes,No,No,No,No,No,Month-to-month,No,Bank transfer (automatic),91.28,6391.15,Yes
9861-FPJD,Male,0,No,Yes,35,Yes,Yes,No,No internet service,No internet service,No internet service,No internet service,No internet service,No internet service,Month-to-month,No,Electronic check,45.34,1586.69,Yes
2015-CGOW,Male,0,No,No,20,Yes,Yes,Fiber optic,No,No,No,Yes,Yes,Yes,One year,Yes,Electronic check,118.75,2370.7,Yes
2307-ZXTP,Male,0,No,No,10,Yes,Yes,Fiber optic,No,Yes,No,No,No,Yes,Two year,Yes,Mailed check,109.08,1087.96,No
8052-TFDB,Female,0,No,No,37,No,No phone service,DSL,No,Yes,No,No,No,No,Month-to-month,Yes,Mailed check,44.64,1648.77,No
8365-ZXTP,Female,0,Yes,No,27,Yes,No,Fiber optic,Yes,Yes,No,No,Yes,No,One year,No,Mailed check,101.55,2751.56,Yes
2191-JBLV,Male,0,No,No,53,Yes,No,DSL,No,No,Yes,No,Yes,No,Two year,Yes,Electronic check,74.62,3954.3,No
9543-LHZR,Female,0,No,Yes,25,Yes,No,No,No internet service,No internet service,No internet service,No internet service,No internet service,No internet service,One year,No,Electronic check,39.97,992.29,Yes
5224-UIKM,Female,0,No,No,58,No,No phone service,Fiber optic,Yes,No,Yes,No,No,No,Month-to-month,Yes,Bank transfer (automatic),76.98,4464.34,No
8797-BDHL,Female,0,No,No,44,Yes,Yes,No,No internet service,No internet service,No internet service,No internet service,No internet service,No internet service,One year,No,Bank transfer (automatic),50.35,2219.93,No
6988-KESG,Female,0,No,No,48,No,No phone service,No,No internet service,No internet service,No internet service,No internet service,No internet service,No internet service,Month-to-month,Yes,Bank transfer (automatic),18.25,879.33,No
7150-QWIU,Female,0,Yes,No,59,Yes,Yes,No,No internet service,No internet service,No internet service,No internet service,No internet service,No internet service,Two year,No,Electronic check,52.22,3082.63,No
9090-CGOW,Male,0,Yes,No,7,Yes,Yes,Fiber optic,No,No,No,No,Yes,No,Month-to-month,No,Bank transfer (automatic),103.74,736.43,Yes
5916-AAAA,Male,0,Yes,No,57,Yes,No,Fiber optic,Yes,No,No,No,No,No,Month-to-month,Yes,Electronic check,93.36,5330.38,Yes
5402-CGOW,Female,0,No,No,57,Yes,No,Fiber optic,Yes,Yes,Yes,Yes,No,No,Month-to-month,Yes,Mailed check,102.78,5864.14,Yes
2274-ZXTP,Female,1,Yes,No,59,No,No phone service,No,No internet service,No internet service,No internet service,No internet service,No internet service,No internet service,Two year,No,Bank transfer (automatic),18.25,1077.25,No
2814-JBLV,Male,0,Yes,No,66,No,No phone service,DSL,No,No,No,Yes,No,No,Month-to-month,No,Electronic check,56.02,3701.05,Yes
3063-PTBJ,Male,0,Yes,Yes,27,Yes,No,No,No internet service,No internet service,No internet service,No internet service,No internet service,No internet service,Month-to-month,Yes,Credit card (automatic),38.39,1034.11,No
7530-QWIU,Male,0,No,No,72,Yes,No,DSL,No,No,No,Yes,No,No,Month-to-month,Yes,Electronic check,75.06,5397.41,No
5689-XRFT,Male,1,No,No,25,Yes,Yes,No,No internet service,No internet service,No internet service,No internet service,No internet service,No internet service,One year,No,Electronic check,49.62,1238.58,Yes
1249-MKGC,Female,0,Yes,Yes,1,Yes,No,No,No internet service,No internet service,No internet service,No internet service,No internet service,No internet service,Month-to-month,No,Mailed check,39.89,33.9,Yes
3327-QWIU,Female,0,No,No,37,Yes,No,Fiber optic,Yes,Yes,Yes,No,No,No,Month-to-month,Yes,Electronic check,91.9,3412.89,Yes
6901-WOYI,Female,1,No,No,29,Yes,Yes,No,No internet service,No internet service,No internet service,No internet service,No internet service,No internet service,Two year,Yes,Bank transfer (automatic),50.11,1460.56,Yes
9435-PTBJ,Female,0,Yes,Yes,2,Yes,Yes,No,No internet service,No internet service,No internet service,No internet service,No internet service,No internet service,Month-to-month,No,Electronic check,52.58,109.25,Yes
7426-XRFT,Male,1,No,Yes,14,Yes,No,DSL,Yes,No,No,No,No,No,Month-to-month,Yes,Electronic check,68.68,969.78,No
1294-WOYI,Female,1,No,No,13,Yes,Yes,Fiber optic,Yes,Yes,Yes,No,Yes,No,Two year,Yes,Bank transfer (automatic),108.37,1409.4,No
1703-UIKM,Female,1,No,No,38,Yes,No,DSL,No,Yes,No,Yes,No,No,Two year,Yes,Electronic check,74.01,2810.36,No
9130-RZPF,Male,0,Yes,No,58,Yes,No,No,No internet service,No internet service,No internet service,No internet service,No internet service,No internet service,Two year,Yes,Mailed check,45.45,2634.31,No
4250-HVXZ,Male,0,No,No,59,Yes,Yes,No,No internet service,No internet service,No internet service,No internet service,No internet service,No internet service,Month-to-month,Yes,Electronic check,50.62,2987.19,Yes
3161-IYEK,Male,0,No,No,28,Yes,No,No,No internet service,No internet service,No internet service,No internet service,No internet service,No internet service,Month-to-month,Yes,Credit card (automatic),40.76,1143.17,Yes
6449-XRFT,Female,0,No,No,4,Yes,No,DSL,No,No,Yes,No,Yes,Yes,Month-to-month,Yes,Electronic check,85.14,348.85,Yes
9676-RZPF,Female,0,No,Yes,50,Yes,Yes,DSL,Yes,No,Yes,No,Yes,No,Month-to-month,No,Mailed check,93.52,4677.72,Yes
4330-NNNN,Male,0,No,No,19,Yes,Yes,No,No internet service,No internet service,No internet service,No internet service,No internet service,No internet service,Month-to-month,Yes,Mailed check,49.19,940.59,Yes
5875-WOYI,Female,1,No,No,69,Yes,Yes,Fiber optic,Yes,No,Yes,Yes,No,No,Two year,No,Bank transfer (automatic),108.75,7506.23,No
3646-OQUY,Female,0,Yes,Yes,43,No,No phone service,DSL,Yes,No,No,No,Yes,No,Month-to-month,Yes,Electronic check,60.71,2608.17,Yes
7316-RZPF,Female,0,Yes,No,54,Yes,Yes,No,No internet service,No internet service,No internet service,No internet service,No internet service,No internet service,Two year,Yes,Credit card (automatic),54.67,2950.92,No
2134-OQUY,Male,1,No,No,23,Yes,No,Fiber optic,Yes,No,No,No,No,Yes,Month-to-month,Yes,Electronic check,103.54,2379.04,Yes
8833-CGOW,Female,1,No,No,37,Yes,No,Fiber optic,No,Yes,No,No,Yes,Yes,Month-to-month,Yes,Electronic check,103.41,3820.26,Yes
9558-CGOW,Female,0,No,No,32,Yes,Yes,Fiber optic,Yes,No,No,Yes,Yes,No,One year,Yes,Electronic check,118.75,3807.22,No
1992-SCWQ,Female,0,No,No,20,Yes,Yes,No,No internet service,No internet service,No internet service,No internet service,No internet service,No internet service,Month-to-month,Yes,Credit card (automatic),49.29,988.42,No
4092-JBLV,Female,0,No,Yes,26,Yes,No,No,No internet service,No internet service,No internet service,No internet service,No internet service,No internet service,Month-to-month,Yes,Credit card (automatic),42.48,1097.42,Yes
9817-VLRX,Male,1,Yes,Yes,13,Yes,No,Fiber optic,Yes,No,Yes,Yes,No,Yes,Month-to-month,No,Bank transfer (automatic),110.56,1436.48,Yes
1956-AAAA,Female,0,No,Yes,53,Yes,Yes,No,No internet service,No internet service,No internet service,No internet service,No internet service,No internet service,Month-to-month,Yes,Mailed check,49.21,2617.31,No
6305-KESG,Male,0,Yes,Yes,27,Yes,No,DSL,No,No,No,Yes,No,Yes,Month-to-month,Yes,Bank transfer (automatic),84.43,2271.96,Yes
9033-IYEK,Female,0,No,No,30,Yes,Yes,No,No internet service,No internet service,No internet service,No internet service,No internet service,No internet service,Month-to-month,Yes,Electronic check,48.15,1438.3,Yes
8630-RZPF,Male,0,No,No,26,Yes,No,Fiber optic,No,Yes,Yes,No,No,Yes,One year,Yes,Mailed check,94.78,2460.67,Yes
6966-WOYI,Female,1,Yes,No,59,No,No phone service,No,No internet service,No internet service,No internet service,No internet service,No internet service,No internet service,One year,No,Mailed check,18.25,1077.46,No
5406-QWIU,Female,0,No,No,50,Yes,No,DSL,Yes,No,No,No,No,Yes,One year,No,Credit card (automatic),83.85,4186.29,No
4253-TFDB,Male,0,Yes,Yes,10,Yes,Yes,No,No internet service,No internet service,No internet service,No internet service,No internet service,No internet service,Month-to-month,No,Electronic check,52.91,522.81,No
7464-IYEK,Male,0,No,No,57,Yes,No,No,No internet service,No internet service,No internet service,No internet service,No internet service,No internet service,Two year,No,Electronic check,38.02,2169.94,No
6238-LHZR,Female,0,Yes,Yes,6,Yes,No,No,No internet service,No internet service,No internet service,No internet service,No internet service,No internet service,Two year,No,Credit card (automatic),37.22,229.34,No
6105-ZXTP,Female,0,Yes,Yes,6,Yes,No,DSL,No,Yes,No,Yes,No,Yes,One year,Yes,Electronic check,82.78,498.66,Yes
7683-OQUY,Male,0,Yes,No,65,Yes,Yes,Fiber optic,No,Yes,No,No,Yes,Yes,Month-to-month,Yes,Electronic check,116.05,7544.86,Yes
9867-KESG,Female,1,Yes,No,11,Yes,No,DSL,No,Yes,Yes,Yes,No,No,Two year,Yes,Credit card (automatic),70.43,775.99,Yes
5992-OQUY,Male,0,Yes,Yes,31,Yes,No,Fiber optic,Yes,No,No,Yes,Yes,No,One year,No,Electronic check,106.99,3322.89,No
6892-KESG,Female,0,Yes,No,32,Yes,No,Fiber optic,Yes,Yes,Yes,No,No,Yes,Two year,Yes,Electronic check,104.82,3365.33,Yes
1569-IYEK,Female,1,Yes,No,59,Yes,No,DSL,Yes,No,Yes,Yes,No,No,One year,Yes,Electronic check,78.07,4609.13,No
4932-KESG,Female,0,Yes,No,40,Yes,No,No,No internet service,No internet service,No internet service,No internet service,No internet service,No internet service,Month-to-month,No,Credit card (automatic),42.56,1700.95,No
5804-EMCS,Female,0,Yes,Yes,5,Yes,No,Fiber optic,Yes,No,Yes,Yes,Yes,Yes,Two year,No,Credit card (automatic),118.75,594.09,No
9092-ZXTP,Male,0,No,No,20,Yes,No,Fiber optic,Yes,No,No,Yes,No,No,Two year,No,Electronic check,97.33,1952.48,No
7585-AAAA,Male,0,Yes,No,48,Yes,Yes,Fiber optic,Yes,No,Yes,Yes,No,No,Month-to-month,No,Credit card (automatic),109.93,5275.89,Yes
8984-TFDB,Female,0,Yes,No,66,Yes,No,DSL,Yes,Yes,No,Yes,No,Yes,One year,Yes,Electronic check,92.52,6105.4,No
7495-TFDB,Female,1,No,No,48,Yes,Yes,Fiber optic,No,Yes,Yes,No,Yes,Yes,Month-to-month,Yes,Mailed check,117.02,5609.43,Yes
4861-GSQO,Male,0,No,No,43,No,No phone service,Fiber optic,No,No,No,No,No,No,Month-to-month,No,Electronic check,65.61,2815.42,Yes
9199-HVXZ,Female,0,No,Yes,11,Yes,Yes,No,No internet service,No internet service,No internet service,No internet service,No internet service,No internet service,Two year,Yes,Credit card (automatic),55.71,613.05,No
2377-PTBJ,Female,0,No,Yes,60,Yes,No,DSL,Yes,No,Yes,Yes,Yes,No,One year,Yes,Mailed check,86.36,5185.01,Yes
3504-ZXTP,Female,0,No,Yes,0,Yes,No,Fiber optic,No,Yes,No,Yes,Yes,No,Month-to-month,Yes,Electronic check,99.8,0.0,Yes
3734-BDHL,Female,0,No,No,60,No,No phone service,Fiber optic,No,No,No,Yes,No,No,Two year,Yes,Electronic check,75.17,4505.75,No
3181-QWIU,Male,0,No,No,67,Yes,No,Fiber optic,Yes,No,No,No,Yes,No,One year,Yes,Electronic check,101.9,6822.35,No
7130-AAAA,Female,0,No,Yes,59,Yes,Yes,DSL,No,Yes,Yes,No,Yes,No,Month-to-month,Yes,Credit card (automatic),87.91,5179.97,No
9706-MKGC,Female,0,Yes,No,29,Yes,No,DSL,Yes,No,Yes,No,Yes,No,Two year,Yes,Electronic check,79.89,2317.3,Yes
8935-YUME,Male,0,No,No,7,No,No phone service,DSL,No,Yes,No,No,Yes,Yes,Two year,No,Credit card (automatic),61.22,423.59,No
7036-XRFT,Female,1,No,No,60,Yes,No,No,No internet service,No internet service,No internet service,No internet service,No internet service,No internet service,One year,Yes,Electronic check,36.17,2172.31,No
7362-MKGC,Female,0,Yes,Yes,49,Yes,Yes,Fiber optic,No,No,No,No,Yes,Yes,Month-to-month,Yes,Credit card (automatic),114.88,5642.0,No
6119-KESG,Male,0,Yes,Yes,12,Yes,Yes,Fiber optic,No,No,Yes,Yes,Yes,No,Month-to-month,No,Electronic check,113.68,1365.64,Yes
8679-JBLV,Female,0,No,No,58,Yes,Yes,No,No internet service,No internet service,No internet service,No internet service,No internet service,No internet service,Month-to-month,No,Bank transfer (automatic),53.48,3108.11,No
1951-UIKM,Female,0,No,No,60,Yes,No,Fiber optic,No,No,No,No,Yes,Yes,Month-to-month,No,Bank transfer (automatic),103.92,6234.97,Yes
9707-QWIU,Male,1,Yes,Yes,36,Yes,Yes,Fiber optic,No,No,No,No,No,No,Two year,No,Bank transfer (automatic),95.86,3450.43,Yes
5517-BDHL,Female,0,No,No,45,Yes,No,Fiber optic,Yes,No,Yes,No,Yes,Yes,Month-to-month,No,Mailed check,115.07,5184.22,Yes
5757-SCWQ,Female,0,No,No,17,Yes,No,Fiber optic,No,Yes,Yes,No,No,No,Month-to-month,Yes,Mailed check,85.9,1463.97,Yes
2853-ZXTP,Male,0,Yes,Yes,65,No,No phone service,No,No internet service,No internet service,No internet service,No internet service,No internet service,No internet service,Two year,Yes,Credit card (automatic),20.7,1349.01,No
8095-UIKM,Female,0,No,No,27,Yes,No,No,No internet service,No internet service,No internet service,No internet service,No internet service,No internet service,One year,Yes,Bank transfer (automatic),43.76,1178.42,Yes
4953-CGOW,Female,0,Yes,No,20,No,No phone service,Fiber optic,No,No,Yes,No,No,No,Two year,No,Bank transfer (automatic),64.85,1302.94,Yes
9605-DJVH,Female,0,Yes,No,18,Yes,No,DSL,Yes,No,No,No,No,No,Two year,Yes,Credit card (automatic),71.08,1267.35,No
2212-AAAA,Female,0,Yes,No,24,Yes,Yes,DSL,No,No,No,Yes,Yes,No,Month-to-month,Yes,Mailed check,97.5,2337.45,Yes
1062-JBLV,Male,0,Yes,Yes,21,Yes,Yes,No,No internet service,No internet service,No internet service,No internet service,No internet service,No internet service,Month-to-month,No,Electronic check,51.91,1089.23,Yes
5120-ZXTP,Male,0,No,No,43,Yes,No,DSL,No,No,No,No,Yes,Yes,Two year,No,Electronic check,87.88,3786.86,No
3679-WOYI,Female,0,Yes,No,6,Yes,Yes,No,No internet service,No internet service,No internet service,No internet service,No internet service,No internet service,Two year,No,Electronic check,46.35,280.78,No
8870-UIKM,Male,0,Yes,Yes,6,Yes,No,DSL,Yes,Yes,No,No,No,Yes,One year,No,Bank transfer (automatic),85.31,509.57,No
4183-TFDB,Male,0,No,No,55,No,No phone service,DSL,Yes,Yes,No,Yes,No,No,Month-to-month,Yes,Mailed check,58.85,3233.79,No
7299-TFDB,Female,0,Yes,No,22,Yes,No,No,No internet service,No internet service,No internet service,No internet service,No internet service,No internet service,Two year,Yes,Electronic check,36.84,816.56,Yes
7566-AAAA,Male,0,No,Yes,46,Yes,No,DSL,No,Yes,No,Yes,No,No,Month-to-month,Yes,Electronic check,73.85,3402.45,Yes
5774-OQUY,Female,0,Yes,Yes,15,No,No phone service,Fiber optic,No,No,Yes,No,No,Yes,Month-to-month,No,Bank transfer (automatic),73.47,1109.37,Yes
5435-FPJD,Female,0,No,No,26,Yes,No,DSL,No,Yes,No,Yes,Yes,Yes,Month-to-month,Yes,Electronic check,90.9,2362.27,Yes
9001-SCWQ,Female,0,No,Yes,6,Yes,No,DSL,No,No,No,Yes,No,No,Month-to-month,Yes,Electronic check,73.87,451.16,Yes
8751-KESG,Female,0,No,No,5,Yes,No,Fiber optic,No,No,Yes,No,No,No,Month-to-month,Yes,Electronic check,79.97,407.21,Yes
7356-MKGC,Female,1,No,No,42,Yes,No,No,No internet service,No internet service,No internet service,No internet service,No internet service,No internet service,Month-to-month,No,Credit card (automatic),38.38,1617.37,No
5066-NNNN,Male,1,Yes,No,60,Yes,No,No,No internet service,No internet service,No internet service,No internet service,No internet service,No internet service,Month-to-month,No,Bank transfer (automatic),44.33,2664.56,Yes
6917-HVXZ,Female,0,No,Yes,66,Yes,Yes,Fiber optic,No,No,No,No,Yes,Yes,Month-to-month,No,Electronic check,112.43,7422.17,No
2431-MKGC,Male,0,Yes,No,31,Yes,Yes,Fiber optic,No,No,Yes,Yes,Yes,Yes,Two year,No,Electronic check,118.75,3681.33,No
4594-CGOW,Male,0,Yes,No,48,Yes,No,DSL,Yes,Yes,Yes,Yes,No,No,Two year,Yes,Bank transfer (automatic),77.72,3724.16,No
2177-NNNN,Female,0,No,No,40,Yes,Yes,Fiber optic,No,No,No,Yes,No,No,Month-to-month,Yes,Bank transfer (automatic),102.13,4085.63,Yes
6850-JBLV,Female,0,Yes,No,68,Yes,No,DSL,No,Yes,Yes,Yes,Yes,No,Two year,Yes,Credit card (automatic),86.53,5878.86,No
9761-JBLV,Female,0,Yes,No,0,Yes,Yes,No,No internet service,No internet service,No internet service,No internet service,No internet service,No internet service,Month-to-month,No,Bank transfer (automatic),51.06,0.0,Yes
1094-OQUY,Male,0,Yes,No,68,Yes,No,No,No internet service,No internet service,No internet service,No internet service,No internet service,No internet service,Two year,Yes,Electronic check,40.47,2760.39,No
4676-VLRX,Male,0,Yes,No,59,Yes,No,No,No internet service,No internet service,No internet service,No internet service,No internet service,No internet service,One year,No,Electronic check,36.35,2143.38,No
6989-TFDB,Male,0,No,No,72,Yes,Yes,Fiber optic,No,No,No,Yes,Yes,No,Two year,Yes,Credit card (automatic),112.37,8093.8,No
6704-DJVH,Female,0,Yes,No,34,Yes,No,Fiber optic,No,No,Yes,No,No,Yes,Month-to-month,Yes,Bank transfer (automatic),94.09,3196.71,Yes
3719-YUME,Male,0,No,No,70,Yes,No,DSL,Yes,No,No,Yes,Yes,Yes,Two year,Yes,Mailed check,98.45,6888.32,No
1663-SCWQ,Male,0,No,No,30,Yes,No,Fiber optic,No,No,No,No,Yes,No,Month-to-month,Yes,Mailed check,98.63,2958.26,Yes
6523-SCWQ,Male,0,Yes,No,68,Yes,No,No,No internet service,No internet service,No internet service,No internet service,No internet service,No internet service,Month-to-month,No,Bank transfer (automatic),39.86,2714.73,Yes
5422-QWIU,Male,0,Yes,No,1,Yes,Yes,No,No internet service,No internet service,No internet service,No internet service,No internet service,No internet service,Month-to-month,Yes,Mailed check,51.74,46.8,Yes
4630-IYEK,Male,0,No,No,47,Yes,Yes,DSL,No,No,No,No,Yes,No,One year,Yes,Electronic check,87.92,4134.5,Yes
9808-JBLV,Male,0,Yes,Yes,25,Yes,No,Fiber optic,No,No,No,Yes,No,No,Month-to-month,Yes,Electronic check,95.24,2377.72,Yes
2812-HVXZ,Male,1,No,No,21,Yes,No,No,No internet service,No internet service,No internet service,No internet service,No internet service,No internet service,Month-to-month,Yes,Electronic check,43.82,919.44,Yes
7674-VLRX,Male,0,Yes,No,29,Yes,No,DSL,No,Yes,Yes,No,No,No,Month-to-month,Yes,Electronic check,68.09,1970.22,Yes
4426-RZPF,Female,0,No,No,21,Yes,Yes,DSL,No,No,No,No,Yes,No,Two year,Yes,Credit card (automatic),86.21,1821.9,Yes
2073-TFDB,Male,0,No,Yes,3,Yes,No,Fiber optic,Yes,No,No,Yes,No,Yes,One year,No,Mailed check,111.4,336.53,Yes
8262-JBLV,Male,0,No,Yes,70,Yes,Yes,No,No internet service,No internet service,No internet service,No internet service,No internet service,No internet service,Month-to-month,No,Electronic check,45.54,3184.52,No
6295-RZPF,Female,0,Yes,No,38,Yes,No,Fiber optic,No,No,Yes,Yes,Yes,Yes,Two year,No,Bank transfer (automatic),111.25,4234.88,No
3757-LHZR,Female,0,Yes,No,16,Yes,Yes,DSL,No,No,No,No,No,No,Two year,No,Mailed check,72.68,1156.68,Yes
5809-YUME,Female,0,No,No,62,Yes,No,Fiber optic,Yes,No,Yes,Yes,No,No,Two year,No,Bank transfer (automatic),96.24,5966.42,No
1013-LHZR,Female,0,No,Yes,37,Yes,Yes,DSL,Yes,No,Yes,Yes,No,No,Month-to-month,No,Credit card (automatic),89.34,3300.2,No
2058-YUME,Female,0,No,Yes,49,Yes,No,Fiber optic,Yes,No,Yes,No,No,No,Month-to-month,No,Electronic check,92.19,4515.67,Yes
8263-XRFT,Male,0,No,Yes,26,Yes,No,Fiber optic,Yes,No,No,No,No,No,One year,Yes,Bank transfer (automatic),93.03,2413.75,Yes
8135-YUME,Female,1,No,No,36,Yes,Yes,DSL,No,No,No,No,No,Yes,Month-to-month,Yes,Bank transfer (automatic),84.19,3032.3,Yes
4722-RZPF,Male,0,No,Yes,1,Yes,No,Fiber optic,Yes,Yes,No,Yes,Yes,Yes,Two year,Yes,Bank transfer (automatic),118.75,119.17,No
4947-GSQO,Male,1,No,No,16,Yes,No,Fiber optic,Yes,No,No,Yes,Yes,Yes,Month-to-month,Yes,Mailed check,117.81,1880.99,Yes
5997-QWIU,Female,0,No,No,40,Yes,Yes,Fiber optic,Yes,No,No,No,No,No,Month-to-month,Yes,Electronic check,99.87,3994.48,Yes
3660-BDHL,Female,1,Yes,No,38,Yes,No,Fiber optic,No,Yes,No,No,No,Yes,One year,No,Mailed check,93.15,3539.73,Yes
1082-GSQO,Male,0,No,No,4,Yes,No,DSL,No,No,No,Yes,Yes,Yes,Month-to-month,No,Electronic check,95.87,394.96,Yes
7509-NNNN,Female,1,Yes,No,47,Yes,Yes,Fiber optic,Yes,No,No,No,No,Yes,Two year,No,Electronic check,113.78,5348.24,No
6127-NNNN,Female,0,Yes,No,16,Yes,Yes,No,No internet service,No internet service,No internet service,No internet service,No internet service,No internet service,Two year,Yes,Electronic check,48.11,769.07,No
2294-SCWQ,Female,1,Yes,Yes,42,Yes,Yes,Fiber optic,Yes,No,Yes,No,Yes,Yes,One year,Yes,Bank transfer (automatic),118.75,4984.88,Yes
5620-IYEK,Female,0,No,No,10,Yes,No,Fiber optic,Yes,No,Yes,No,No,No,Two year,Yes,Credit card (automatic),98.96,992.08,Yes
6057-XRFT,Female,0,Yes,No,54,Yes,No,Fiber optic,No,No,Yes,Yes,No,No,Two year,No,Electronic check,91.66,4956.59,No
7704-KESG,Female,0,Yes,No,71,Yes,Yes,Fiber optic,No,No,No,Yes,No,Yes,Two year,No,Credit card (automatic),110.78,7864.64,No
1151-HVXZ,Female,0,No,Yes,28,Yes,Yes,Fiber optic,No,Yes,No,No,Yes,Yes,Two year,Yes,Bank transfer (automatic),112.72,3161.09,Yes
4406-GSQO,Male,0,No,No,19,Yes,No,Fiber optic,No,No,No,No,No,No,Two year,No,Mailed check,85.46,1626.96,No
5006-NNNN,Female,0,No,Yes,5,Yes,No,Fiber optic,No,No,No,Yes,No,No,Two year,No,Credit card (automatic),90.53,453.23,No
2871-NNNN,Female,0,Yes,Yes,63,Yes,No,Fiber optic,No,Yes,No,No,Yes,No,One year,Yes,Bank transfer (automatic),95.02,5990.12,No
4073-AAAA,Male,0,No,Yes,71,Yes,No,Fiber optic,Yes,Yes,Yes,No,No,Yes,Month-to-month,No,Mailed check,98.36,6976.8,Yes
4085-MKGC,Female,1,Yes,No,20,Yes,Yes,No,No internet service,No internet service,No internet service,No internet service,No internet service,No internet service,Two year,Yes,Credit card (automatic),53.13,1061.93,No
4645-OQUY,Male,0,No,No,20,Yes,Yes,Fiber optic,Yes,No,No,Yes,Yes,No,One year,No,Electronic check,118.75,2374.06,Yes
3446-XRFT,Male,0,Yes,Yes,26,Yes,Yes,DSL,Yes,No,No,Yes,Yes,No,Month-to-month,No,Electronic check,102.57,2673.74,Yes
1596-KESG,Male,1,Yes,No,4,Yes,No,Fiber optic,No,No,Yes,Yes,No,No,One year,No,Bank transfer (automatic),94.82,381.07,Yes
4992-NNNN,Male,0,Yes,Yes,29,Yes,Yes,Fiber optic,Yes,No,No,No,Yes,No,One year,Yes,Electronic check,115.83,3352.87,Yes
1244-MKGC,Male,0,Yes,No,6,Yes,Yes,No,No internet service,No internet service,No internet service,No internet service,No internet service,No internet service,Month-to-month,No,Electronic check,51.94,307.56,Yes
2499-UIKM,Male,0,No,Yes,36,Yes,No,No,No internet service,No internet service,No internet service,No internet service,No internet service,No internet service,Two year,Yes,Electronic check,40.44,1447.57,No
4551-GSQO,Female,1,Yes,No,53,Yes,Yes,No,No internet service,No internet service,No internet service,No internet service,No internet service,No internet service,One year,Yes,Mailed check,51.87,2748.57,No
7370-NNNN,Female,0,No,No,15,Yes,Yes,Fiber optic,No,Yes,No,No,No,No,One year,Yes,Mailed check,93.73,1410.75,No
9014-UIKM,Female,0,No,No,1,Yes,No,No,No internet service,No internet service,No internet service,No internet service,No internet service,No internet service,Two year,Yes,Credit card (automatic),37.45,39.64,No
6780-YUME,Male,0,Yes,No,38,Yes,Yes,Fiber optic,Yes,No,No,No,No,Yes,Two year,Yes,Credit card (automatic),115.7,4401.57,No
3462-KESG,Female,0,No,No,37,Yes,Yes,DSL,Yes,Yes,Yes,No,No,No,Month-to-month,Yes,Bank transfer (automatic),80.08,2960.06,Yes
8805-IYEK,Female,0,Yes,No,15,Yes,No,Fiber optic,No,No,No,No,No,Yes,Month-to-month,No,Bank transfer (automatic),96.01,1438.84,Yes
7031-JBLV,Male,0,No,No,57,Yes,No,Fiber optic,Yes,No,Yes,Yes,No,No,Month-to-month,No,Bank transfer (automatic),101.02,5761.2,Yes
9445-WOYI,Male,0,Yes,No,35,Yes,Yes,Fiber optic,Yes,No,No,Yes,No,Yes,Month-to-month,Yes,Credit card (automatic),118.75,4151.09,Yes
9949-QWIU,Male,1,No,No,49,No,No phone service,DSL,Yes,Yes,No,No,No,No,Month-to-month,No,Electronic check,51.1,2508.0,Yes
3765-QWIU,Male,0,Yes,No,38,Yes,No,DSL,No,Yes,Yes,Yes,No,No,One year,No,Mailed check,78.61,2990.24,No
5530-CGOW,Male,1,Yes,No,8,Yes,No,DSL,No,No,Yes,Yes,No,No,Two year,No,Credit card (automatic),69.97,558.56,No
3120-CGOW,Female,0,No,Yes,35,Yes,No,Fiber optic,No,No,Yes,No,No,Yes,One year,No,Mailed check,97.96,3422.02,Yes
8950-ZXTP,Female,1,Yes,No,34,Yes,No,Fiber optic,No,No,No,Yes,Yes,No,Month-to-month,Yes,Electronic check,100.91,3428.87,Yes
3610-PTBJ,Male,0,Yes,Yes,3,No,No phone service,Fiber optic,No,Yes,No,Yes,No,No,Two year,No,Mailed check,68.63,204.88,Yes
8684-MKGC,Male,0,No,Yes,42,Yes,No,DSL,No,No,Yes,No,No,Yes,One year,No,Electronic check,73.97,3107.31,Yes
7938-OQUY,Male,0,No,Yes,50,Yes,Yes,DSL,Yes,No,No,No,Yes,Yes,Month-to-month,Yes,Mailed check,104.3,5215.39,No
2507-OQUY,Male,0,No,No,58,Yes,No,Fiber optic,No,Yes,No,No,No,No,Month-to-month,Yes,Electronic check,86.41,5006.17,Yes
6490-KESG,Male,0,Yes,No,3,Yes,No,Fiber optic,Yes,No,No,Yes,No,Yes,Two year,Yes,Credit card (automatic),115.74,347.93,Yes
2931-EMCS,Male,0,No,No,16,Yes,No,DSL,No,Yes,No,No,Yes,No,Two year,No,Electronic check,76.04,1219.14,No
5938-KESG,Female,0,No,No,48,Yes,Yes,Fiber optic,Yes,No,Yes,Yes,No,Yes,Month-to-month,Yes,Electronic check,118.75,5700.93,No
5886-HVXZ,Female,0,No,No,4,Yes,Yes,No,No internet service,No internet service,No internet service,No internet service,No internet service,No internet service,Month-to-month,Yes,Mailed check,52.82,202.7,Yes
5547-JBLV,Male,0,No,No,13,No,No phone service,Fiber optic,No,Yes,No,Yes,No,Yes,Month-to-month,Yes,Bank transfer (automatic),84.37,1104.25,Yes
3205-MKGC,Male,0,Yes,No,41,Yes,Yes,DSL,No,No,Yes,Yes,Yes,No,Two year,Yes,Bank transfer (automatic),97.27,3991.11,No
1172-PTBJ,Female,0,Yes,No,11,Yes,Yes,Fiber optic,No,Yes,No,No,No,Yes,Two year,Yes,Electronic check,102.19,1118.58,Yes
7358-PTBJ,Female,0,No,No,49,Yes,No,Fiber optic,No,No,No,No,No,No,Month-to-month,No,Mailed check,88.37,4332.87,Yes
2159-HVXZ,Male,0,No,Yes,35,Yes,Yes,Fiber optic,No,No,Yes,Yes,Yes,Yes,One year,No,Mailed check,118.75,4153.38,Yes
2938-YUME,Male,0,No,No,8,Yes,Yes,Fiber optic,No,No,Yes,No,Yes,No,Month-to-month,Yes,Electronic check,105.93,846.27,Yes
5177-YUME,Female,1,Yes,No,1,No,No phone service,Fiber optic,No,Yes,No,No,No,No,Month-to-month,Yes,Credit card (automatic),64.82,63.24,Yes
4622-XRFT,Male,0,No,No,72,Yes,Yes,No,No internet service,No internet service,No internet service,No internet service,No internet service,No internet service,Month-to-month,No,Electronic check,52.53,3779.26,No
5206-JBLV,Female,0,No,No,7,Yes,No,DSL,Yes,Yes,No,No,No,No,Month-to-month,Yes,Electronic check,78.0,544.72,Yes
9119-PTBJ,Male,0,No,Yes,56,Yes,Yes,DSL,No,No,No,No,Yes,Yes,Month-to-month,No,Credit card (automatic),90.25,5051.06,No
9613-TFDB,Female,0,Yes,No,27,Yes,No,No,No internet service,No internet service,No internet service,No internet service,No internet service,No internet service,Month-to-month,Yes,Bank transfer (automatic),41.67,1125.37,No
5806-AAAA,Male,0,No,No,71,Yes,Yes,No,No internet service,No internet service,No internet service,No internet service,No internet service,No internet service,Month-to-month,Yes,Electronic check,57.86,4108.02,No
4072-YUME,Male,0,No,No,42,No,No phone service,DSL,Yes,No,No,Yes,No,No,Month-to-month,No,Mailed check,58.92,2471.49,Yes
3432-LHZR,Female,0,No,No,53,Yes,Yes,No,No internet service,No internet service,No internet service,No internet service,No internet service,No internet service,Two year,Yes,Electronic check,50.69,2691.2,No
8678-XRFT,Male,0,Yes,No,12,Yes,No,DSL,Yes,Yes,Yes,No,No,No,Month-to-month,No,Credit card (automatic),78.47,938.25,No
9069-YUME,Female,0,Yes,No,46,Yes,Yes,Fiber optic,No,Yes,Yes,No,Yes,No,Month-to-month,Yes,Electronic check,107.31,4929.59,Yes
5627-HVXZ,Male,0,No,No,4,Yes,No,DSL,No,Yes,No,No,No,No,Month-to-month,Yes,Credit card (automatic),64.63,261.4,Yes
9516-HVXZ,Male,0,No,No,2,Yes,No,Fiber optic,No,Yes,No,Yes,No,No,Two year,Yes,Credit card (automatic),92.93,184.69,No
5577-WOYI,Female,0,No,No,49,Yes,No,Fiber optic,No,Yes,Yes,No,Yes,Yes,One year,No,Bank transfer (automatic),107.66,5275.35,Yes
1679-EMCS,Male,0,Yes,No,52,Yes,Yes,Fiber optic,No,No,No,No,No,Yes,One year,Yes,Mailed check,105.79,5503.34,No
9691-GSQO,Male,0,No,Yes,64,Yes,Yes,Fiber optic,Yes,No,Yes,No,No,Yes,Month-to-month,No,Credit card (automatic),111.92,7163.85,No
1987-CGOW,Female,0,No,No,56,Yes,No,No,No internet service,No internet service,No internet service,No internet service,No internet service,No internet service,Month-to-month,No,Electronic check,38.13,2134.44,Yes
4390-DJVH,Female,0,No,Yes,72,Yes,Yes,No,No internet service,No internet service,No internet service,No internet service,No internet service,No internet service,Two year,Yes,Electronic check,49.71,3578.35,No
8992-TFDB,Male,0,Yes,Yes,3,Yes,Yes,DSL,No,Yes,Yes,Yes,No,No,Month-to-month,Yes,Mailed check,81.27,235.24,Yes
3282-KESG,Female,0,Yes,No,8,Yes,Yes,DSL,No,No,Yes,No,No,No,Month-to-month,Yes,Electronic check,73.97,595.28,No
6682-HVXZ,Male,0,No,No,22,Yes,Yes,Fiber optic,Yes,Yes,Yes,No,No,No,Month-to-month,No,Credit card (automatic),100.09,2206.19,Yes
6997-EMCS,Male,0,No,Yes,39,Yes,Yes,DSL,No,No,No,No,Yes,No,Two year,Yes,Electronic check,82.5,3220.25,No
9159-UIKM,Female,0,No,Yes,10,Yes,No,DSL,Yes,No,No,Yes,No,Yes,Month-to-month,Yes,Electronic check,91.77,923.98,Yes
9017-UIKM,Female,1,Yes,No,64,Yes,No,Fiber optic,Yes,No,No,No,Yes,No,One year,Yes,Electronic check,99.4,6362.76,No
3068-UIKM,Female,0,Yes,Yes,35,Yes,No,No,No internet service,No internet service,No internet service,No internet service,No internet service,No internet service,Month-to-month,Yes,Mailed check,37.16,1297.19,Yes
2986-MKGC,Male,0,Yes,No,54,Yes,No,DSL,No,Yes,No,No,No,No,Two year,No,Electronic check,68.05,3672.89,No
2850-FPJD,Male,0,No,No,51,Yes,No,No,No internet service,No internet service,No internet service,No internet service,No internet service,No internet service,Two year,Yes,Credit card (automatic),41.08,2091.69,No
8849-XRFT,Male,0,No,No,12,Yes,No,Fiber optic,Yes,Yes,Yes,Yes,Yes,No,Month-to-month,No,Credit card (automatic),112.76,1349.59,Yes
7961-VLRX,Female,0,No,Yes,62,No,No phone service,Fiber optic,Yes,Yes,No,No,Yes,No,One year,Yes,Credit card (automatic),86.23,5345.56,No
1938-YUME,Female,0,No,No,65,No,No phone service,DSL,Yes,No,No,Yes,Yes,Yes,Month-to-month,Yes,Electronic check,84.25,5467.78,Yes
6392-XRFT,Male,0,Yes,No,68,Yes,Yes,No,No internet service,No internet service,No internet service,No internet service,No internet service,No internet service,Two year,No,Credit card (automatic),46.98,3188.06,No
4446-UIKM,Female,0,Yes,No,3,Yes,No,Fiber optic,Yes,Yes,No,Yes,Yes,No,Month-to-month,No,Credit card (automatic),107.63,313.14,Yes
9120-OQUY,Female,0,No,No,33,Yes,No,Fiber optic,Yes,No,Yes,Yes,Yes,Yes,Two year,Yes,Bank transfer (automatic),118.75,3914.49,No
3327-ZXTP,Female,0,No,No,34,Yes,No,Fiber optic,No,No,Yes,No,No,Yes,One year,Yes,Credit card (automatic),93.56,3189.92,Yes
8604-VLRX,Male,0,Yes,Yes,3,Yes,Yes,Fiber optic,No,No,Yes,No,No,Yes,Month-to-month,No,Bank transfer (automatic),101.75,300.04,Yes
1198-NNNN,Male,1,No,No,30,Yes,Yes,DSL,Yes,Yes,No,Yes,Yes,Yes,One year,Yes,Electronic check,111.32,3340.34,No
6956-QWIU,Male,0,Yes,No,71,Yes,No,DSL,Yes,Yes,No,Yes,No,No,Month-to-month,Yes,Bank transfer (automatic),81.92,5815.77,Yes
8329-IYEK,Female,1,Yes,No,0,Yes,No,No,No internet service,No internet service,No internet service,No internet service,No internet service,No internet service,One year,Yes,Credit card (automatic),40.2,0.0,Yes
5827-WOYI,Male,0,Yes,Yes,6,Yes,Yes,DSL,No,No,No,No,No,Yes,Month-to-month,No,Electronic check,84.93,514.05,Yes
8869-LHZR,Male,0,No,No,7,Yes,Yes,Fiber optic,No,No,Yes,No,No,No,Two year,No,Electronic check,92.97,645.87,No
2260-DJVH,Female,0,No,No,21,Yes,No,No,No internet service,No internet service,No internet service,No internet service,No internet service,No internet service,Month-to-month,No,Mailed check,40.02,833.3,Yes
9966-SCWQ,Male,0,Yes,No,62,Yes,Yes,Fiber optic,No,No,No,No,Yes,Yes,Two year,No,Credit card (automatic),114.43,7098.89,Yes
3653-YUME,Male,0,No,No,0,Yes,Yes,Fiber optic,No,Yes,No,No,Yes,No,Two year,Yes,Bank transfer (automatic),102.81,0.0,Yes
6232-AAAA,Female,0,No,Yes,33,Yes,No,Fiber optic,Yes,No,No,No,No,No,One year,Yes,Credit card (automatic),92.48,3047.08,No
4718-BDHL,Female,0,No,Yes,49,Yes,Yes,Fiber optic,Yes,No,No,No,No,No,One year,Yes,Mailed check,98.21,4802.98,No
3349-XRFT,Male,0,No,No,29,Yes,No,Fiber optic,No,No,Yes,No,No,No,Month-to-month,Yes,Electronic check,84.97,2467.12,No
3032-UIKM,Male,0,No,No,27,Yes,Yes,No,No internet service,No internet service,No internet service,No internet service,No internet service,No internet service,One year,Yes,Electronic check,48.96,1334.46,Yes
7812-HVXZ,Female,1,No,Yes,5,Yes,No,No,No internet service,No internet service,No internet service,No internet service,No internet service,No internet service,Two year,No,Bank transfer (automatic),37.56,189.29,No
6322-XRFT,Female,0,No,Yes,19,Yes,No,DSL,No,No,Yes,No,No,No,Month-to-month,Yes,Credit card (automatic),67.73,1286.38,No
8609-CGOW,Male,0,No,Yes,27,Yes,No,Fiber optic,No,No,No,No,No,No,Month-to-month,Yes,Credit card (automatic),82.03,2213.77,Yes
7833-SCWQ,Female,0,Yes,No,56,Yes,No,Fiber optic,No,Yes,No,No,No,No,Month-to-month,Yes,Credit card (automatic),82.92,4644.71,Yes
2884-QWIU,Female,1,Yes,No,63,Yes,Yes,Fiber optic,Yes,Yes,No,No,No,Yes,Month-to-month,No,Electronic check,112.17,7072.38,No
3313-WOYI,Male,0,Yes,No,7,Yes,Yes,Fiber optic,Yes,Yes,Yes,Yes,No,No,One year,Yes,Electronic check,112.83,790.28,Yes
8994-UIKM,Male,0,Yes,No,58,Yes,No,DSL,No,No,No,No,Yes,No,One year,Yes,Mailed check,71.97,4176.28,No
7155-RZPF,Female,1,No,No,57,Yes,Yes,DSL,No,Yes,No,Yes,No,No,One year,No,Electronic check,81.19,4629.69,No
9634-QWIU,Male,0,Yes,No,58,Yes,No,No,No internet service,No internet service,No internet service,No internet service,No internet service,No internet service,Month-to-month,Yes,Mailed check,42.77,2486.6,No
9125-BDHL,Female,0,Yes,Yes,2,Yes,No,DSL,No,Yes,No,No,No,No,One year,Yes,Bank transfer (automatic),66.11,139.33,Yes
9880-BDHL,Male,0,Yes,No,57,Yes,Yes,Fiber optic,Yes,Yes,No,Yes,Yes,Yes,Month-to-month,Yes,Mailed check,118.75,6768.92,No
4281-LHZR,Female,0,No,No,31,Yes,Yes,DSL,No,Yes,No,No,Yes,Yes,Two year,No,Bank transfer (automatic),95.43,2954.19,Yes
4862-IYEK,Female,0,Yes,No,26,Yes,No,Fiber optic,No,No,No,No,No,No,Month-to-month,Yes,Electronic check,85.16,2211.54,Yes
5592-UIKM,Female,1,No,No,9,Yes,No,DSL,Yes,No,No,No,No,No,One year,Yes,Mailed check,73.22,663.5,Yes
3706-CGOW,Male,0,No,No,50,Yes,Yes,DSL,Yes,No,Yes,No,Yes,No,One year,Yes,Bank transfer (automatic),93.91,4688.6,No
1671-VLRX,Female,0,No,No,41,Yes,No,DSL,Yes,Yes,No,No,No,Yes,Month-to-month,Yes,Credit card (automatic),81.39,3331.68,Yes
3294-HVXZ,Female,0,No,Yes,11,Yes,No,DSL,No,Yes,No,No,No,No,One year,Yes,Credit card (automatic),62.06,677.5,No
8447-OQUY,Male,0,Yes,No,23,Yes,No,DSL,Yes,Yes,No,Yes,No,No,Month-to-month,No,Electronic check,83.51,1923.74,Yes
7430-UIKM,Female,0,No,No,28,Yes,Yes,Fiber optic,No,No,No,No,Yes,Yes,Month-to-month,No,Electronic check,116.87,3280.3,Yes
5937-OQUY,Female,0,Yes,Yes,18,Yes,Yes,DSL,No,No,No,No,No,No,Two year,Yes,Bank transfer (automatic),76.33,1376.01,No
8799-PTBJ,Male,0,No,No,63,Yes,No,DSL,Yes,No,Yes,No,Yes,Yes,Month-to-month,Yes,Electronic check,91.57,5781.11,No
9212-XRFT,Male,0,No,No,15,Yes,No,Fiber optic,Yes,No,No,No,No,Yes,Month-to-month,No,Electronic check,104.38,1561.56,Yes
8725-NNNN,Female,0,Yes,No,27,Yes,No,No,No internet service,No internet service,No internet service,No internet service,No internet service,No internet service,One year,No,Bank transfer (automatic),38.26,1027.5,Yes
6472-FPJD,Male,0,No,Yes,70,Yes,No,Fiber optic,No,Yes,Yes,Yes,No,Yes,Two year,No,Mailed check,106.33,7443.43,No
5155-SCWQ,Male,1,Yes,No,21,Yes,Yes,Fiber optic,No,No,No,No,Yes,Yes,One year,Yes,Credit card (automatic),110.45,2307.75,Yes
8480-BDHL,Male,0,No,No,60,Yes,No,No,No internet service,No internet service,No internet service,No internet service,No internet service,No internet service,Two year,No,Bank transfer (automatic),38.32,2300.31,No
8036-WOYI,Female,0,Yes,No,39,Yes,No,No,No internet service,No internet service,No internet service,No internet service,No internet service,No internet service,Month-to-month,No,Mailed check,39.95,1558.1,Yes
1044-WOYI,Female,0,Yes,Yes,66,Yes,Yes,Fiber optic,No,No,No,No,Yes,No,Month-to-month,Yes,Mailed check,105.23,6944.17,Yes
6330-YUME,Male,1,No,No,40,Yes,No,Fiber optic,No,No,No,No,No,No,Month-to-month,Yes,Credit card (automatic),84.79,3401.43,No
6560-NNNN,Female,0,No,No,27,Yes,Yes,Fiber optic,Yes,Yes,No,No,No,Yes,Month-to-month,No,Credit card (automatic),111.37,3003.58,Yes
6913-DJVH,Female,0,No,No,10,Yes,No,Fiber optic,No,No,Yes,No,Yes,No,One year,Yes,Credit card (automatic),89.31,900.03,No
9553-XRFT,Male,0,No,No,66,Yes,No,DSL,Yes,No,No,No,No,No,One year,No,Bank transfer (automatic),72.81,4810.15,No
3734-RZPF,Male,0,No,No,49,No,No phone service,Fiber optic,No,No,No,No,Yes,Yes,Month-to-month,No,Credit card (automatic),89.39,4364.92,Yes
8232-ZXTP,Female,0,Yes,No,57,Yes,No,DSL,Yes,No,Yes,Yes,Yes,No,Month-to-month,No,Bank transfer (automatic),88.48,5038.07,Yes
6115-MKGC,Male,0,Yes,Yes,2,Yes,Yes,Fiber optic,Yes,No,No,No,No,No,Two year,No,Credit card (automatic),100.55,197.98,No
5259-RZPF,Female,0,No,Yes,27,Yes,No,No,No internet service,No internet service,No internet service,No internet service,No internet service,No internet service,Month-to-month,Yes,Bank transfer (automatic),41.35,1114.62,Yes
8371-DJVH,Female,0,No,No,69,Yes,Yes,Fiber optic,Yes,Yes,No,No,No,No,One year,No,Bank transfer (automatic),106.86,7372.19,Yes
1074-IYEK,Female,0,No,No,21,Yes,Yes,DSL,No,No,Yes,Yes,Yes,No,Two year,No,Bank transfer (automatic),90.68,1899.04,No
6574-DJVH,Male,0,No,Yes,33,Yes,Yes,Fiber optic,No,No,No,No,No,Yes,Month-to-month,Yes,Mailed check,107.63,3546.7,Yes
6732-XRFT,Male,1,Yes,Yes,10,Yes,No,Fiber optic,No,No,No,No,Yes,Yes,Month-to-month,Yes,Mailed check,106.6,1071.54,Yes
9105-XRFT,Male,0,No,No,72,Yes,Yes,DSL,No,Yes,No,No,Yes,Yes,Two year,No,Mailed check,95.38,6865.98,No
6668-HVXZ,Male,0,Yes,No,39,Yes,No,Fiber optic,No,No,No,No,No,Yes,Two year,Yes,Electronic check,95.59,3725.46,No
9277-PTBJ,Male,0,Yes,No,63,No,No phone service,DSL,No,No,No,Yes,Yes,No,Month-to-month,No,Bank transfer (automatic),61.96,3902.08,No
7343-QWIU,Male,0,No,No,0,Yes,No,No,No internet service,No internet service,No internet service,No internet service,No internet service,No internet service,Month-to-month,Yes,Mailed check,38.93,0.0,Yes
9800-JBLV,Female,0,No,No,3,Yes,No,DSL,No,Yes,No,No,No,Yes,One year,Yes,Bank transfer (automatic),78.57,237.1,Yes
5782-RZPF,Female,0,Yes,No,8,Yes,Yes,DSL,Yes,Yes,No,No,No,No,Month-to-month,Yes,Bank transfer (automatic),84.88,681.84,No
2635-HVXZ,Female,0,Yes,No,12,Yes,Yes,Fiber optic,No,No,No,No,No,No,Month-to-month,No,Mailed check,92.53,1107.28,Yes
1778-NNNN,Female,0,Yes,No,16,Yes,No,No,No internet service,No internet service,No internet service,No internet service,No internet service,No internet service,Two year,Yes,Mailed check,38.03,605.88,No
8965-TFDB,Male,0,Yes,Yes,21,Yes,No,DSL,No,No,No,No,No,No,One year,Yes,Credit card (automatic),61.12,1281.79,Yes
2550-KESG,Male,0,No,No,47,Yes,Yes,Fiber optic,No,No,Yes,Yes,No,No,Month-to-month,No,Electronic check,105.23,4948.44,Yes
2116-GSQO,Female,0,Yes,No,54,Yes,No,Fiber optic,Yes,No,Yes,Yes,No,Yes,Month-to-month,Yes,Credit card (automatic),113.63,6139.69,Yes
9533-WOYI,Male,1,No,Yes,20,Yes,No,No,No internet service,No internet service,No internet service,No internet service,No internet service,No internet service,Month-to-month,No,Bank transfer (automatic),38.66,778.65,Yes
3990-PTBJ,Male,0,Yes,Yes,4,Yes,No,DSL,Yes,No,No,Yes,Yes,Yes,Month-to-month,Yes,Mailed check,100.65,407.9,Yes
4825-EMCS,Female,0,No,Yes,46,Yes,No,DSL,No,Yes,Yes,No,No,No,Month-to-month,Yes,Credit card (automatic),66.2,3038.68,No
8987-PTBJ,Male,0,Yes,No,9,Yes,No,DSL,Yes,No,Yes,Yes,No,Yes,Month-to-month,No,Electronic check,90.08,802.73,Yes
8352-LHZR,Male,0,No,Yes,57,Yes,No,Fiber optic,Yes,No,Yes,No,Yes,No,One year,Yes,Credit card (automatic),102.09,5820.03,Yes
4062-IYEK,Female,0,No,Yes,50,Yes,No,No,No internet service,No internet service,No internet service,No internet service,No internet service,No internet service,One year,No,Electronic check,36.45,1817.77,No
6131-WOYI,Male,0,No,No,31,Yes,Yes,DSL,No,No,No,No,No,No,One year,No,Bank transfer (automatic),73.26,2271.05,No
6668-EMCS,Female,0,Yes,Yes,7,Yes,No,Fiber optic,Yes,Yes,No,No,No,Yes,One year,Yes,Credit card (automatic),104.58,736.0,Yes
7344-OQUY,Male,0,No,No,43,Yes,No,No,No internet service,No internet service,No internet service,No internet service,No internet service,No internet service,Two year,Yes,Mailed check,40.52,1746.3,No
6043-KESG,Male,0,Yes,No,50,Yes,Yes,Fiber optic,Yes,No,Yes,No,No,Yes,Month-to-month,Yes,Electronic check,111.97,5600.71,No
1886-VLRX,Female,0,Yes,No,57,Yes,Yes,DSL,Yes,No,Yes,Yes,No,No,One year,Yes,Electronic check,90.21,5146.82,No
6629-QWIU,Male,0,Yes,Yes,57,Yes,No,No,No internet service,No internet service,No internet service,No internet service,No internet service,No internet service,Month-to-month,No,Electronic check,38.37,2189.17,Yes
6244-LHZR,Male,0,No,Yes,64,Yes,Yes,Fiber optic,No,Yes,Yes,No,Yes,No,Month-to-month,Yes,Mailed check,102.76,6577.27,Yes
5858-UIKM,Female,0,Yes,Yes,24,Yes,No,Fiber optic,No,No,No,No,No,Yes,Month-to-month,Yes,Mailed check,94.39,2260.69,Yes
9105-UIKM,Male,1,Yes,Yes,9,Yes,No,DSL,Yes,No,Yes,No,No,Yes,Two year,No,Electronic check,84.21,769.52,No
6249-XRFT,Female,1,Yes,No,11,Yes,No,Fiber optic,Yes,No,No,Yes,No,No,Month-to-month,No,Mailed check,101.3,1113.46,Yes
8190-FPJD,Female,0,Yes,No,3,No,No phone service,DSL,Yes,No,No,Yes,Yes,Yes,Month-to-month,Yes,Credit card (automatic),80.43,243.37,Yes
6699-JBLV,Female,0,No,No,23,Yes,No,Fiber optic,No,Yes,No,No,No,Yes,One year,Yes,Credit card (automatic),96.29,2211.55,Yes
4730-CGOW,Male,1,No,No,53,Yes,No,Fiber optic,No,No,No,No,No,No,Month-to-month,Yes,Electronic check,81.32,4309.27,Yes
1397-YUME,Male,0,No,No,37,Yes,Yes,DSL,Yes,No,No,No,No,No,Month-to-month,No,Credit card (automatic),88.5,3272.73,Yes
2072-GSQO,Male,0,Yes,No,25,Yes,Yes,Fiber optic,Yes,No,No,No,Yes,Yes,Month-to-month,Yes,Bank transfer (automatic),118.75,2975.77,Yes
5379-BDHL,Female,0,Yes,No,64,Yes,Yes,DSL,No,No,No,No,No,Yes,Two year,Yes,Electronic check,81.61,5223.3,No
9947-NNNN,Male,0,No,No,56,Yes,No,Fiber optic,No,No,No,No,Yes,Yes,Two year,No,Electronic check,101.98,5707.7,Yes
4124-VLRX,Female,1,No,Yes,57,Yes,No,No,No internet service,No internet service,No internet service,No internet service,No internet service,No internet service,One year,Yes,Bank transfer (automatic),44.88,2556.64,No
7543-VLRX,Female,0,No,No,23,Yes,No,DSL,Yes,Yes,No,No,Yes,No,Two year,No,Credit card (automatic),83.32,1914.85,Yes
7361-JBLV,Male,0,No,No,47,Yes,No,Fiber optic,No,No,Yes,No,Yes,Yes,Two year,No,Mailed check,103.92,4893.27,No
9519-MKGC,Female,1,Yes,No,31,Yes,No,No,No internet service,No internet service,No internet service,No internet service,No internet service,No internet service,Month-to-month,Yes,Electronic check,37.67,1166.21,Yes
2192-UIKM,Female,0,No,No,39,Yes,Yes,No,No internet service,No internet service,No internet service,No internet service,No internet service,No internet service,Month-to-month,No,Mailed check,49.83,1943.94,No
8433-DJVH,Female,1,Yes,No,72,Yes,No,DSL,No,No,No,Yes,Yes,Yes,Month-to-month,Yes,Credit card (automatic),93.58,6731.06,Yes
1220-FPJD,Male,0,No,No,49,Yes,No,Fiber optic,No,No,Yes,No,No,No,One year,Yes,Mailed check,83.34,4082.52,Yes
3049-JBLV,Female,0,No,No,61,Yes,No,DSL,Yes,No,Yes,No,No,Yes,Month-to-month,Yes,Electronic check,83.86,5104.62,Yes
7777-WOYI,Female,0,Yes,No,53,Yes,Yes,Fiber optic,No,Yes,Yes,No,No,Yes,One year,Yes,Electronic check,105.95,5616.05,No
9100-XRFT,Male,0,Yes,Yes,23,Yes,Yes,Fiber optic,Yes,No,No,Yes,No,No,Month-to-month,Yes,Electronic check,110.92,2553.32,Yes
3951-OQUY,Female,1,No,No,55,Yes,No,DSL,No,Yes,No,No,No,No,Month-to-month,No,Electronic check,65.38,3589.94,Yes
3604-OQUY,Male,0,Yes,Yes,25,Yes,No,No,No internet service,No internet service,No internet service,No internet service,No internet service,No internet service,Month-to-month,Yes,Credit card (automatic),40.82,1017.64,Yes
8376-IYEK,Female,0,No,Yes,33,Yes,Yes,DSL,No,Yes,No,No,No,No,Month-to-month,No,Electronic check,76.93,2526.74,No
4483-HVXZ,Male,0,Yes,Yes,48,Yes,Yes,Fiber optic,No,Yes,No,No,No,Yes,Two year,No,Electronic check,102.95,4950.2,No
6036-TFDB,Female,0,Yes,Yes,71,Yes,No,Fiber optic,Yes,No,Yes,No,Yes,No,Month-to-month,Yes,Electronic check,100.97,7178.22,Yes
2537-UIKM,Female,0,Yes,Yes,66,Yes,Yes,DSL,No,No,No,Yes,Yes,Yes,Two year,No,Mailed check,103.31,6818.33,No
7004-AAAA,Male,1,No,Yes,70,Yes,No,DSL,No,Yes,No,No,Yes,No,Month-to-month,No,Mailed check,74.6,5219.0,Yes
4640-GSQO,Female,0,Yes,No,53,Yes,No,Fiber optic,Yes,No,Yes,No,Yes,Yes,Two year,No,Electronic check,113.94,6043.6,No
6445-TFDB,Male,0,Yes,Yes,48,Yes,Yes,DSL,Yes,No,No,No,No,No,Month-to-month,Yes,Mailed check,76.74,3679.47,No
2186-LHZR,Male,1,No,No,53,No,No phone service,No,No internet service,No internet service,No internet service,No internet service,No internet service,No internet service,One year,Yes,Bank transfer (automatic),22.62,1190.15,No
6481-KESG,Male,1,No,No,43,Yes,No,DSL,Yes,No,No,Yes,No,No,One year,Yes,Electronic check,81.24,3492.17,Yes
2525-JBLV,Female,1,Yes,No,19,Yes,No,Fiber optic,Yes,Yes,No,No,Yes,Yes,Month-to-month,Yes,Electronic check,114.42,2168.9,Yes
8984-QWIU,Male,0,No,No,66,Yes,No,DSL,Yes,No,Yes,No,Yes,No,Month-to-month,Yes,Bank transfer (automatic),84.02,5544.4,No
5157-GSQO,Female,0,No,Yes,50,No,No phone service,Fiber optic,Yes,Yes,No,Yes,No,No,One year,No,Electronic check,79.93,3994.72,Yes
8617-IYEK,Female,1,Yes,Yes,42,No,No phone service,DSL,No,Yes,No,No,No,Yes,Two year,No,Mailed check,52.45,2207.67,No
6560-SCWQ,Female,1,Yes,No,1,Yes,Yes,No,No internet service,No internet service,No internet service,No internet service,No internet service,No internet service,Month-to-month,Yes,Electronic check,48.83,55.07,Yes
5033-XRFT,Female,0,No,Yes,2,Yes,No,DSL,No,No,Yes,No,No,No,Month-to-month,Yes,Mailed check,64.81,130.5,Yes
2388-RZPF,Female,0,No,No,58,Yes,No,DSL,No,No,No,No,No,No,Two year,Yes,Credit card (automatic),64.92,3761.35,No
7055-WOYI,Female,0,No,No,62,Yes,No,Fiber optic,No,Yes,No,No,Yes,Yes,One year,Yes,Electronic check,106.04,6564.36,Yes
7468-NNNN,Female,0,Yes,No,23,Yes,No,Fiber optic,No,No,No,Yes,Yes,No,Month-to-month,Yes,Electronic check,104.57,2405.97,No
6585-WOYI,Female,0,Yes,Yes,42,Yes,No,Fiber optic,No,Yes,Yes,No,Yes,Yes,Two year,No,Electronic check,102.61,4305.01,No
5072-EMCS,Female,0,No,Yes,42,Yes,No,Fiber optic,No,Yes,No,No,No,No,Month-to-month,Yes,Mailed check,86.34,3623.51,Yes
2403-OQUY,Male,0,Yes,No,59,No,No phone service,Fiber optic,No,No,No,Yes,No,No,Two year,Yes,Bank transfer (automatic),73.49,4341.9,No
4583-VLRX,Male,0,Yes,No,72,Yes,No,DSL,Yes,Yes,No,No,Yes,Yes,Month-to-month,Yes,Mailed check,89.57,6450.03,No
1345-WOYI,Female,1,Yes,Yes,40,No,No phone service,Fiber optic,No,Yes,Yes,No,No,No,Month-to-month,No,Mailed check,61.22,2452.92,Yes
4648-TFDB,Female,1,Yes,No,62,Yes,No,DSL,Yes,Yes,No,No,No,No,Month-to-month,Yes,Electronic check,74.22,4613.06,Yes
9787-SCWQ,Female,0,Yes,Yes,47,Yes,Yes,DSL,Yes,Yes,Yes,No,No,Yes,Month-to-month,Yes,Bank transfer (automatic),98.0,4603.57,Yes
8394-OQUY,Female,0,Yes,Yes,51,Yes,Yes,DSL,No,No,No,No,No,No,Month-to-month,Yes,Bank transfer (automatic),73.87,3765.83,No
7324-BDHL,Male,0,Yes,No,3,Yes,No,Fiber optic,Yes,Yes,No,Yes,Yes,No,Month-to-month,Yes,Electronic check,106.34,325.66,Yes
3808-VLRX,Female,1,No,No,8,Yes,Yes,DSL,No,Yes,Yes,No,Yes,No,One year,Yes,Mailed check,81.67,653.0,Yes
4769-UIKM,Male,1,Yes,No,24,Yes,Yes,Fiber optic,No,Yes,No,Yes,No,Yes,Two year,Yes,Bank transfer (automatic),114.1,2731.72,No
5966-QWIU,Male,0,Yes,No,62,Yes,No,Fiber optic,No,No,No,Yes,No,No,Month-to-month,No,Credit card (automatic),88.12,5467.0,Yes
5285-OQUY,Female,0,Yes,No,6,Yes,Yes,DSL,No,No,Yes,No,Yes,Yes,Month-to-month,Yes,Electronic check,93.47,557.69,Yes
7766-UIKM,Male,0,Yes,No,12,No,No phone service,DSL,Yes,No,No,Yes,Yes,No,Two year,Yes,Electronic check,71.24,852.13,No
4959-PTBJ,Male,1,Yes,No,33,Yes,No,Fiber optic,No,No,No,No,Yes,Yes,One year,Yes,Bank transfer (automatic),107.08,3540.68,Yes
9433-UIKM,Female,0,No,No,19,Yes,Yes,No,No internet service,No internet service,No internet service,No internet service,No internet service,No internet service,Two year,No,Electronic check,50.06,947.36,Yes
5289-PTBJ,Female,0,No,No,50,Yes,Yes,DSL,Yes,No,Yes,No,Yes,No,Month-to-month,Yes,Mailed check,95.84,4782.93,Yes
1148-RZPF,Male,1,Yes,No,50,Yes,Yes,DSL,Yes,No,Yes,Yes,Yes,No,Two year,Yes,Bank transfer (automatic),99.89,4994.71,No
5994-HVXZ,Male,1,Yes,Yes,0,Yes,No,No,No internet service,No internet service,No internet service,No internet service,No internet service,No internet service,Two year,No,Bank transfer (automatic),42.33,0.0,No
3305-OQUY,Male,0,No,Yes,64,Yes,No,Fiber optic,No,No,No,No,No,Yes,Two year,Yes,Electronic check,98.52,6308.06,Yes
6827-AAAA,Female,0,Yes,No,3,Yes,Yes,Fiber optic,Yes,Yes,No,No,Yes,Yes,Month-to-month,Yes,Electronic check,118.75,354.96,Yes
7589-AAAA,Male,0,No,Yes,8,Yes,No,No,No internet service,No internet service,No internet service,No internet service,No internet service,No internet service,Month-to-month,No,Bank transfer (automatic),40.18,317.78,No
9551-IYEK,Male,0,Yes,No,63,Yes,No,Fiber optic,Yes,No,No,Yes,Yes,No,Two year,Yes,Mailed check,110.95,7004.01,No
2050-EMCS,Male,1,Yes,No,0,Yes,Yes,Fiber optic,No,No,No,No,Yes,No,Two year,Yes,Credit card (automatic),103.42,0.0,No
3776-OQUY,Male,0,No,No,15,Yes,No,No,No internet service,No internet service,No internet service,No internet service,No internet service,No internet service,Month-to-month,Yes,Credit card (automatic),42.59,643.42,No
4972-QWIU,Female,0,Yes,No,15,No,No phone service,DSL,No,No,Yes,No,No,No,Month-to-month,No,Credit card (automatic),39.14,585.27,No
2136-RZPF,Female,0,No,No,8,Yes,No,DSL,No,Yes,No,No,No,Yes,Month-to-month,Yes,Credit card (automatic),72.05,564.63,Yes
7563-YUME,Male,0,No,No,27,Yes,No,Fiber optic,Yes,Yes,No,No,No,No,Month-to-month,No,Mailed check,93.79,2536.52,Yes
6546-FPJD,Female,0,Yes,Yes,36,Yes,Yes,No,No internet service,No internet service,No internet service,No internet service,No internet service,No internet service,One year,Yes,Credit card (automatic),47.67,1712.73,Yes
5909-TFDB,Female,1,Yes,No,14,No,No phone service,DSL,No,No,No,No,No,Yes,Two year,Yes,Credit card (automatic),52.55,735.0,No
2442-EMCS,Female,0,Yes,No,16,Yes,No,Fiber optic,No,No,Yes,No,No,No,One year,Yes,Electronic check,83.68,1326.62,Yes
1281-EMCS,Female,1,Yes,No,57,Yes,No,DSL,Yes,No,No,No,No,No,Month-to-month,No,Electronic check,78.99,4495.25,Yes
7878-ZXTP,Female,0,Yes,Yes,4,Yes,Yes,DSL,Yes,Yes,No,No,No,No,Month-to-month,No,Credit card (automatic),82.26,329.16,Yes
2495-VLRX,Male,0,Yes,No,27,Yes,Yes,Fiber optic,No,Yes,Yes,No,Yes,Yes,One year,No,Mailed check,117.94,3182.94,Yes
3438-XRFT,Female,0,No,No,50,Yes,Yes,Fiber optic,Yes,No,Yes,No,No,No,Month-to-month,Yes,Bank transfer (automatic),100.47,5014.8,Yes
4431-QWIU,Male,0,No,Yes,41,Yes,No,Fiber optic,No,Yes,No,Yes,Yes,No,Month-to-month,Yes,Bank transfer (automatic),102.65,4200.79,Yes
1964-TFDB,Male,0,Yes,No,1,Yes,Yes,No,No internet service,No internet service,No internet service,No internet service,No internet service,No internet service,One year,No,Credit card (automatic),51.43,53.88,Yes
4847-FPJD,Female,0,Yes,No,71,Yes,No,Fiber optic,No,No,No,Yes,No,Yes,Month-to-month,No,Credit card (automatic),104.01,7380.18,No
8274-IYEK,Female,1,Yes,No,59,Yes,No,No,No internet service,No internet service,No internet service,No internet service,No internet service,No internet service,Month-to-month,No,Bank transfer (automatic),42.23,2500.03,No
7968-FPJD,Male,1,Yes,No,32,Yes,No,No,No internet service,No internet service,No internet service,No internet service,No internet service,No internet service,Two year,Yes,Mailed check,40.97,1313.58,No
6870-JBLV,Male,0,No,No,21,No,No phone service,DSL,Yes,No,No,Yes,No,No,Month-to-month,Yes,Credit card (automatic),56.61,1175.03,Yes
6993-NNNN,Female,0,No,No,15,Yes,No,Fiber optic,No,No,Yes,No,No,No,Two year,Yes,Bank transfer (automatic),87.01,1311.47,No
2109-AAAA,Female,0,Yes,Yes,52,Yes,No,DSL,Yes,No,Yes,No,No,No,One year,No,Electronic check,68.6,3567.59,No
3204-GSQO,Female,1,Yes,No,10,Yes,Yes,Fiber optic,No,No,No,No,No,No,One year,Yes,Electronic check,94.55,952.84,Yes
8954-HVXZ,Female,0,No,Yes,43,Yes,No,Fiber optic,No,Yes,Yes,Yes,Yes,Yes,One year,No,Bank transfer (automatic),110.34,4743.04,Yes
2537-XRFT,Female,0,Yes,Yes,10,Yes,Yes,DSL,No,Yes,Yes,Yes,Yes,No,One year,Yes,Electronic check,90.36,895.59,No
7102-YUME,Female,0,No,Yes,25,Yes,Yes,No,No internet service,No internet service,No internet service,No internet service,No internet service,No internet service,One year,No,Mailed check,49.34,1232.98,No
7732-BDHL,Male,0,Yes,Yes,72,Yes,No,Fiber optic,No,No,No,No,No,No,Month-to-month,Yes,Credit card (automatic),85.61,6168.01,No
7317-CGOW,Male,1,No,No,5,Yes,Yes,DSL,No,No,No,Yes,Yes,Yes,Month-to-month,No,Credit card (automatic),101.37,502.42,Yes
8818-OQUY,Male,0,No,Yes,40,Yes,No,DSL,No,No,Yes,No,No,No,Two year,Yes,Electronic check,65.42,2618.14,No
7226-JBLV,Female,1,Yes,Yes,35,Yes,No,DSL,No,Yes,No,No,No,No,Month-to-month,No,Credit card (automatic),62.26,2182.07,Yes
8860-TFDB,Male,0,No,Yes,49,Yes,Yes,No,No internet service,No internet service,No internet service,No internet service,No internet service,No internet service,Two year,Yes,Electronic check,49.51,2424.64,No
3251-UIKM,Male,1,Yes,No,21,Yes,No,Fiber optic,Yes,No,No,No,No,No,Month-to-month,Yes,Bank transfer (automatic),94.89,1994.5,Yes
5583-EMCS,Male,0,No,Yes,57,No,No phone service,No,No internet service,No internet service,No internet service,No internet service,No internet service,No internet service,Month-to-month,No,Bank transfer (automatic),20.03,1145.61,No
2661-EMCS,Male,0,No,No,56,Yes,No,Fiber optic,No,No,Yes,Yes,No,Yes,Month-to-month,No,Mailed check,104.94,5883.13,Yes
1667-MKGC,Female,0,No,Yes,56,Yes,No,No,No internet service,No internet service,No internet service,No internet service,No internet service,No internet service,Two year,Yes,Mailed check,36.12,2024.63,No
5557-AAAA,Female,0,No,No,27,Yes,Yes,No,No internet service,No internet service,No internet service,No internet service,No internet service,No internet service,One year,Yes,Bank transfer (automatic),46.6,1266.48,Yes
8616-BDHL,Male,1,Yes,No,29,Yes,Yes,DSL,Yes,No,Yes,Yes,Yes,Yes,Month-to-month,Yes,Electronic check,112.72,3266.41,Yes
1616-VLRX,Female,0,No,No,13,No,No phone service,No,No internet service,No internet service,No internet service,No internet service,No internet service,No internet service,Two year,Yes,Electronic check,18.25,236.08,No
9313-TFDB,Male,0,Yes,No,50,Yes,No,Fiber optic,No,Yes,Yes,No,Yes,Yes,One year,Yes,Mailed check,104.61,5231.28,No
2658-FPJD,Male,0,Yes,No,27,Yes,No,DSL,No,Yes,No,No,Yes,Yes,One year,Yes,Bank transfer (automatic),87.2,2355.03,No
1861-WOYI,Female,0,Yes,No,8,Yes,Yes,Fiber optic,Yes,Yes,No,No,Yes,No,Month-to-month,No,Credit card (automatic),111.98,885.3,Yes
2667-MKGC,Male,0,No,Yes,30,Yes,No,No,No internet service,No internet service,No internet service,No internet service,No internet service,No internet service,One year,Yes,Mailed check,35.83,1083.92,Yes
2560-NNNN,Male,0,Yes,No,71,Yes,No,DSL,Yes,Yes,Yes,No,No,No,Month-to-month,No,Electronic check,70.16,4973.95,No
9154-VLRX,Male,0,No,Yes,13,Yes,Yes,No,No internet service,No internet service,No internet service,No internet service,No internet service,No internet service,Two year,Yes,Bank transfer (automatic),52.5,676.66,No
2939-BDHL,Male,0,No,No,71,Yes,No,DSL,No,No,No,No,Yes,No,Two year,No,Mailed check,74.71,5304.26,No
6509-KESG,Male,1,No,No,17,Yes,No,Fiber optic,Yes,No,No,Yes,Yes,Yes,Month-to-month,No,Bank transfer (automatic),118.75,2011.93,No
8940-KESG,Female,1,Yes,Yes,15,Yes,No,No,No internet service,No internet service,No internet service,No internet service,No internet service,No internet service,One year,Yes,Electronic check,36.62,549.37,Yes
2048-ZXTP,Male,0,Yes,No,26,Yes,No,Fiber optic,Yes,Yes,No,Yes,Yes,No,Month-to-month,No,Electronic check,113.13,2943.55,Yes
2069-NNNN,Female,0,No,No,60,Yes,Yes,Fiber optic,Yes,Yes,No,No,No,Yes,Two year,Yes,Mailed check,117.91,7076.49,Yes
8185-DJVH,Male,0,Yes,No,47,Yes,No,Fiber optic,No,Yes,Yes,Yes,No,No,Month-to-month,Yes,Electronic check,91.85,4309.45,Yes
5675-UIKM,Female,0,Yes,Yes,28,Yes,Yes,DSL,Yes,No,Yes,No,No,No,Two year,No,Electronic check,82.85,2311.45,Yes
1928-WOYI,Male,0,No,No,24,No,No phone service,DSL,No,No,No,No,Yes,No,One year,No,Mailed check,54.15,1301.48,No
2927-RZPF,Female,0,No,No,22,Yes,No,Fiber optic,Yes,Yes,No,No,Yes,No,One year,No,Electronic check,99.9,2188.7,No
8400-ZXTP,Female,1,No,Yes,59,Yes,No,Fiber optic,Yes,Yes,Yes,No,Yes,No,Month-to-month,Yes,Mailed check,105.01,6196.02,Yes
1545-QWIU,Male,0,No,No,61,Yes,Yes,DSL,Yes,Yes,Yes,Yes,No,Yes,One year,Yes,Bank transfer (automatic),99.77,6083.62,No
6791-SCWQ,Male,0,Yes,No,18,No,No phone service,Fiber optic,Yes,No,Yes,No,Yes,Yes,Two year,No,Bank transfer (automatic),96.13,1725.88,No
2879-IYEK,Male,1,No,No,6,Yes,Yes,Fiber optic,No,Yes,No,No,Yes,No,Two year,Yes,Electronic check,102.21,611.98,Yes
3244-SCWQ,Female,1,No,No,71,No,No phone service,Fiber optic,Yes,No,No,No,No,Yes,Two year,Yes,Credit card (automatic),82.19,5840.39,No
1661-AAAA,Male,0,Yes,No,59,Yes,Yes,DSL,No,No,No,No,Yes,No,Month-to-month,No,Credit card (automatic),83.3,4916.12,No
2341-JBLV,Male,0,No,No,29,Yes,No,Fiber optic,No,No,Yes,Yes,Yes,No,One year,Yes,Electronic check,106.73,3090.49,Yes
3341-CGOW,Male,0,No,Yes,56,Yes,Yes,Fiber optic,No,No,No,No,No,No,Month-to-month,No,Credit card (automatic),96.1,5380.01,Yes
9448-KESG,Male,0,Yes,No,66,Yes,No,No,No internet service,No internet service,No internet service,No internet service,No internet service,No internet service,One year,Yes,Credit card (automatic),37.55,2480.45,No
6869-LHZR,Male,0,Yes,Yes,28,Yes,No,Fiber optic,No,No,Yes,Yes,Yes,No,Two year,Yes,Bank transfer (automatic),100.54,2815.15,Yes
8892-EMCS,Male,0,No,No,21,Yes,Yes,No,No internet service,No internet service,No internet service,No internet service,No internet service,No internet service,Month-to-month,Yes,Bank transfer (automatic),55.42,1170.98,Yes
2969-CGOW,Female,1,Yes,No,0,No,No phone service,Fiber optic,Yes,No,No,No,Yes,Yes,Two year,Yes,Electronic check,94.47,0.0,Yes
1737-WOYI,Female,0,Yes,No,60,Yes,Yes,DSL,No,No,No,No,No,No,Two year,No,Bank transfer (automatic),71.51,4285.33,No
7646-BDHL,Female,0,Yes,No,20,Yes,Yes,Fiber optic,Yes,Yes,Yes,No,No,No,Month-to-month,Yes,Credit card (automatic),100.86,2020.02,Yes
3990-OQUY,Female,1,No,No,46,Yes,No,Fiber optic,Yes,No,No,No,Yes,Yes,Month-to-month,Yes,Bank transfer (automatic),114.14,5246.21,Yes
4342-UIKM,Male,0,Yes,No,62,No,No phone service,Fiber optic,No,No,No,No,Yes,Yes,Two year,Yes,Electronic check,85.56,5302.94,No
3486-OQUY,Female,0,No,Yes,65,Yes,No,Fiber optic,No,Yes,No,Yes,Yes,No,Month-to-month,No,Electronic check,102.1,6640.53,No
6571-VLRX,Female,0,No,No,6,Yes,No,Fiber optic,No,Yes,Yes,No,Yes,Yes,One year,Yes,Mailed check,107.11,649.01,No
3983-EMCS,Female,1,No,No,63,Yes,No,Fiber optic,No,No,No,No,Yes,No,One year,Yes,Mailed check,94.32,5945.76,No
8312-IYEK,Female,0,No,No,24,No,No phone service,Fiber optic,No,No,Yes,No,No,No,Month-to-month,Yes,Mailed check,67.11,1609.13,Yes
8693-FPJD,Male,0,No,No,55,Yes,No,Fiber optic,No,Yes,No,Yes,No,Yes,Month-to-month,No,Bank transfer (automatic),105.78,5820.5,Yes
7046-XRFT,Male,0,No,No,0,Yes,Yes,DSL,No,No,Yes,No,Yes,No,One year,Yes,Electronic check,86.59,0.0,Yes
8094-CGOW,Female,0,No,No,13,Yes,No,No,No internet service,No internet service,No internet service,No internet service,No internet service,No internet service,Month-to-month,No,Bank transfer (automatic),38.34,491.77,Yes
5727-QWIU,Male,0,Yes,No,66,Yes,No,Fiber optic,Yes,Yes,No,No,No,Yes,Month-to-month,Yes,Electronic check,102.88,6786.61,Yes
1585-PTBJ,Female,0,No,No,12,Yes,Yes,Fiber optic,No,Yes,No,Yes,No,No,Month-to-month,Yes,Credit card (automatic),102.91,1231.56,Yes
4670-VLRX,Female,0,No,No,31,Yes,Yes,DSL,No,Yes,Yes,No,Yes,Yes,Month-to-month,Yes,Electronic check,97.5,3012.55,No
9216-AAAA,Female,0,No,No,6,Yes,Yes,Fiber optic,No,No,Yes,Yes,No,No,Two year,No,Mailed check,102.05,606.47,No
8069-MKGC,Female,0,No,No,15,Yes,No,Fiber optic,Yes,Yes,No,No,No,Yes,One year,No,Electronic check,101.47,1517.77,Yes
8137-DJVH,Male,0,No,No,43,Yes,Yes,DSL,No,Yes,No,No,Yes,No,Month-to-month,Yes,Bank transfer (automatic),85.1,3656.54,Yes
2818-QWIU,Male,0,No,Yes,69,Yes,No,Fiber optic,No,No,No,No,No,Yes,One year,Yes,Bank transfer (automatic),92.48,6391.7,Yes
1130-DJVH,Female,1,Yes,No,40,Yes,No,Fiber optic,Yes,No,No,Yes,No,Yes,Month-to-month,No,Electronic check,106.22,4247.77,Yes
4176-FPJD,Male,0,Yes,No,24,Yes,Yes,Fiber optic,No,No,Yes,Yes,No,No,Month-to-month,No,Bank transfer (automatic),100.5,2413.18,Yes
9893-VLRX,Female,0,Yes,No,54,Yes,No,Fiber optic,Yes,No,No,Yes,No,Yes,Month-to-month,No,Electronic check,110.84,5988.32,Yes
8531-GSQO,Male,0,No,Yes,4,Yes,No,DSL,Yes,No,Yes,Yes,No,No,One year,No,Mailed check,80.5,323.77,Yes
3772-XRFT,Female,1,No,Yes,5,Yes,No,DSL,No,No,No,Yes,No,Yes,Month-to-month,Yes,Mailed check,85.54,414.65,Yes
4604-UIKM,Male,0,No,No,56,Yes,Yes,DSL,Yes,No,Yes,No,No,No,Month-to-month,Yes,Credit card (automatic),82.81,4631.55,Yes
1726-RZPF,Male,1,No,Yes,39,Yes,No,DSL,Yes,No,Yes,No,No,Yes,Month-to-month,No,Electronic check,86.53,3372.71,No
4426-UIKM,Male,0,No,No,32,Yes,Yes,Fiber optic,No,No,Yes,No,Yes,Yes,Month-to-month,Yes,Credit card (automatic),112.81,3607.06,Yes
1607-KESG,Male,0,No,Yes,31,Yes,Yes,Fiber optic,No,No,No,No,Yes,Yes,Two year,No,Electronic check,113.03,3506.76,No
7073-KESG,Male,0,Yes,No,38,Yes,No,DSL,No,Yes,No,Yes,Yes,No,Month-to-month,Yes,Credit card (automatic),80.71,3077.04,No
3917-YUME,Female,0,No,Yes,40,Yes,No,DSL,Yes,Yes,Yes,Yes,Yes,Yes,Month-to-month,No,Credit card (automatic),101.18,4040.32,Yes
1838-OQUY,Male,0,No,Yes,27,Yes,No,DSL,Yes,No,No,No,Yes,No,One year,Yes,Mailed check,85.67,2307.25,Yes
4906-MKGC,Female,1,Yes,Yes,57,No,No phone service,No,No internet service,No internet service,No internet service,No internet service,No internet service,No internet service,Month-to-month,Yes,Bank transfer (automatic),20.02,1142.82,No
1389-YUME,Female,0,No,Yes,47,Yes,Yes,Fiber optic,No,Yes,Yes,Yes,No,No,One year,Yes,Bank transfer (automatic),104.23,4895.36,No
6307-JBLV,Female,0,No,No,16,Yes,Yes,DSL,No,No,Yes,No,No,No,Month-to-month,Yes,Mailed check,78.54,1263.32,Yes
3356-UIKM,Female,0,Yes,Yes,21,Yes,Yes,DSL,Yes,Yes,No,No,Yes,Yes,Month-to-month,No,Electronic check,104.59,2198.41,Yes
6063-QWIU,Female,0,Yes,No,45,Yes,Yes,Fiber optic,No,No,No,No,Yes,Yes,One year,Yes,Electronic check,115.08,5183.04,Yes
1969-DJVH,Female,0,No,No,71,Yes,No,No,No internet service,No internet service,No internet service,No internet service,No internet service,No internet service,One year,No,Bank transfer (automatic),39.27,2791.07,No
7970-IYEK,Female,1,No,No,38,Yes,Yes,DSL,No,Yes,Yes,No,Yes,Yes,Month-to-month,Yes,Mailed check,93.72,3553.2,No
8952-EMCS,Female,0,Yes,No,3,Yes,No,DSL,No,Yes,Yes,No,No,No,Month-to-month,Yes,Bank transfer (automatic),64.47,197.31,Yes
7726-RZPF,Female,0,Yes,Yes,49,Yes,No,DSL,No,Yes,No,No,Yes,Yes,Month-to-month,Yes,Bank transfer (automatic),82.57,4049.06,No
6551-NNNN,Male,0,No,Yes,57,Yes,No,No,No internet service,No internet service,No internet service,No internet service,No internet service,No internet service,Two year,No,Electronic check,41.34,2358.06,No
2827-LHZR,Female,0,Yes,No,32,Yes,Yes,Fiber optic,Yes,Yes,No,No,No,Yes,Month-to-month,No,Electronic check,108.48,3472.43,Yes
6569-DJVH,Male,0,No,Yes,54,No,No phone service,Fiber optic,Yes,No,Yes,No,Yes,No,Two year,No,Credit card (automatic),81.43,4406.3,No
3047-YUME,Male,1,No,No,27,Yes,No,Fiber optic,Yes,No,Yes,No,No,Yes,Month-to-month,No,Credit card (automatic),102.91,2777.25,Yes
4072-AAAA,Female,1,Yes,Yes,30,Yes,No,Fiber optic,No,No,No,No,Yes,No,Month-to-month,Yes,Electronic check,96.54,2901.27,Yes
4998-BDHL,Female,0,No,No,6,Yes,Yes,Fiber optic,No,No,Yes,Yes,No,No,One year,No,Mailed check,106.64,636.8,Yes
2428-JBLV,Male,1,No,No,67,Yes,No,No,No internet service,No internet service,No internet service,No internet service,No internet service,No internet service,One year,Yes,Bank transfer (automatic),38.89,2598.74,No
1546-RZPF,Female,0,Yes,No,27,Yes,Yes,Fiber optic,No,No,No,Yes,No,No,One year,No,Electronic check,103.64,2799.55,No
7665-OQUY,Male,0,No,No,0,Yes,Yes,Fiber optic,No,No,No,No,Yes,Yes,Two year,Yes,Mailed check,108.37,0.0,No
4666-AAAA,Female,0,Yes,No,29,Yes,No,DSL,No,No,No,No,No,No,Two year,Yes,Electronic check,68.68,1987.21,No
5621-ZXTP,Male,0,Yes,No,22,Yes,No,Fiber optic,Yes,Yes,Yes,No,Yes,Yes,Month-to-month,Yes,Bank transfer (automatic),113.56,2504.05,Yes
9044-EMCS,Male,0,No,Yes,68,Yes,No,Fiber optic,No,No,No,Yes,No,Yes,Month-to-month,Yes,Credit card (automatic),104.58,7099.72,No
6720-JBLV,Male,0,No,No,15,Yes,No,Fiber optic,No,No,No,Yes,No,Yes,Month-to-month,No,Electronic check,105.32,1589.79,Yes
4179-EMCS,Female,0,Yes,Yes,44,Yes,No,No,No internet service,No internet service,No internet service,No internet service,No internet service,No internet service,One year,Yes,Credit card (automatic),39.51,1737.69,Yes
9801-XRFT,Male,0,Yes,Yes,7,Yes,Yes,DSL,Yes,No,No,No,Yes,Yes,Month-to-month,No,Electronic check,101.69,710.06,No
1769-VLRX,Male,0,Yes,Yes,0,Yes,No,Fiber optic,No,No,Yes,Yes,No,No,One year,Yes,Credit card (automatic),90.15,0.0,No
7727-XRFT,Female,0,No,No,67,Yes,No,No,No internet service,No internet service,No internet service,No internet service,No internet service,No internet service,One year,Yes,Credit card (automatic),37.15,2491.3,No
5666-DJVH,Male,1,Yes,No,65,Yes,Yes,Fiber optic,No,Yes,No,No,No,Yes,One year,No,Mailed check,106.46,6917.85,No
6607-VLRX,Female,0,Yes,No,56,Yes,Yes,Fiber optic,No,Yes,No,No,Yes,Yes,Month-to-month,Yes,Mailed check,114.13,6383.49,No
9551-MKGC,Female,0,No,Yes,19,Yes,No,Fiber optic,No,No,No,No,No,No,Month-to-month,No,Mailed check,84.25,1592.21,Yes
2521-MKGC,Female,0,No,No,35,Yes,No,No,No internet service,No internet service,No internet service,No internet service,No internet service,No internet service,Month-to-month,Yes,Bank transfer (automatic),40.77,1429.67,Yes
3946-JBLV,Male,0,No,No,25,Yes,No,No,No internet service,No internet service,No internet service,No internet service,No internet service,No internet service,Two year,Yes,Mailed check,40.2,1011.08,No
5213-TFDB,Male,0,No,Yes,7,Yes,Yes,No,No internet service,No internet service,No internet service,No internet service,No internet service,No internet service,One year,No,Electronic check,53.21,376.41,Yes
8850-EMCS,Male,1,Yes,No,59,Yes,Yes,Fiber optic,No,Yes,No,No,No,No,Month-to-month,Yes,Credit card (automatic),94.26,5556.88,No
9472-QWIU,Female,0,Yes,No,66,Yes,No,Fiber optic,Yes,No,No,Yes,Yes,No,Month-to-month,Yes,Mailed check,111.26,7343.63,No
9118-WOYI,Male,0,Yes,No,26,Yes,Yes,DSL,No,Yes,No,No,No,No,One year,No,Mailed check,73.48,1906.18,Yes
3567-JBLV,Female,0,No,No,33,Yes,No,Fiber optic,Yes,No,No,No,Yes,No,One year,No,Bank transfer (automatic),104.9,3457.33,Yes
2777-PTBJ,Male,0,No,No,20,Yes,Yes,Fiber optic,Yes,No,No,No,Yes,No,Month-to-month,No,Mailed check,107.81,2152.21,Yes
4216-RZPF,Female,0,Yes,No,19,Yes,Yes,Fiber optic,No,Yes,No,No,No,Yes,Two year,Yes,Mailed check,105.03,2001.03,Yes
5703-BDHL,Female,0,Yes,No,11,Yes,Yes,Fiber optic,No,Yes,No,No,Yes,No,Two year,Yes,Electronic check,104.05,1143.68,Yes
6172-PTBJ,Male,0,Yes,Yes,67,Yes,No,DSL,Yes,No,Yes,No,No,No,Month-to-month,No,Mailed check,73.65,4934.23,Yes
1250-GSQO,Male,0,Yes,No,38,Yes,No,No,No internet service,No internet service,No internet service,No internet service,No internet service,No internet service,Month-to-month,Yes,Electronic check,40.15,1528.37,No
2960-OQUY,Male,0,Yes,Yes,59,Yes,No,Fiber optic,Yes,Yes,No,Yes,Yes,No,One year,Yes,Bank transfer (automatic),109.15,6440.51,No
2148-WOYI,Female,0,Yes,No,49,No,No phone service,No,No internet service,No internet service,No internet service,No internet service,No internet service,No internet service,Two year,Yes,Bank transfer (automatic),18.25,900.28,No
7856-UIKM,Male,0,No,No,19,No,No phone service,Fiber optic,No,Yes,No,No,Yes,No,Two year,No,Electronic check,72.83,1389.33,No
6287-UIKM,Male,0,No,Yes,46,Yes,No,Fiber optic,Yes,Yes,No,Yes,No,No,One year,No,Bank transfer (automatic),105.2,4842.83,Yes
7575-TFDB,Female,0,No,No,34,Yes,No,Fiber optic,No,No,No,No,No,No,Month-to-month,Yes,Mailed check,88.48,3009.43,No
1201-VLRX,Male,0,Yes,Yes,25,Yes,No,DSL,No,No,No,No,Yes,Yes,Month-to-month,Yes,Electronic check,85.5,2140.15,Yes
1571-QWIU,Female,0,No,No,41,Yes,No,Fiber optic,No,No,No,Yes,Yes,No,Month-to-month,Yes,Credit card (automatic),99.49,4083.37,No
6336-XRFT,Female,0,Yes,No,33,Yes,Yes,Fiber optic,Yes,No,No,Yes,No,No,One year,Yes,Mailed check,111.79,3687.53,Yes
8761-PTBJ,Male,0,No,No,51,Yes,No,DSL,No,Yes,Yes,No,Yes,No,Month-to-month,Yes,Electronic check,74.87,3814.39,Yes
6242-BDHL,Female,1,No,No,61,Yes,Yes,Fiber optic,Yes,No,No,No,Yes,No,One year,No,Electronic check,108.2,6603.17,No
2794-JBLV,Male,1,No,Yes,3,Yes,Yes,No,No internet service,No internet service,No internet service,No internet service,No internet service,No internet service,One year,Yes,Bank transfer (automatic),50.61,142.99,Yes
3324-IYEK,Male,0,No,Yes,54,Yes,Yes,Fiber optic,No,No,No,No,No,No,Month-to-month,No,Electronic check,95.78,5178.33,Yes
2077-QWIU,Female,0,Yes,Yes,55,Yes,Yes,No,No internet service,No internet service,No internet service,No internet service,No internet service,No internet service,Month-to-month,Yes,Mailed check,51.11,2819.86,Yes
9577-PTBJ,Male,0,Yes,No,7,Yes,No,No,No internet service,No internet service,No internet service,No internet service,No internet service,No internet service,Month-to-month,Yes,Bank transfer (automatic),41.12,290.53,Yes
9362-QWIU,Female,1,No,No,37,Yes,Yes,Fiber optic,No,No,No,No,No,Yes,Month-to-month,Yes,Bank transfer (automatic),102.94,3806.35,Yes
9210-IYEK,Female,1,No,No,34,Yes,Yes,DSL,Yes,No,No,Yes,Yes,Yes,Two year,No,Bank transfer (automatic),112.13,3812.4,Yes
6311-OQUY,Male,0,No,Yes,18,Yes,Yes,DSL,No,Yes,No,No,No,Yes,Month-to-month,Yes,Electronic check,86.67,1554.29,Yes
9662-NNNN,Female,0,No,No,56,Yes,Yes,DSL,No,Yes,No,Yes,Yes,Yes,Month-to-month,No,Electronic check,102.0,5710.29,Yes
4907-TFDB,Female,0,Yes,Yes,57,Yes,No,Fiber optic,Yes,No,No,Yes,Yes,Yes,One year,Yes,Credit card (automatic),118.75,6775.23,No
4642-XRFT,Male,0,Yes,No,71,Yes,Yes,DSL,No,No,Yes,No,No,Yes,Month-to-month,Yes,Credit card (automatic),83.28,5911.06,No
8353-YUME,Female,1,Yes,No,10,Yes,Yes,DSL,No,No,Yes,No,No,No,Month-to-month,No,Bank transfer (automatic),71.1,707.77,Yes
1974-NNNN,Male,0,No,Yes,38,Yes,No,DSL,Yes,No,No,Yes,Yes,No,One year,No,Credit card (automatic),93.28,3542.69,No
8650-RZPF,Female,0,Yes,Yes,2,Yes,No,Fiber optic,No,No,No,No,No,No,Month-to-month,Yes,Mailed check,83.52,165.75,Yes
7587-BDHL,Female,0,Yes,No,55,Yes,No,Fiber optic,No,Yes,No,Yes,Yes,No,One year,No,Electronic check,101.88,5611.94,Yes
5163-KESG,Female,0,No,No,16,Yes,No,No,No internet service,No internet service,No internet service,No internet service,No internet service,No internet service,One year,Yes,Mailed check,38.34,613.66,No
9321-PTBJ,Male,0,Yes,No,63,Yes,No,DSL,No,Yes,No,Yes,No,Yes,Month-to-month,Yes,Mailed check,85.56,5389.77,No
6882-CGOW,Male,0,Yes,No,9,Yes,No,Fiber optic,No,No,No,Yes,Yes,No,Two year,No,Electronic check,105.37,952.48,No
3261-TFDB,Female,0,Yes,Yes,64,Yes,No,DSL,No,Yes,Yes,Yes,No,Yes,Two year,No,Bank transfer (automatic),87.87,5621.62,No
1635-SCWQ,Male,1,No,Yes,13,Yes,Yes,No,No internet service,No internet service,No internet service,No internet service,No internet service,No internet service,Month-to-month,Yes,Credit card (automatic),49.42,648.67,No
3931-NNNN,Female,0,Yes,No,53,Yes,Yes,Fiber optic,Yes,Yes,No,Yes,Yes,Yes,Month-to-month,Yes,Electronic check,118.75,6295.91,Yes
5652-TFDB,Male,0,Yes,Yes,26,Yes,Yes,Fiber optic,Yes,No,Yes,Yes,Yes,No,Month-to-month,Yes,Credit card (automatic),118.75,3085.17,Yes
7915-XRFT,Male,0,Yes,No,43,Yes,No,DSL,No,No,No,Yes,No,No,Month-to-month,Yes,Mailed check,66.87,2874.6,No
5487-XRFT,Male,0,Yes,No,32,Yes,No,Fiber optic,Yes,No,Yes,No,No,No,One year,Yes,Bank transfer (automatic),91.61,2934.4,Yes
3181-ZXTP,Male,0,No,No,16,Yes,Yes,No,No internet service,No internet service,No internet service,No internet service,No internet service,No internet service,Month-to-month,Yes,Mailed check,45.14,721.49,No
8648-LHZR,Male,1,Yes,Yes,44,Yes,Yes,No,No internet service,No internet service,No internet service,No internet service,No internet service,No internet service,Month-to-month,No,Credit card (automatic),49.06,2159.65,No
1929-CGOW,Female,1,No,No,19,Yes,Yes,Fiber optic,No,No,Yes,Yes,No,Yes,Month-to-month,Yes,Electronic check,111.45,2121.67,Yes
9177-OQUY,Female,1,Yes,No,12,Yes,Yes,DSL,No,No,No,No,No,No,Two year,Yes,Credit card (automatic),71.81,872.26,Yes
6644-OQUY,Male,0,No,No,65,Yes,No,Fiber optic,Yes,Yes,Yes,Yes,No,No,Month-to-month,Yes,Mailed check,96.22,6262.76,No
2603-VLRX,Male,0,No,No,58,Yes,No,Fiber optic,No,No,No,No,No,No,One year,No,Credit card (automatic),89.86,5217.04,No
6699-YUME,Female,0,Yes,Yes,49,Yes,No,Fiber optic,No,No,Yes,No,No,No,One year,No,Mailed check,84.79,4149.03,Yes
3255-QWIU,Male,0,Yes,No,47,Yes,Yes,Fiber optic,No,No,No,Yes,Yes,No,Month-to-month,Yes,Electronic check,117.72,5528.11,Yes
7806-KESG,Male,0,No,Yes,40,Yes,Yes,DSL,Yes,No,Yes,Yes,No,No,Month-to-month,Yes,Bank transfer (automatic),90.74,3633.54,Yes
5251-YUME,Female,0,No,No,44,Yes,Yes,DSL,No,No,No,No,No,No,Month-to-month,No,Electronic check,73.16,3212.27,No
8345-JBLV,Male,1,Yes,No,57,No,No phone service,No,No internet service,No internet service,No internet service,No internet service,No internet service,No internet service,One year,Yes,Mailed check,20.51,1166.0,No
7079-VLRX,Male,0,No,No,51,Yes,Yes,Fiber optic,Yes,Yes,No,No,No,Yes,Month-to-month,No,Credit card (automatic),118.41,6041.95,Yes
9102-KESG,Female,0,No,Yes,53,Yes,Yes,Fiber optic,No,No,No,No,No,No,Two year,Yes,Credit card (automatic),98.03,5199.37,No
9751-UIKM,Female,0,Yes,Yes,0,Yes,Yes,Fiber optic,No,No,No,No,Yes,Yes,Month-to-month,No,Electronic check,111.19,0.0,Yes
1418-VLRX,Female,1,No,Yes,60,Yes,Yes,No,No internet service,No internet service,No internet service,No internet service,No internet service,No internet service,One year,No,Mailed check,47.53,2852.15,No
8605-JBLV,Female,0,No,Yes,61,Yes,Yes,Fiber optic,No,Yes,Yes,No,No,No,Two year,Yes,Bank transfer (automatic),94.18,5742.99,No
8570-XRFT,Female,0,No,No,21,Yes,Yes,Fiber optic,No,No,Yes,No,Yes,Yes,Month-to-month,Yes,Electronic check,112.08,2348.76,Yes
8117-IYEK,Female,0,No,Yes,1,Yes,Yes,No,No internet service,No internet service,No internet service,No internet service,No internet service,No internet service,One year,Yes,Electronic check,47.0,42.11,Yes
8350-LHZR,Female,1,Yes,No,26,Yes,No,Fiber optic,No,Yes,No,No,Yes,Yes,One year,Yes,Credit card (automatic),104.29,2710.82,Yes
1201-MKGC,Male,0,Yes,No,31,No,No phone service,Fiber optic,Yes,No,Yes,No,Yes,No,One year,Yes,Credit card (automatic),82.14,2544.57,No
6609-AAAA,Male,0,No,No,51,Yes,No,Fiber optic,Yes,No,Yes,Yes,Yes,Yes,Month-to-month,Yes,Bank transfer (automatic),118.51,6040.74,Yes
9418-CGOW,Male,1,No,No,14,Yes,Yes,No,No internet service,No internet service,No internet service,No internet service,No internet service,No internet service,Month-to-month,Yes,Credit card (automatic),46.67,651.73,Yes
3817-JBLV,Male,0,No,No,39,Yes,Yes,Fiber optic,No,Yes,No,No,Yes,Yes,Month-to-month,No,Mailed check,112.29,4382.11,No
1300-QWIU,Female,1,No,Yes,27,Yes,No,No,No internet service,No internet service,No internet service,No internet service,No internet service,No internet service,Month-to-month,Yes,Electronic check,40.6,1095.74,Yes
2759-RZPF,Female,0,Yes,No,68,Yes,Yes,Fiber optic,Yes,No,No,Yes,No,No,Month-to-month,Yes,Credit card (automatic),111.88,7607.01,No
5732-FPJD,Male,0,Yes,No,8,Yes,No,Fiber optic,No,No,No,Yes,No,No,Month-to-month,No,Credit card (automatic),100.01,797.26,Yes
4854-QWIU,Female,0,Yes,Yes,24,Yes,No,Fiber optic,Yes,No,No,No,No,Yes,Month-to-month,Yes,Mailed check,106.66,2564.62,Yes
1767-WOYI,Male,0,Yes,No,12,Yes,No,No,No internet service,No internet service,No internet service,No internet service,No internet service,No internet service,Two year,Yes,Bank transfer (automatic),39.8,473.51,Yes
7257-GSQO,Female,0,Yes,No,29,Yes,No,Fiber optic,No,No,Yes,Yes,No,Yes,Two year,No,Mailed check,98.38,2849.34,No
6164-MKGC,Male,1,Yes,No,41,Yes,Yes,DSL,Yes,No,Yes,No,No,No,Month-to-month,Yes,Credit card (automatic),83.7,3428.85,Yes
8657-ZXTP,Female,0,Yes,No,6,Yes,Yes,DSL,No,No,Yes,No,No,No,Two year,No,Electronic check,74.59,446.14,Yes
5372-NNNN,Female,1,Yes,Yes,14,Yes,No,DSL,No,No,Yes,No,Yes,No,Two year,Yes,Mailed check,79.19,1112.75,Yes
8173-BDHL,Female,1,Yes,No,4,Yes,No,Fiber optic,No,Yes,No,Yes,No,Yes,Month-to-month,Yes,Electronic check,103.22,408.9,Yes
8340-JBLV,Male,1,No,No,67,Yes,Yes,Fiber optic,Yes,Yes,No,No,No,No,Month-to-month,Yes,Credit card (automatic),100.31,6724.19,Yes
9415-EMCS,Female,0,Yes,No,34,Yes,Yes,DSL,Yes,Yes,Yes,No,No,No,Two year,Yes,Credit card (automatic),83.91,2848.08,Yes
5178-ZXTP,Male,0,No,No,44,Yes,Yes,No,No internet service,No internet service,No internet service,No internet service,No internet service,No internet service,One year,No,Bank transfer (automatic),52.49,2304.94,Yes
7982-SCWQ,Male,0,No,No,43,Yes,Yes,Fiber optic,No,No,No,No,No,No,Month-to-month,Yes,Electronic check,96.19,4140.53,No
8418-LHZR,Male,1,Yes,No,52,No,No phone service,DSL,Yes,No,No,Yes,Yes,No,One year,Yes,Electronic check,69.45,3611.18,No
2946-BDHL,Male,0,No,No,24,Yes,No,Fiber optic,No,Yes,No,Yes,Yes,No,Two year,No,Electronic check,104.48,2509.28,No
5408-NNNN,Female,1,No,Yes,35,Yes,Yes,No,No internet service,No internet service,No internet service,No internet service,No internet service,No internet service,Month-to-month,Yes,Credit card (automatic),46.03,1608.46,Yes
5421-MKGC,Female,0,Yes,Yes,3,Yes,No,DSL,No,No,Yes,No,Yes,Yes,Month-to-month,Yes,Electronic check,84.09,249.8,Yes
4074-TFDB,Female,1,No,No,52,Yes,No,No,No internet service,No internet service,No internet service,No internet service,No internet service,No internet service,Month-to-month,Yes,Electronic check,43.62,2266.37,Yes
8162-RZPF,Male,0,Yes,No,5,Yes,No,Fiber optic,Yes,No,No,Yes,No,No,Two year,Yes,Electronic check,97.34,487.29,Yes
1161-GSQO,Male,0,Yes,No,34,Yes,Yes,No,No internet service,No internet service,No internet service,No internet service,No internet service,No internet service,Month-to-month,Yes,Credit card (automatic),50.34,1718.73,Yes
9976-WOYI,Male,0,No,Yes,2,No,No phone service,Fiber optic,Yes,No,Yes,No,No,Yes,Month-to-month,Yes,Electronic check,80.47,167.4,Yes
8996-GSQO,Female,0,No,No,60,No,No phone service,No,No internet service,No internet service,No internet service,No internet service,No internet service,No internet service,Month-to-month,Yes,Electronic check,20.87,1245.03,No
4278-RZPF,Female,0,No,No,66,Yes,Yes,DSL,No,Yes,No,Yes,Yes,No,Month-to-month,Yes,Electronic check,94.12,6211.28,No
7704-CGOW,Male,0,Yes,Yes,25,Yes,No,DSL,Yes,No,No,Yes,No,Yes,Month-to-month,No,Mailed check,94.88,2378.11,No
9417-DJVH,Male,0,No,No,27,No,No phone service,No,No internet service,No internet service,No internet service,No internet service,No internet service,No internet service,Month-to-month,No,Electronic check,18.25,498.17,Yes
7240-VLRX,Male,0,No,Yes,51,Yes,Yes,DSL,Yes,Yes,No,No,No,No,Two year,Yes,Bank transfer (automatic),85.87,4384.62,No
8214-QWIU,Male,0,Yes,Yes,65,No,No phone service,Fiber optic,Yes,Yes,Yes,No,No,Yes,Month-to-month,Yes,Mailed check,77.55,5036.03,Yes
4304-WOYI,Female,0,No,Yes,26,Yes,No,DSL,No,Yes,No,No,No,Yes,Month-to-month,No,Credit card (automatic),79.2,2070.48,No
9004-AAAA,Male,0,No,No,3,Yes,No,DSL,No,Yes,No,Yes,Yes,Yes,One year,Yes,Credit card (automatic),90.91,273.93,No
9605-QWIU,Male,0,No,No,20,Yes,Yes,Fiber optic,Yes,Yes,No,Yes,Yes,Yes,One year,No,Mailed check,118.75,2367.49,Yes
7411-FPJD,Female,0,Yes,Yes,39,Yes,Yes,No,No internet service,No internet service,No internet service,No internet service,No internet service,No internet service,Two year,Yes,Electronic check,49.37,1924.71,No
3902-AAAA,Male,0,No,No,38,Yes,No,No,No internet service,No internet service,No internet service,No internet service,No internet service,No internet service,One year,No,Bank transfer (automatic),39.06,1481.45,No
3097-IYEK,Female,0,Yes,Yes,66,Yes,No,No,No internet service,No internet service,No internet service,No internet service,No internet service,No internet service,Two year,No,Bank transfer (automatic),42.4,2794.1,No
6326-LHZR,Male,0,Yes,No,11,No,No phone service,Fiber optic,No,Yes,No,No,No,Yes,Two year,Yes,Mailed check,72.82,803.7,No
8683-HVXZ,Male,0,Yes,No,46,Yes,Yes,DSL,No,No,Yes,Yes,No,No,Month-to-month,Yes,Credit card (automatic),84.58,3899.7,No
8694-IYEK,Female,0,Yes,No,39,Yes,No,Fiber optic,No,No,No,Yes,No,Yes,Month-to-month,Yes,Electronic check,105.21,4103.18,Yes
3976-UIKM,Female,0,No,No,63,Yes,No,Fiber optic,No,No,Yes,Yes,Yes,Yes,One year,No,Bank transfer (automatic),109.15,6880.18,No
9186-VLRX,Female,1,Yes,Yes,69,Yes,Yes,No,No internet service,No internet service,No internet service,No internet service,No internet service,No internet service,Two year,Yes,Electronic check,48.83,3360.5,No
6428-OQUY,Male,0,No,No,53,Yes,Yes,Fiber optic,No,Yes,Yes,No,No,No,One year,Yes,Mailed check,94.58,5014.77,No
2367-UIKM,Male,0,No,Yes,39,Yes,Yes,No,No internet service,No internet service,No internet service,No internet service,No internet service,No internet service,Month-to-month,Yes,Credit card (automatic),51.0,1996.59,Yes
7819-QWIU,Male,0,No,No,22,Yes,Yes,Fiber optic,No,No,Yes,Yes,Yes,Yes,One year,Yes,Credit card (automatic),118.75,2614.16,Yes
1225-CGOW,Male,0,No,No,24,Yes,No,No,No internet service,No internet service,No internet service,No internet service,No internet service,No internet service,Month-to-month,Yes,Electronic check,38.23,918.56,Yes
2036-FPJD,Male,0,No,Yes,67,Yes,Yes,No,No internet service,No internet service,No internet service,No internet service,No internet service,No internet service,Month-to-month,Yes,Mailed check,44.26,2965.57,No
9652-WOYI,Female,0,Yes,No,29,Yes,No,DSL,Yes,Yes,Yes,Yes,No,No,One year,Yes,Credit card (automatic),80.45,2329.79,No
3042-CGOW,Female,0,No,Yes,36,Yes,No,Fiber optic,No,No,No,Yes,No,No,One year,Yes,Bank transfer (automatic),99.54,3581.59,Yes
3941-EMCS,Female,1,No,No,34,Yes,No,Fiber optic,Yes,No,No,No,Yes,No,Month-to-month,Yes,Bank transfer (automatic),107.07,3634.46,Yes
3832-YUME,Male,0,No,No,62,Yes,Yes,No,No internet service,No internet service,No internet service,No internet service,No internet service,No internet service,Two year,Yes,Bank transfer (automatic),49.5,3065.05,Yes
1320-ZXTP,Female,0,No,No,51,No,No phone service,Fiber optic,Yes,Yes,No,No,Yes,No,Month-to-month,Yes,Credit card (automatic),80.69,4114.04,No
5383-EMCS,Male,0,No,Yes,64,Yes,No,No,No internet service,No internet service,No internet service,No internet service,No internet service,No internet service,One year,Yes,Bank transfer (automatic),40.72,2599.4,No
1823-PTBJ,Male,1,Yes,No,23,Yes,No,No,No internet service,No internet service,No internet service,No internet service,No internet service,No internet service,Month-to-month,No,Electronic check,38.03,876.01,Yes
2686-PTBJ,Female,0,No,No,47,Yes,No,No,No internet service,No internet service,No internet service,No internet service,No internet service,No internet service,One year,No,Bank transfer (automatic),40.1,1888.13,No
3327-FPJD,Male,0,No,No,51,Yes,Yes,No,No internet service,No internet service,No internet service,No internet service,No internet service,No internet service,Month-to-month,Yes,Credit card (automatic),49.39,2516.41,Yes
7653-EMCS,Female,0,Yes,Yes,10,Yes,No,DSL,No,No,Yes,No,Yes,Yes,Month-to-month,No,Mailed check,91.49,919.42,Yes
1395-XRFT,Male,0,Yes,Yes,35,Yes,Yes,Fiber optic,No,Yes,No,No,No,No,Two year,No,Bank transfer (automatic),96.54,3388.49,No
8867-MKGC,Female,0,Yes,Yes,31,No,No phone service,DSL,No,No,Yes,No,No,No,Month-to-month,Yes,Electronic check,47.68,1482.12,Yes
2167-BDHL,Female,0,Yes,Yes,23,No,No phone service,DSL,No,Yes,No,Yes,No,Yes,Two year,Yes,Mailed check,62.58,1438.86,No
2216-YUME,Female,0,No,No,35,Yes,Yes,DSL,No,No,Yes,No,No,No,Month-to-month,No,Electronic check,75.89,2652.9,Yes
8537-WOYI,Female,0,Yes,No,28,Yes,No,DSL,No,No,No,No,Yes,No,Month-to-month,No,Credit card (automatic),75.52,2107.14,Yes
9212-VLRX,Male,0,No,No,64,Yes,Yes,DSL,No,No,No,Yes,No,No,Month-to-month,No,Bank transfer (automatic),82.92,5311.67,Yes
4096-AAAA,Male,0,No,Yes,32,Yes,No,Fiber optic,No,No,Yes,Yes,No,No,One year,Yes,Mailed check,92.17,2953.87,No
2019-UIKM,Male,1,No,No,70,Yes,Yes,DSL,Yes,Yes,No,No,No,No,One year,No,Electronic check,84.35,5898.58,No
4486-BDHL,Male,0,Yes,No,41,No,No phone service,No,No internet service,No internet service,No internet service,No internet service,No internet service,No internet service,Month-to-month,Yes,Mailed check,21.08,868.11,No
8618-FPJD,Male,0,Yes,No,69,Yes,Yes,Fiber optic,No,No,No,Yes,No,No,Two year,No,Mailed check,102.62,7085.31,Yes
7984-IYEK,Female,0,Yes,No,32,Yes,No,Fiber optic,Yes,No,No,No,No,No,Month-to-month,No,Mailed check,92.59,2957.42,Yes
3897-DJVH,Female,0,No,No,68,Yes,Yes,DSL,No,No,No,No,Yes,Yes,Month-to-month,Yes,Mailed check,97.73,6649.6,Yes
8115-JBLV,Female,0,Yes,No,29,Yes,No,Fiber optic,No,No,No,Yes,Yes,Yes,Month-to-month,Yes,Bank transfer (automatic),112.53,3265.17,Yes
8595-SCWQ,Male,0,Yes,Yes,44,Yes,No,DSL,No,No,Yes,Yes,No,No,One year,No,Electronic check,74.98,3298.2,No
9392-JBLV,Male,0,Yes,No,5,Yes,No,Fiber optic,No,Yes,No,Yes,No,Yes,Month-to-month,Yes,Credit card (automatic),103.16,509.94,Yes
8890-DJVH,Female,1,Yes,Yes,71,Yes,Yes,Fiber optic,No,Yes,Yes,No,Yes,No,One year,Yes,Credit card (automatic),110.8,7875.88,No
2072-QWIU,Female,0,Yes,Yes,23,Yes,No,Fiber optic,No,No,Yes,No,No,No,Two year,No,Mailed check,86.17,1981.56,Yes
8832-MKGC,Female,0,No,No,52,No,No phone service,Fiber optic,No,Yes,No,Yes,No,No,Month-to-month,Yes,Bank transfer (automatic),74.51,3863.58,Yes
2500-NNNN,Female,1,Yes,Yes,72,Yes,No,No,No internet service,No internet service,No internet service,No internet service,No internet service,No internet service,Two year,Yes,Bank transfer (automatic),41.87,3015.32,No
1767-EMCS,Female,0,Yes,Yes,64,Yes,No,Fiber optic,No,No,No,No,Yes,Yes,Month-to-month,Yes,Bank transfer (automatic),105.74,6763.96,Yes
7019-RZPF,Male,0,No,No,4,No,No phone service,Fiber optic,No,Yes,Yes,Yes,No,Yes,Month-to-month,Yes,Credit card (automatic),85.59,338.34,Yes
7273-NNNN,Female,1,No,Yes,48,No,No phone service,No,No internet service,No internet service,No internet service,No internet service,No internet service,No internet service,Month-to-month,Yes,Bank transfer (automatic),23.06,1108.19,Yes
3979-CGOW,Female,0,Yes,No,31,Yes,Yes,No,No internet service,No internet service,No internet service,No internet service,No internet service,No internet service,Two year,No,Credit card (automatic),50.09,1547.29,Yes
6088-WOYI,Female,0,No,No,11,Yes,No,Fiber optic,No,No,No,No,No,Yes,One year,Yes,Electronic check,91.76,1014.69,Yes
6672-IYEK,Female,1,No,No,5,Yes,No,No,No internet service,No internet service,No internet service,No internet service,No internet service,No internet service,Month-to-month,No,Credit card (automatic),40.79,197.52,No
2248-CGOW,Male,0,Yes,Yes,44,Yes,Yes,No,No internet service,No internet service,No internet service,No internet service,No internet service,No internet service,One year,No,Bank transfer (automatic),51.8,2281.93,No
5496-QWIU,Female,0,Yes,Yes,28,Yes,No,No,No internet service,No internet service,No internet service,No internet service,No internet service,No internet service,Month-to-month,Yes,Credit card (automatic),36.08,1012.54,No
3597-RZPF,Female,0,No,Yes,15,Yes,Yes,Fiber optic,Yes,No,No,No,Yes,No,Two year,Yes,Mailed check,115.32,1730.36,No
5247-HVXZ,Male,1,Yes,No,5,Yes,No,Fiber optic,Yes,Yes,No,Yes,Yes,Yes,Month-to-month,No,Bank transfer (automatic),116.54,578.33,Yes
6636-MKGC,Male,1,Yes,No,44,Yes,Yes,DSL,No,No,Yes,Yes,No,No,One year,No,Mailed check,87.04,3824.31,No
8469-LHZR,Male,0,No,Yes,61,Yes,No,Fiber optic,Yes,Yes,Yes,No,Yes,No,Month-to-month,No,Mailed check,104.63,6383.0,Yes
1374-GSQO,Female,0,No,No,46,No,No phone service,Fiber optic,No,No,No,No,No,Yes,One year,Yes,Electronic check,78.93,3622.99,No
3387-UIKM,Male,0,Yes,No,25,Yes,No,DSL,Yes,Yes,No,No,No,No,Month-to-month,No,Mailed check,72.9,1829.06,Yes
4500-AAAA,Female,0,No,No,28,Yes,No,Fiber optic,No,No,Yes,No,No,Yes,Month-to-month,Yes,Electronic check,94.27,2638.35,Yes
2806-VLRX,Female,0,No,No,15,Yes,No,DSL,Yes,No,No,Yes,No,No,Month-to-month,Yes,Mailed check,77.93,1171.41,Yes
6599-UIKM,Male,0,Yes,No,36,Yes,No,DSL,No,No,Yes,Yes,No,No,One year,Yes,Bank transfer (automatic),75.7,2731.68,Yes
1933-LHZR,Male,0,Yes,No,56,Yes,No,Fiber optic,No,Yes,No,Yes,No,No,Month-to-month,No,Mailed check,98.05,5488.99,No
6033-YUME,Female,0,No,Yes,69,Yes,Yes,No,No internet service,No internet service,No internet service,No internet service,No internet service,No internet service,Month-to-month,Yes,Credit card (automatic),47.39,3281.11,No
7583-SCWQ,Female,0,Yes,No,0,Yes,No,DSL,No,No,Yes,Yes,Yes,No,Two year,Yes,Mailed check,86.4,0.0,No
8813-OQUY,Male,1,No,No,4,Yes,No,Fiber optic,No,No,Yes,No,No,No,Month-to-month,No,Mailed check,88.33,356.89,Yes
5654-AAAA,Female,0,No,No,68,Yes,No,Fiber optic,No,No,Yes,No,No,No,Two year,Yes,Bank transfer (automatic),83.72,5686.34,No
1302-UIKM,Female,0,Yes,No,23,Yes,Yes,Fiber optic,No,No,No,No,No,No,One year,No,Credit card (automatic),91.87,2111.27,Yes
2996-FPJD,Male,0,No,Yes,64,Yes,No,Fiber optic,No,No,No,No,No,Yes,Month-to-month,No,Credit card (automatic),92.16,5896.17,Yes
5570-IYEK,Female,0,Yes,Yes,26,No,No phone service,Fiber optic,No,No,Yes,No,No,No,Month-to-month,Yes,Mailed check,66.42,1726.84,Yes
8279-LHZR,Female,0,Yes,No,35,No,No phone service,Fiber optic,No,No,No,No,No,No,Month-to-month,Yes,Mailed check,68.75,2407.84,Yes
4511-YUME,Female,0,Yes,No,37,Yes,Yes,Fiber optic,No,No,Yes,No,Yes,No,One year,Yes,Electronic check,106.92,3960.37,No
9420-IYEK,Female,0,Yes,No,6,Yes,No,No,No internet service,No internet service,No internet service,No internet service,No internet service,No internet service,One year,No,Bank transfer (automatic),41.87,254.16,Yes
3713-FPJD,Male,0,Yes,No,12,Yes,No,No,No internet service,No internet service,No internet service,No internet service,No internet service,No internet service,Month-to-month,No,Bank transfer (automatic),39.97,478.72,No
6696-WOYI,Male,0,No,No,28,Yes,No,No,No internet service,No internet service,No internet service,No internet service,No internet service,No internet service,Month-to-month,No,Mailed check,40.72,1141.1,Yes
4041-IYEK,Male,0,No,No,34,Yes,No,No,No internet service,No internet service,No internet service,No internet service,No internet service,No internet service,Month-to-month,Yes,Mailed check,40.22,1360.38,Yes
9719-GSQO,Male,0,No,No,27,Yes,No,DSL,Yes,No,No,No,Yes,Yes,Month-to-month,No,Electronic check,93.56,2532.18,Yes
8576-UIKM,Female,0,No,No,55,Yes,Yes,DSL,No,Yes,No,Yes,No,Yes,Two year,Yes,Electronic check,86.05,4739.15,No
9636-YUME,Male,0,Yes,No,6,Yes,No,Fiber optic,Yes,No,No,Yes,No,No,Month-to-month,Yes,Bank transfer (automatic),99.15,593.5,Yes
8083-KESG,Female,0,Yes,Yes,17,Yes,Yes,Fiber optic,Yes,No,No,Yes,Yes,No,One year,No,Mailed check,118.75,2019.34,No
5855-CGOW,Female,0,No,No,42,Yes,No,Fiber optic,No,Yes,Yes,Yes,No,No,One year,Yes,Electronic check,90.54,3800.16,No
3330-IYEK,Female,0,Yes,Yes,50,No,No phone service,DSL,Yes,No,Yes,Yes,No,No,Two year,Yes,Electronic check,60.36,3022.9,No
1504-RZPF,Female,1,Yes,No,1,Yes,Yes,No,No internet service,No internet service,No internet service,No internet service,No internet service,No internet service,Month-to-month,Yes,Mailed check,48.79,55.31,Yes
5357-LHZR,Male,0,No,No,68,Yes,No,DSL,No,No,No,Yes,Yes,Yes,Two year,No,Electronic check,90.93,6186.67,No
5799-EMCS,Female,0,Yes,No,12,Yes,Yes,DSL,No,Yes,No,Yes,No,No,One year,Yes,Mailed check,84.56,1015.14,Yes
1556-IYEK,Male,0,Yes,Yes,64,Yes,Yes,No,No internet service,No internet service,No internet service,No internet service,No internet service,No internet service,One year,Yes,Electronic check,55.23,3527.86,No
9795-KESG,Male,0,No,No,7,Yes,Yes,Fiber optic,Yes,Yes,No,Yes,No,No,Month-to-month,Yes,Mailed check,108.41,763.62,Yes
7614-QWIU,Female,0,No,No,37,Yes,Yes,DSL,No,Yes,No,No,No,No,Two year,Yes,Bank transfer (automatic),80.44,2979.81,No
8522-RZPF,Male,0,No,No,45,Yes,Yes,Fiber optic,No,No,No,No,Yes,No,Month-to-month,Yes,Mailed check,104.03,4687.18,Yes
3062-ZXTP,Female,0,Yes,Yes,22,Yes,No,No,No internet service,No internet service,No internet service,No internet service,No internet service,No internet service,Month-to-month,No,Mailed check,42.97,941.08,Yes
7479-RZPF,Female,1,No,Yes,70,Yes,Yes,DSL,Yes,Yes,Yes,No,No,No,Month-to-month,No,Mailed check,84.07,5878.43,Yes
9961-NNNN,Female,1,Yes,Yes,15,Yes,Yes,DSL,No,Yes,No,No,No,Yes,One year,No,Electronic check,88.61,1329.03,Yes
1734-UIKM,Male,0,Yes,Yes,58,Yes,Yes,Fiber optic,No,Yes,Yes,No,Yes,Yes,Month-to-month,Yes,Credit card (automatic),112.32,6514.9,No
9146-DJVH,Female,0,Yes,No,65,Yes,Yes,DSL,No,No,Yes,No,No,No,Month-to-month,No,Electronic check,79.4,5167.19,Yes
7487-XRFT,Female,0,Yes,Yes,62,Yes,No,Fiber optic,No,Yes,Yes,No,No,Yes,One year,No,Mailed check,94.6,5865.63,Yes
1249-FPJD,Male,0,Yes,Yes,30,Yes,No,Fiber optic,Yes,No,No,No,Yes,Yes,Month-to-month,No,Mailed check,110.2,3312.59,Yes
6904-JBLV,Male,0,No,No,24,Yes,No,No,No internet service,No internet service,No internet service,No internet service,No internet service,No internet service,Month-to-month,Yes,Electronic check,38.26,918.05,Yes
4310-YUME,Female,0,Yes,No,45,Yes,Yes,DSL,Yes,Yes,No,No,Yes,No,Month-to-month,No,Credit card (automatic),92.23,4151.83,Yes
1158-JBLV,Female,0,No,Yes,51,Yes,Yes,DSL,Yes,Yes,No,No,No,No,Month-to-month,Yes,Bank transfer (automatic),87.73,4478.18,No
8296-SCWQ,Male,0,No,No,46,Yes,No,Fiber optic,Yes,Yes,Yes,No,No,No,Month-to-month,No,Electronic check,93.27,4291.94,No
2564-BDHL,Female,1,No,No,45,Yes,No,Fiber optic,No,No,No,No,No,No,One year,Yes,Credit card (automatic),79.89,3593.69,No
1588-BDHL,Male,0,No,Yes,12,Yes,No,DSL,Yes,No,Yes,Yes,No,Yes,One year,No,Mailed check,96.64,1156.34,Yes
6585-AAAA,Male,0,Yes,No,42,Yes,No,Fiber optic,Yes,Yes,No,Yes,No,Yes,Month-to-month,No,Electronic check,110.13,4632.5,No
5356-UIKM,Male,0,No,No,5,Yes,No,No,No internet service,No internet service,No internet service,No internet service,No internet service,No internet service,Two year,Yes,Mailed check,41.28,206.74,No
9230-HVXZ,Female,0,No,No,58,Yes,No,Fiber optic,Yes,Yes,No,No,Yes,Yes,Month-to-month,No,Electronic check,107.69,6247.91,Yes
2812-QWIU,Male,1,Yes,Yes,7,Yes,Yes,Fiber optic,Yes,No,No,No,No,No,Two year,Yes,Electronic check,102.38,719.74,Yes
3113-LHZR,Female,0,Yes,No,61,No,No phone service,Fiber optic,No,No,Yes,Yes,No,No,Month-to-month,Yes,Bank transfer (automatic),74.01,4515.86,No
1827-CGOW,Female,1,No,Yes,53,Yes,Yes,DSL,Yes,No,Yes,No,Yes,Yes,One year,Yes,Mailed check,102.31,5432.37,Yes
7938-JBLV,Male,0,Yes,Yes,72,Yes,Yes,Fiber optic,No,No,No,No,Yes,No,One year,Yes,Bank transfer (automatic),105.74,7606.03,Yes
4810-TFDB,Female,0,No,No,37,Yes,No,DSL,Yes,Yes,Yes,No,No,Yes,Two year,No,Mailed check,87.4,3229.78,No
6555-UIKM,Female,0,No,Yes,16,Yes,Yes,Fiber optic,No,Yes,No,No,No,No,One year,Yes,Bank transfer (automatic),95.03,1518.48,Yes
2829-GSQO,Female,0,No,No,26,Yes,No,DSL,Yes,No,Yes,Yes,Yes,Yes,Two year,Yes,Mailed check,101.79,2643.49,No
7617-AAAA,Male,1,Yes,No,47,No,No phone service,Fiber optic,Yes,Yes,No,Yes,Yes,No,Month-to-month,Yes,Electronic check,88.96,4173.92,Yes
1392-NNNN,Male,1,No,No,2,Yes,Yes,Fiber optic,Yes,Yes,Yes,Yes,Yes,Yes,Two year,No,Bank transfer (automatic),118.75,238.5,Yes
6189-CGOW,Female,0,No,No,62,Yes,No,DSL,No,Yes,Yes,Yes,Yes,No,Two year,Yes,Electronic check,81.83,5072.19,No
8880-LHZR,Male,0,No,No,17,No,No phone service,Fiber optic,No,No,No,No,No,No,Month-to-month,No,Bank transfer (automatic),61.68,1053.81,No
8933-VLRX,Male,0,No,No,17,Yes,Yes,DSL,Yes,No,Yes,No,No,Yes,Month-to-month,No,Electronic check,91.71,1561.67,Yes
4010-TFDB,Male,0,Yes,No,63,Yes,Yes,Fiber optic,No,No,No,No,No,No,Month-to-month,Yes,Credit card (automatic),96.15,6057.86,Yes
8572-ZXTP,Male,0,Yes,Yes,1,Yes,No,DSL,Yes,No,Yes,No,Yes,No,Two year,Yes,Credit card (automatic),85.92,92.78,No
8927-ZXTP,Male,0,Yes,No,26,Yes,No,Fiber optic,Yes,Yes,No,No,No,Yes,One year,No,Bank transfer (automatic),102.84,2678.04,No
9787-YUME,Male,1,Yes,No,10,Yes,No,DSL,Yes,No,No,No,No,No,Month-to-month,No,Credit card (automatic),73.18,737.35,Yes
3429-VLRX,Male,0,Yes,Yes,4,Yes,No,Fiber optic,No,No,No,Yes,No,No,One year,Yes,Mailed check,94.04,384.04,Yes
2857-QWIU,Male,0,Yes,Yes,52,Yes,Yes,Fiber optic,Yes,No,Yes,No,Yes,No,Month-to-month,No,Electronic check,111.66,5806.05,Yes
3416-PTBJ,Male,0,Yes,No,10,Yes,No,Fiber optic,No,Yes,Yes,Yes,Yes,No,Month-to-month,No,Electronic check,104.0,1044.4,Yes
6776-FPJD,Male,0,No,No,43,Yes,No,No,No internet service,No internet service,No internet service,No internet service,No internet service,No internet service,Two year,Yes,Electronic check,38.93,1666.13,No
3555-IYEK,Male,1,No,No,38,No,No phone service,Fiber optic,Yes,Yes,No,No,No,No,Month-to-month,No,Bank transfer (automatic),75.27,2870.35,Yes
8269-XRFT,Female,1,Yes,No,10,Yes,Yes,DSL,No,No,Yes,No,Yes,Yes,Two year,No,Mailed check,90.58,901.58,No
6401-NNNN,Male,0,No,No,45,Yes,Yes,Fiber optic,No,Yes,No,No,No,No,Month-to-month,Yes,Electronic check,99.44,4481.67,Yes
2356-GSQO,Male,0,No,No,28,No,No phone service,DSL,No,No,No,Yes,No,No,Two year,No,Credit card (automatic),54.36,1515.96,No
7862-RZPF,Male,1,No,No,26,Yes,No,Fiber optic,No,Yes,No,Yes,No,Yes,Month-to-month,No,Mailed check,103.96,2712.6,No
9453-RZPF,Male,0,No,Yes,56,Yes,Yes,No,No internet service,No internet service,No internet service,No internet service,No internet service,No internet service,Month-to-month,Yes,Credit card (automatic),52.77,2955.4,Yes
8789-IYEK,Male,0,No,No,26,Yes,Yes,Fiber optic,No,Yes,No,Yes,No,No,Two year,Yes,Mailed check,105.84,2736.7,No
2551-PTBJ,Male,0,No,No,66,Yes,No,DSL,No,No,No,No,No,No,Month-to-month,Yes,Bank transfer (automatic),67.76,4477.99,Yes
5086-EMCS,Male,1,Yes,No,12,No,No phone service,DSL,No,No,No,No,No,No,One year,Yes,Electronic check,42.42,495.7,No
5576-EMCS,Male,0,No,No,2,No,No phone service,No,No internet service,No internet service,No internet service,No internet service,No internet service,No internet service,Two year,Yes,Bank transfer (automatic),18.25,37.76,No
5287-VLRX,Male,0,No,Yes,58,Yes,Yes,Fiber optic,No,Yes,No,No,Yes,No,Month-to-month,Yes,Bank transfer (automatic),103.78,6014.02,Yes
6494-PTBJ,Male,1,Yes,Yes,28,Yes,No,No,No internet service,No internet service,No internet service,No internet service,No internet service,No internet service,Month-to-month,Yes,Credit card (automatic),37.28,1041.29,Yes
1946-MKGC,Male,0,No,No,17,Yes,No,No,No internet service,No internet service,No internet service,No internet service,No internet service,No internet service,Two year,Yes,Electronic check,39.84,674.43,No
1716-FPJD,Female,0,Yes,No,13,Yes,Yes,No,No internet service,No internet service,No internet service,No internet service,No internet service,No internet service,Two year,Yes,Mailed check,49.17,636.93,No
3787-JBLV,Male,1,No,No,56,Yes,Yes,Fiber optic,No,Yes,No,No,No,No,Month-to-month,Yes,Credit card (automatic),95.01,5323.82,Yes
8186-SCWQ,Male,0,No,Yes,13,Yes,No,DSL,Yes,No,No,No,Yes,No,Month-to-month,No,Credit card (automatic),82.4,1071.13,Yes
4294-RZPF,Male,0,No,No,50,No,No phone service,No,No internet service,No internet service,No internet service,No internet service,No internet service,No internet service,Month-to-month,Yes,Credit card (automatic),18.47,919.06,No
4489-GSQO,Female,1,Yes,Yes,5,Yes,Yes,No,No internet service,No internet service,No internet service,No internet service,No internet service,No internet service,Month-to-month,Yes,Mailed check,51.99,251.51,Yes
5624-XRFT,Female,1,Yes,Yes,16,Yes,Yes,No,No internet service,No internet service,No internet service,No internet service,No internet service,No internet service,Two year,No,Credit card (automatic),52.46,843.5,No
9345-JBLV,Male,0,Yes,No,47,Yes,No,DSL,Yes,No,Yes,No,Yes,No,Two year,Yes,Mailed check,85.15,4001.43,No
8295-IYEK,Female,0,No,No,12,Yes,No,DSL,No,No,No,Yes,No,Yes,Month-to-month,Yes,Credit card (automatic),83.98,1005.13,Yes
2422-WOYI,Female,0,No,No,3,Yes,No,Fiber optic,Yes,No,No,Yes,Yes,Yes,One year,Yes,Mailed check,118.75,339.37,Yes
3076-XRFT,Male,0,No,No,29,Yes,No,DSL,No,No,No,No,No,Yes,Month-to-month,No,Bank transfer (automatic),74.32,2157.87,Yes
4134-LHZR,Female,0,Yes,Yes,3,Yes,Yes,Fiber optic,Yes,No,No,Yes,No,No,Month-to-month,No,Credit card (automatic),109.39,329.22,Yes
4364-VLRX,Male,0,No,No,2,Yes,No,DSL,No,Yes,Yes,No,No,Yes,Month-to-month,Yes,Mailed check,74.82,143.86,Yes
9549-CGOW,Female,0,No,No,9,Yes,No,Fiber optic,Yes,Yes,No,Yes,No,No,Month-to-month,Yes,Credit card (automatic),100.43,907.22,Yes
3153-LHZR,Female,0,No,No,9,Yes,Yes,No,No internet service,No internet service,No internet service,No internet service,No internet service,No internet service,Month-to-month,Yes,Electronic check,50.26,448.16,No
8776-CGOW,Female,0,No,No,71,Yes,Yes,Fiber optic,No,No,Yes,No,No,Yes,One year,Yes,Electronic check,103.86,7372.08,No
2207-NNNN,Male,0,No,Yes,40,Yes,Yes,DSL,No,Yes,Yes,No,Yes,Yes,Month-to-month,No,Electronic check,93.74,3751.56,Yes
2164-GSQO,Female,0,No,Yes,44,Yes,Yes,Fiber optic,No,No,Yes,No,No,No,Month-to-month,Yes,Electronic check,93.16,4090.57,Yes
9257-ZXTP,Female,0,No,No,2,Yes,No,DSL,Yes,No,Yes,Yes,No,No,Month-to-month,Yes,Electronic check,78.7,159.21,No
2872-ZXTP,Male,0,No,No,29,Yes,No,Fiber optic,No,No,Yes,Yes,Yes,Yes,Two year,No,Electronic check,112.56,3270.84,No
4606-KESG,Male,0,Yes,Yes,44,Yes,No,Fiber optic,Yes,Yes,No,No,Yes,No,Month-to-month,Yes,Mailed check,101.55,4473.94,Yes
6439-DJVH,Male,0,No,No,51,Yes,No,DSL,No,No,Yes,No,No,Yes,Two year,Yes,Electronic check,70.86,3613.19,No
1074-PTBJ,Male,0,Yes,No,14,Yes,Yes,Fiber optic,Yes,No,Yes,No,No,Yes,Month-to-month,No,Credit card (automatic),108.62,1517.72,Yes
2992-CGOW,Female,0,Yes,Yes,51,Yes,No,Fiber optic,Yes,Yes,Yes,No,Yes,No,Month-to-month,No,Electronic check,98.65,5032.75,Yes
7019-HVXZ,Male,0,Yes,Yes,27,Yes,No,DSL,No,No,No,No,Yes,Yes,One year,No,Electronic check,83.7,2262.55,Yes
8542-JBLV,Female,0,No,No,29,Yes,Yes,No,No internet service,No internet service,No internet service,No internet service,No internet service,No internet service,Two year,Yes,Electronic check,48.48,1398.62,No
2260-IYEK,Male,0,No,No,10,Yes,No,Fiber optic,Yes,No,Yes,No,No,No,Month-to-month,Yes,Credit card (automatic),88.53,880.81,Yes
9073-XRFT,Female,1,No,No,63,No,No phone service,Fiber optic,No,Yes,No,No,No,No,Month-to-month,Yes,Credit card (automatic),63.4,3995.23,Yes
4201-OQUY,Female,0,No,No,71,Yes,No,DSL,No,No,No,No,Yes,No,Month-to-month,No,Electronic check,73.48,5216.7,Yes
3413-MKGC,Male,0,No,No,57,Yes,Yes,DSL,Yes,Yes,No,Yes,No,No,Month-to-month,Yes,Electronic check,86.62,4938.37,Yes
4360-NNNN,Female,0,Yes,No,30,Yes,No,DSL,No,Yes,No,Yes,Yes,No,Month-to-month,Yes,Electronic check,80.31,2411.1,Yes
9325-DJVH,Female,0,No,Yes,37,Yes,Yes,Fiber optic,Yes,Yes,No,No,No,No,Month-to-month,Yes,Bank transfer (automatic),104.2,3853.43,Yes
1882-QWIU,Female,0,Yes,Yes,39,No,No phone service,Fiber optic,No,Yes,No,No,Yes,No,One year,No,Credit card (automatic),75.4,2936.14,No
1492-HVXZ,Female,0,Yes,No,27,Yes,No,DSL,No,Yes,No,Yes,No,No,Month-to-month,No,Electronic check,72.01,1938.49,Yes
7919-VLRX,Male,0,No,No,25,No,No phone service,DSL,No,No,No,No,Yes,Yes,Month-to-month,Yes,Credit card (automatic),64.5,1607.34,Yes
4252-QWIU,Female,0,No,No,7,Yes,No,DSL,No,No,No,No,Yes,No,Month-to-month,Yes,Bank transfer (automatic),76.61,546.54,Yes
1641-ZXTP,Female,0,No,Yes,57,Yes,No,Fiber optic,Yes,Yes,No,Yes,Yes,No,Month-to-month,No,Credit card (automatic),110.44,6293.28,Yes
9867-ZXTP,Male,0,Yes,No,37,Yes,No,DSL,No,No,No,Yes,No,No,Two year,Yes,Bank transfer (automatic),76.75,2831.96,No
7014-IYEK,Female,0,Yes,No,38,Yes,Yes,Fiber optic,No,No,No,Yes,No,No,Two year,No,Credit card (automatic),105.44,4006.59,No
2517-IYEK,Female,0,Yes,Yes,49,Yes,Yes,Fiber optic,Yes,Yes,Yes,No,No,No,Month-to-month,No,Mailed check,99.75,4891.71,No
9964-BDHL,Male,1,Yes,No,16,Yes,No,Fiber optic,Yes,Yes,No,No,Yes,No,One year,Yes,Mailed check,98.63,1574.43,Yes
6475-KESG,Male,1,No,No,5,Yes,Yes,Fiber optic,No,Yes,No,No,No,Yes,Month-to-month,No,Mailed check,104.9,520.12,Yes
1341-RZPF,Male,0,No,Yes,20,Yes,No,No,No internet service,No internet service,No internet service,No internet service,No internet service,No internet service,Two year,No,Electronic check,38.75,774.57,No
2773-IYEK,Male,0,No,No,37,Yes,Yes,DSL,No,Yes,No,Yes,Yes,No,One year,Yes,Electronic check,94.39,3487.31,No
7342-MKGC,Female,0,No,No,36,Yes,Yes,Fiber optic,No,Yes,No,Yes,Yes,Yes,One year,No,Electronic check,118.75,4271.74,Yes
4086-RZPF,Male,0,Yes,Yes,14,No,No phone service,Fiber optic,Yes,No,Yes,No,No,No,Month-to-month,Yes,Electronic check,68.75,964.75,Yes
4932-XRFT,Male,0,Yes,Yes,23,Yes,No,No,No internet service,No internet service,No internet service,No internet service,No internet service,No internet service,One year,No,Electronic check,39.48,900.1,Yes
6607-KESG,Female,0,No,Yes,12,Yes,No,Fiber optic,No,Yes,Yes,No,No,No,Two year,No,Credit card (automatic),86.6,1033.85,No
7342-GSQO,Female,0,Yes,Yes,44,Yes,Yes,DSL,No,No,Yes,No,No,No,Two year,Yes,Mailed check,72.85,3210.02,No
6979-YUME,Male,0,Yes,Yes,63,Yes,Yes,No,No internet service,No internet service,No internet service,No internet service,No internet service,No internet service,Month-to-month,Yes,Bank transfer (automatic),48.11,3033.56,No
2546-DJVH,Female,0,No,Yes,10,Yes,No,Fiber optic,No,No,Yes,No,No,No,Month-to-month,Yes,Electronic check,85.99,866.72,Yes
5636-YUME,Male,0,Yes,Yes,11,Yes,Yes,No,No internet service,No internet service,No internet service,No internet service,No internet service,No internet service,One year,No,Mailed check,45.55,492.91,No
1363-KESG,Male,0,No,No,3,Yes,Yes,Fiber optic,No,Yes,No,No,Yes,Yes,Month-to-month,Yes,Credit card (automatic),118.75,351.26,Yes
5076-DJVH,Male,0,No,Yes,34,Yes,Yes,Fiber optic,No,Yes,No,No,Yes,Yes,Month-to-month,Yes,Mailed check,117.01,3977.87,Yes
3411-GSQO,Male,0,Yes,No,13,Yes,Yes,No,No internet service,No internet service,No internet service,No internet service,No internet service,No internet service,Month-to-month,Yes,Mailed check,51.41,669.47,Yes
3911-DJVH,Male,0,No,No,40,Yes,Yes,DSL,No,No,No,Yes,No,Yes,One year,Yes,Bank transfer (automatic),96.99,3882.99,No
6655-KESG,Male,0,Yes,No,59,Yes,Yes,No,No internet service,No internet service,No internet service,No internet service,No internet service,No internet service,Month-to-month,Yes,Bank transfer (automatic),47.18,2787.81,Yes
5615-VLRX,Female,0,No,Yes,4,Yes,Yes,DSL,Yes,No,No,No,Yes,Yes,Month-to-month,No,Bank transfer (automatic),102.07,406.83,Yes
3786-SCWQ,Female,0,No,No,50,Yes,No,No,No internet service,No internet service,No internet service,No internet service,No internet service,No internet service,Month-to-month,No,Mailed check,40.67,2033.95,Yes
2961-PTBJ,Female,0,No,No,11,Yes,No,Fiber optic,Yes,No,No,No,Yes,Yes,One year,Yes,Mailed check,112.02,1226.12,No
8982-HVXZ,Female,0,Yes,No,15,Yes,No,Fiber optic,No,No,No,No,No,No,Month-to-month,No,Electronic check,85.86,1288.42,Yes
9447-VLRX,Male,0,Yes,No,57,Yes,Yes,No,No internet service,No internet service,No internet service,No internet service,No internet service,No internet service,Month-to-month,No,Bank transfer (automatic),50.25,2865.97,Yes
5458-XRFT,Male,0,Yes,Yes,21,Yes,No,Fiber optic,No,Yes,Yes,No,No,Yes,One year,Yes,Bank transfer (automatic),95.65,2005.79,Yes
8427-RZPF,Female,0,No,No,23,Yes,Yes,No,No internet service,No internet service,No internet service,No internet service,No internet service,No internet service,One year,Yes,Mailed check,50.95,1176.04,No
1910-BDHL,Female,0,Yes,No,13,Yes,No,Fiber optic,Yes,Yes,No,Yes,No,Yes,One year,Yes,Electronic check,110.61,1433.98,Yes
2081-GSQO,Male,0,No,Yes,31,Yes,Yes,DSL,No,Yes,Yes,No,Yes,No,One year,No,Mailed check,81.85,2538.19,No
3257-FPJD,Female,0,No,No,27,No,No phone service,DSL,Yes,No,Yes,Yes,No,No,One year,Yes,Electronic check,59.57,1610.43,Yes
6276-MKGC,Female,0,No,No,3,Yes,Yes,Fiber optic,No,No,No,No,No,No,Two year,No,Mailed check,96.52,286.57,Yes
7620-PTBJ,Female,0,Yes,No,41,Yes,No,Fiber optic,No,No,Yes,No,Yes,Yes,Two year,Yes,Bank transfer (automatic),106.5,4364.84,Yes
2519-WOYI,Female,1,Yes,No,8,Yes,No,No,No internet service,No internet service,No internet service,No internet service,No internet service,No internet service,Two year,Yes,Bank transfer (automatic),41.59,327.74,No
3026-DJVH,Male,0,No,Yes,17,Yes,No,Fiber optic,No,Yes,No,No,Yes,No,Month-to-month,Yes,Credit card (automatic),94.4,1609.53,Yes
7659-TFDB,Male,0,No,No,43,Yes,Yes,Fiber optic,No,Yes,Yes,Yes,Yes,Yes,Month-to-month,Yes,Credit card (automatic),118.75,5103.65,No
3763-DJVH,Female,1,Yes,No,57,Yes,No,Fiber optic,No,No,No,No,No,Yes,Month-to-month,No,Electronic check,99.67,5674.51,Yes
5164-BDHL,Male,0,Yes,No,6,Yes,No,Fiber optic,No,No,No,Yes,No,No,Month-to-month,No,Electronic check,90.2,539.65,Yes
7397-KESG,Male,0,Yes,No,72,Yes,Yes,No,No internet service,No internet service,No internet service,No internet service,No internet service,No internet service,One year,No,Credit card (automatic),56.7,4085.56,No
2913-TFDB,Female,0,Yes,No,61,Yes,Yes,DSL,Yes,No,No,Yes,No,Yes,Two year,Yes,Electronic check,100.3,6118.47,No
3196-SCWQ,Female,0,No,Yes,53,Yes,Yes,No,No internet service,No internet service,No internet service,No internet service,No internet service,No internet service,One year,No,Mailed check,53.05,2811.44,No
4327-CGOW,Female,0,Yes,Yes,55,Yes,No,DSL,Yes,No,No,No,Yes,Yes,Two year,No,Bank transfer (automatic),91.54,5038.8,No
4994-WOYI,Male,0,Yes,No,68,Yes,No,DSL,No,Yes,No,No,No,No,Month-to-month,No,Electronic check,70.14,4776.52,Yes
5690-SCWQ,Female,0,No,No,15,Yes,Yes,Fiber optic,No,No,No,No,Yes,Yes,Month-to-month,Yes,Mailed check,117.49,1765.9,Yes
7380-QWIU,Male,0,No,No,57,Yes,Yes,DSL,No,No,Yes,No,Yes,Yes,Month-to-month,No,Credit card (automatic),100.81,5739.82,Yes
2185-PTBJ,Female,0,Yes,Yes,55,Yes,No,Fiber optic,No,No,No,No,No,Yes,Month-to-month,Yes,Electronic check,98.88,5443.99,Yes
8688-YUME,Male,0,Yes,Yes,62,Yes,Yes,Fiber optic,Yes,No,Yes,No,No,Yes,Month-to-month,No,Bank transfer (automatic),111.85,6934.57,No
3385-YUME,Female,1,No,Yes,56,Yes,No,No,No internet service,No internet service,No internet service,No internet service,No internet service,No internet service,Two year,Yes,Credit card (automatic),40.42,2258.58,No
6930-YUME,Male,1,Yes,No,28,Yes,No,No,No internet service,No internet service,No internet service,No internet service,No internet service,No internet service,Month-to-month,No,Bank transfer (automatic),41.72,1164.87,Yes
2815-JBLV,Female,0,No,Yes,4,Yes,No,Fiber optic,Yes,No,Yes,No,No,No,Month-to-month,Yes,Electronic check,94.49,379.17,Yes
2649-BDHL,Female,0,Yes,No,38,Yes,No,Fiber optic,Yes,Yes,No,Yes,Yes,No,Month-to-month,No,Credit card (automatic),116.02,4410.55,Yes
5841-JBLV,Female,1,Yes,No,23,Yes,No,DSL,Yes,No,No,Yes,No,No,Month-to-month,No,Electronic check,77.57,1784.95,No
4531-DJVH,Male,0,Yes,No,13,Yes,No,Fiber optic,No,Yes,Yes,No,Yes,No,Month-to-month,Yes,Electronic check,97.37,1276.88,Yes
5555-QWIU,Female,0,Yes,No,46,Yes,Yes,Fiber optic,Yes,Yes,Yes,No,No,Yes,One year,Yes,Bank transfer (automatic),117.96,5433.62,Yes
8574-TFDB,Male,0,No,No,47,Yes,Yes,DSL,No,No,Yes,No,No,No,Two year,Yes,Electronic check,80.19,3764.69,No
8419-BDHL,Male,1,No,Yes,44,No,No phone service,Fiber optic,No,Yes,No,No,No,No,Month-to-month,Yes,Electronic check,63.38,2786.08,Yes
3044-BDHL,Male,0,No,No,19,Yes,Yes,No,No internet service,No internet service,No internet service,No internet service,No internet service,No internet service,One year,Yes,Mailed check,52.77,993.53,No
2900-NNNN,Female,0,No,No,17,Yes,Yes,No,No internet service,No internet service,No internet service,No internet service,No internet service,No internet service,Month-to-month,No,Mailed check,47.97,818.15,Yes
4318-MKGC,Male,1,No,No,57,Yes,No,No,No internet service,No internet service,No internet service,No internet service,No internet service,No internet service,Month-to-month,Yes,Bank transfer (automatic),36.63,2085.58,No
8140-WOYI,Male,0,No,No,45,No,No phone service,Fiber optic,No,No,Yes,No,Yes,No,Two year,Yes,Bank transfer (automatic),76.82,3453.39,No
6591-LHZR,Male,0,No,No,57,Yes,No,No,No internet service,No internet service,No internet service,No internet service,No internet service,No internet service,Month-to-month,Yes,Credit card (automatic),40.47,2293.53,No
2548-AAAA,Female,0,No,No,35,Yes,Yes,No,No internet service,No internet service,No internet service,No internet service,No internet service,No internet service,Month-to-month,Yes,Mailed check,47.85,1682.78,No
2492-OQUY,Female,1,Yes,No,33,Yes,Yes,Fiber optic,Yes,Yes,Yes,No,No,Yes,One year,Yes,Bank transfer (automatic),115.09,3798.45,No
1364-JBLV,Male,0,No,No,50,Yes,No,DSL,No,No,Yes,Yes,No,Yes,Month-to-month,Yes,Electronic check,80.64,4029.65,No
2917-AAAA,Female,0,Yes,No,2,Yes,Yes,Fiber optic,Yes,No,No,No,Yes,No,Month-to-month,Yes,Mailed check,108.66,215.18,Yes
9070-GSQO,Female,0,No,Yes,53,Yes,No,DSL,No,Yes,No,No,No,Yes,One year,No,Mailed check,73.5,3895.62,No
9534-AAAA,Female,1,No,Yes,50,Yes,Yes,DSL,No,No,No,Yes,No,No,Month-to-month,Yes,Electronic check,87.44,4370.69,Yes
6734-EMCS,Female,0,No,Yes,68,Yes,Yes,No,No internet service,No internet service,No internet service,No internet service,No internet service,No internet service,Month-to-month,No,Electronic check,52.27,3553.72,Yes
4374-VLRX,Female,0,No,No,52,Yes,Yes,Fiber optic,Yes,Yes,Yes,No,Yes,Yes,Month-to-month,Yes,Bank transfer (automatic),118.75,6182.2,Yes
7132-KESG,Male,0,No,No,63,Yes,Yes,No,No internet service,No internet service,No internet service,No internet service,No internet service,No internet service,Month-to-month,Yes,Credit card (automatic),47.63,3006.41,Yes
4566-ZXTP,Female,0,Yes,No,53,Yes,No,DSL,No,No,Yes,No,No,No,Month-to-month,Yes,Electronic check,65.7,3494.22,No
4880-GSQO,Female,0,Yes,No,19,Yes,Yes,Fiber optic,No,No,No,No,Yes,Yes,Two year,Yes,Credit card (automatic),114.23,2178.08,No
8226-GSQO,Female,0,No,No,30,Yes,Yes,No,No internet service,No internet service,No internet service,No internet service,No internet service,No internet service,Month-to-month,Yes,Electronic check,50.12,1496.68,Yes
7520-UIKM,Female,0,No,Yes,48,Yes,No,No,No internet service,No internet service,No internet service,No internet service,No internet service,No internet service,Two year,Yes,Bank transfer (automatic),39.99,1919.35,No
4255-LHZR,Female,0,Yes,No,15,Yes,No,No,No internet service,No internet service,No internet service,No internet service,No internet service,No internet service,Month-to-month,No,Bank transfer (automatic),40.76,604.53,Yes
8102-VLRX,Female,0,No,No,26,No,No phone service,Fiber optic,No,No,No,No,No,No,Month-to-month,Yes,Electronic check,68.09,1767.72,Yes
6783-JBLV,Female,0,No,No,29,Yes,Yes,Fiber optic,Yes,Yes,No,Yes,Yes,No,Month-to-month,No,Bank transfer (automatic),118.75,3443.4,Yes
3371-KESG,Male,0,No,Yes,40,Yes,Yes,Fiber optic,No,No,Yes,Yes,Yes,Yes,Month-to-month,Yes,Credit card (automatic),118.75,4748.85,Yes
3093-JBLV,Male,0,Yes,No,23,Yes,No,No,No internet service,No internet service,No internet service,No internet service,No internet service,No internet service,Month-to-month,Yes,Electronic check,39.85,909.98,Yes
9274-EMCS,Female,0,No,No,68,Yes,Yes,Fiber optic,No,No,No,No,No,Yes,Month-to-month,Yes,Electronic check,106.54,7239.14,Yes
1148-VLRX,Male,0,Yes,No,2,Yes,No,No,No internet service,No internet service,No internet service,No internet service,No internet service,No internet service,One year,Yes,Credit card (automatic),34.81,70.81,Yes
5576-MKGC,Female,0,No,No,55,Yes,Yes,Fiber optic,Yes,No,No,Yes,Yes,No,One year,Yes,Credit card (automatic),118.75,6538.71,Yes
8193-RZPF,Female,0,No,No,29,Yes,No,No,No internet service,No internet service,No internet service,No internet service,No internet service,No internet service,Two year,No,Mailed check,40.31,1166.78,No
7402-MKGC,Male,0,No,No,27,Yes,No,Fiber optic,No,No,No,Yes,Yes,Yes,Two year,No,Credit card (automatic),112.43,3036.18,No
5524-XRFT,Female,1,Yes,No,8,Yes,Yes,DSL,No,No,No,Yes,Yes,Yes,Month-to-month,Yes,Mailed check,104.4,834.11,Yes
7553-FPJD,Male,0,No,Yes,70,Yes,Yes,Fiber optic,No,No,Yes,Yes,Yes,Yes,Month-to-month,Yes,Bank transfer (automatic),118.75,8311.04,Yes
9033-GSQO,Female,0,Yes,No,59,Yes,No,No,No internet service,No internet service,No internet service,No internet service,No internet service,No internet service,Month-to-month,No,Electronic check,38.79,2283.72,Yes
3573-VLRX,Male,0,Yes,No,67,Yes,Yes,No,No internet service,No internet service,No internet service,No internet service,No internet service,No internet service,Month-to-month,Yes,Electronic check,50.18,3362.88,No
4155-CGOW,Male,0,No,No,17,Yes,No,DSL,No,No,No,No,No,No,Two year,Yes,Credit card (automatic),64.33,1093.7,No
3965-RZPF,Male,0,No,No,63,Yes,Yes,Fiber optic,No,Yes,Yes,No,No,Yes,Two year,Yes,Bank transfer (automatic),104.72,6593.01,No
8746-ZXTP,Male,0,Yes,Yes,42,Yes,No,Fiber optic,No,No,No,No,No,Yes,Month-to-month,Yes,Electronic check,96.14,4046.49,No
8186-BDHL,Female,0,Yes,No,49,Yes,No,Fiber optic,No,No,Yes,No,No,No,One year,Yes,Credit card (automatic),79.45,3889.56,Yes
3143-GSQO,Female,1,Yes,Yes,30,Yes,Yes,DSL,No,No,No,No,No,Yes,Month-to-month,No,Credit card (automatic),82.04,2455.01,Yes
6011-EMCS,Female,0,No,No,12,Yes,Yes,DSL,No,Yes,No,Yes,Yes,No,Month-to-month,No,Credit card (automatic),97.41,1174.81,Yes
9680-FPJD,Male,1,No,No,12,Yes,No,DSL,No,No,No,Yes,Yes,Yes,One year,No,Electronic check,95.53,1147.18,No
3044-XRFT,Male,0,Yes,No,52,Yes,Yes,DSL,No,Yes,Yes,Yes,No,Yes,Month-to-month,No,Mailed check,92.42,4804.48,No
4516-XRFT,Female,0,No,Yes,52,Yes,No,Fiber optic,Yes,Yes,No,Yes,No,No,Month-to-month,No,Credit card (automatic),100.41,5224.42,No
3007-OQUY,Male,0,Yes,Yes,71,Yes,No,DSL,No,No,No,No,Yes,No,One year,Yes,Credit card (automatic),77.61,5516.27,No
2104-TFDB,Female,0,Yes,Yes,35,Yes,No,DSL,No,Yes,No,No,No,No,Month-to-month,Yes,Bank transfer (automatic),66.45,2335.35,Yes
7041-MKGC,Male,0,Yes,Yes,49,Yes,Yes,No,No internet service,No internet service,No internet service,No internet service,No internet service,No internet service,One year,Yes,Electronic check,51.14,2507.96,Yes
6645-RZPF,Male,0,No,No,52,Yes,No,Fiber optic,Yes,No,No,Yes,No,No,Month-to-month,Yes,Mailed check,105.16,5462.1,Yes
2908-WOYI,Female,0,No,No,0,Yes,Yes,DSL,Yes,Yes,No,No,No,No,Two year,No,Electronic check,79.98,0.0,No
4430-EMCS,Male,0,No,No,7,Yes,Yes,Fiber optic,No,Yes,No,No,No,No,Two year,Yes,Electronic check,95.69,671.9,Yes
7900-QWIU,Female,0,Yes,Yes,67,No,No phone service,Fiber optic,No,Yes,No,Yes,No,No,Month-to-month,Yes,Electronic check,70.77,4731.27,Yes
9720-LHZR,Female,0,Yes,No,0,Yes,No,No,No internet service,No internet service,No internet service,No internet service,No internet service,No internet service,Two year,Yes,Electronic check,36.91,0.0,No
5920-NNNN,Female,0,Yes,No,69,Yes,No,DSL,Yes,No,No,Yes,No,Yes,Month-to-month,Yes,Mailed check,88.53,6110.47,No
9646-LHZR,Female,0,Yes,No,24,Yes,Yes,DSL,No,No,No,No,Yes,No,Month-to-month,Yes,Credit card (automatic),81.69,1956.89,Yes
8026-SCWQ,Male,0,No,Yes,4,No,No phone service,Fiber optic,No,No,Yes,No,No,Yes,Two year,Yes,Bank transfer (automatic),73.23,291.44,Yes
7567-VLRX,Male,0,Yes,No,20,Yes,Yes,Fiber optic,Yes,Yes,No,Yes,Yes,Yes,One year,No,Mailed check,118.75,2377.37,Yes
7287-GSQO,Male,0,No,No,72,Yes,No,No,No internet service,No internet service,No internet service,No internet service,No internet service,No internet service,Month-to-month,Yes,Bank transfer (automatic),42.19,3032.53,No
7614-LHZR,Female,0,Yes,Yes,69,Yes,No,Fiber optic,No,No,Yes,Yes,No,No,One year,No,Credit card (automatic),90.66,6248.77,No
9690-OQUY,Male,0,No,No,0,Yes,Yes,Fiber optic,Yes,No,Yes,Yes,Yes,No,Month-to-month,Yes,Bank transfer (automatic),118.75,0.0,Yes
6705-WOYI,Male,0,No,No,14,Yes,Yes,Fiber optic,Yes,Yes,No,No,Yes,No,Month-to-month,Yes,Credit card (automatic),114.12,1606.61,Yes
2296-XRFT,Male,0,No,Yes,10,No,No phone service,Fiber optic,No,Yes,Yes,No,No,Yes,Month-to-month,No,Mailed check,75.9,760.51,Yes
7747-AAAA,Female,0,No,No,56,Yes,No,Fiber optic,Yes,No,No,Yes,No,Yes,Two year,No,Mailed check,112.86,6319.97,No
2428-YUME,Male,0,No,No,16,Yes,No,DSL,No,No,No,No,No,No,Two year,No,Credit card (automatic),63.5,1004.33,No
7218-SCWQ,Male,0,Yes,No,42,Yes,Yes,No,No internet service,No internet service,No internet service,No internet service,No internet service,No internet service,One year,Yes,Mailed check,49.44,2076.78,No
5090-BDHL,Male,0,Yes,No,5,Yes,Yes,No,No internet service,No internet service,No internet service,No internet service,No internet service,No internet service,Month-to-month,Yes,Bank transfer (automatic),47.92,236.38,Yes
2037-TFDB,Female,0,Yes,No,20,Yes,Yes,DSL,No,No,Yes,No,No,No,Month-to-month,No,Electronic check,76.26,1524.35,Yes
9296-LHZR,Female,0,No,No,31,Yes,Yes,Fiber optic,Yes,Yes,Yes,No,No,No,Month-to-month,Yes,Mailed check,101.79,3156.7,Yes
4456-OQUY,Female,0,Yes,No,21,No,No phone service,No,No internet service,No internet service,No internet service,No internet service,No internet service,No internet service,Month-to-month,Yes,Credit card (automatic),20.99,436.74,Yes
6669-FPJD,Female,0,Yes,Yes,69,Yes,No,DSL,No,No,Yes,Yes,Yes,Yes,Month-to-month,Yes,Electronic check,90.12,6223.21,No
6488-RZPF,Female,0,Yes,Yes,71,Yes,No,Fiber optic,Yes,No,No,No,No,No,One year,Yes,Credit card (automatic),92.9,6594.6,Yes
8734-OQUY,Female,0,No,No,10,Yes,No,Fiber optic,No,Yes,No,No,Yes,Yes,Month-to-month,No,Mailed check,103.21,1036.87,Yes
8299-PTBJ,Female,0,No,No,39,Yes,No,DSL,No,No,No,Yes,No,No,Month-to-month,No,Electronic check,75.01,2930.85,Yes
1202-VLRX,Male,1,No,Yes,68,Yes,Yes,Fiber optic,Yes,Yes,No,No,Yes,Yes,Month-to-month,Yes,Credit card (automatic),118.75,8075.68,Yes
8504-FPJD,Male,1,No,Yes,59,No,No phone service,DSL,Yes,No,No,No,Yes,No,Month-to-month,Yes,Electronic check,61.04,3607.68,Yes
2563-FPJD,Male,0,Yes,No,11,Yes,No,Fiber optic,Yes,No,No,No,No,Yes,Two year,Yes,Credit card (automatic),102.78,1132.43,No
7511-SCWQ,Female,1,No,Yes,23,Yes,No,Fiber optic,No,No,Yes,Yes,No,Yes,One year,Yes,Credit card (automatic),105.43,2423.58,No
8123-LHZR,Female,1,Yes,No,18,Yes,No,DSL,Yes,No,No,Yes,No,Yes,Month-to-month,No,Credit card (automatic),89.35,1598.31,Yes
3466-JBLV,Female,1,Yes,No,34,Yes,Yes,Fiber optic,No,No,No,No,Yes,Yes,One year,No,Electronic check,114.14,3879.25,Yes
1769-SCWQ,Male,0,No,Yes,69,Yes,No,Fiber optic,Yes,Yes,Yes,Yes,No,Yes,Month-to-month,Yes,Mailed check,107.59,7424.62,Yes
3721-ZXTP,Female,0,Yes,No,58,Yes,No,Fiber optic,No,No,Yes,No,Yes,No,Two year,No,Electronic check,98.05,5691.94,No
6450-KESG,Male,1,No,No,12,Yes,No,DSL,Yes,No,No,No,Yes,No,Month-to-month,Yes,Electronic check,87.63,1043.86,Yes
6647-DJVH,Female,0,Yes,No,69,Yes,No,DSL,Yes,No,No,No,No,No,Month-to-month,Yes,Mailed check,73.76,5084.81,Yes
7010-QWIU,Male,0,No,No,23,Yes,No,Fiber optic,No,Yes,Yes,Yes,No,Yes,Two year,Yes,Electronic check,101.16,2333.97,No
3090-OQUY,Female,1,No,No,53,Yes,Yes,Fiber optic,No,No,No,No,No,No,Two year,No,Electronic check,91.9,4875.04,No
4968-JBLV,Male,0,No,No,67,Yes,Yes,Fiber optic,Yes,No,No,Yes,Yes,No,Two year,Yes,Bank transfer (automatic),118.64,7956.68,No
7646-ZXTP,Female,0,No,No,28,Yes,Yes,Fiber optic,Yes,No,Yes,Yes,Yes,Yes,Month-to-month,No,Bank transfer (automatic),118.75,3325.28,Yes
6330-YUME,Female,0,Yes,Yes,50,Yes,Yes,Fiber optic,No,Yes,Yes,No,No,No,Two year,No,Bank transfer (automatic),97.94,4899.36,No
7124-ZXTP,Female,0,No,No,56,Yes,No,DSL,Yes,No,No,Yes,Yes,No,Month-to-month,Yes,Electronic check,90.19,5042.65,Yes
1232-HVXZ,Female,0,Yes,Yes,65,Yes,No,Fiber optic,Yes,No,Yes,No,No,No,Month-to-month,No,Credit card (automatic),95.46,6204.55,Yes
9619-KESG,Female,0,No,No,16,Yes,No,Fiber optic,No,Yes,Yes,No,Yes,Yes,Month-to-month,Yes,Electronic check,108.14,1731.36,Yes
6599-RZPF,Male,0,No,Yes,41,Yes,Yes,No,No internet service,No internet service,No internet service,No internet service,No internet service,No internet service,Two year,Yes,Mailed check,52.1,2135.93,No
6784-DJVH,Female,0,Yes,No,38,Yes,Yes,DSL,No,Yes,Yes,No,No,Yes,Month-to-month,Yes,Credit card (automatic),87.5,3326.89,No
5195-LHZR,Male,0,No,No,63,Yes,Yes,No,No internet service,No internet service,No internet service,No internet service,No internet service,No internet service,Month-to-month,No,Mailed check,49.78,3135.56,No
2455-FPJD,Male,0,Yes,No,7,Yes,Yes,Fiber optic,Yes,No,No,Yes,No,No,One year,No,Electronic check,118.75,820.66,Yes
4036-MKGC,Male,0,Yes,Yes,67,Yes,Yes,No,No internet service,No internet service,No internet service,No internet service,No internet service,No internet service,Month-to-month,Yes,Electronic check,47.63,3193.66,No
3946-MKGC,Male,1,Yes,No,30,Yes,Yes,Fiber optic,Yes,Yes,No,Yes,Yes,No,Two year,No,Mailed check,118.75,3570.35,No
7928-XRFT,Female,0,No,No,27,Yes,No,Fiber optic,Yes,No,No,No,Yes,Yes,Month-to-month,Yes,Bank transfer (automatic),114.14,3089.94,Yes
7559-JBLV,Female,0,Yes,No,70,Yes,No,DSL,No,Yes,No,Yes,No,No,Month-to-month,No,Credit card (automatic),76.34,5340.57,Yes
6975-BDHL,Male,1,Yes,No,65,Yes,Yes,No,No internet service,No internet service,No internet service,No internet service,No internet service,No internet service,Two year,Yes,Bank transfer (automatic),49.76,3228.5,No
8260-YUME,Male,0,Yes,No,60,Yes,No,Fiber optic,No,Yes,No,Yes,Yes,No,One year,No,Bank transfer (automatic),106.15,6367.34,Yes
2633-MKGC,Female,0,No,No,35,Yes,No,Fiber optic,No,No,No,Yes,Yes,Yes,Month-to-month,No,Credit card (automatic),112.0,3921.98,Yes
3031-VLRX,Male,0,Yes,Yes,63,Yes,No,DSL,No,No,No,Yes,No,Yes,One year,Yes,Electronic check,82.06,5170.75,No
7995-OQUY,Male,0,No,Yes,60,No,No phone service,No,No internet service,No internet service,No internet service,No internet service,No internet service,No internet service,Two year,Yes,Bank transfer (automatic),21.33,1277.54,No
2481-OQUY,Female,0,No,No,22,Yes,Yes,No,No internet service,No internet service,No internet service,No internet service,No internet service,No internet service,Two year,No,Mailed check,52.79,1158.36,No
9572-OQUY,Female,0,No,No,38,Yes,Yes,Fiber optic,No,No,Yes,No,No,Yes,Month-to-month,Yes,Electronic check,102.79,3905.68,Yes
9226-XRFT,Male,0,Yes,Yes,21,Yes,Yes,Fiber optic,No,No,No,No,No,No,Two year,Yes,Credit card (automatic),100.42,2117.73,No
4224-PTBJ,Male,0,Yes,No,3,No,No phone service,No,No internet service,No internet service,No internet service,No internet service,No internet service,No internet service,Month-to-month,No,Credit card (automatic),18.25,58.4,Yes
8705-OQUY,Male,0,Yes,No,56,No,No phone service,No,No internet service,No internet service,No internet service,No internet service,No internet service,No internet service,Two year,Yes,Credit card (automatic),22.24,1237.39,No
2574-RZPF,Female,0,No,No,47,Yes,No,Fiber optic,No,No,No,No,Yes,No,Month-to-month,Yes,Electronic check,98.44,4632.23,Yes
5287-CGOW,Male,0,Yes,Yes,13,Yes,No,Fiber optic,No,No,No,Yes,No,No,Month-to-month,Yes,Bank transfer (automatic),90.31,1184.78,Yes
2867-WOYI,Male,0,Yes,Yes,33,Yes,Yes,Fiber optic,Yes,No,Yes,No,Yes,Yes,Month-to-month,No,Mailed check,118.75,3919.3,Yes
8504-EMCS,Male,0,No,No,60,Yes,No,DSL,No,Yes,No,No,No,Yes,Month-to-month,Yes,Electronic check,76.19,4573.5,Yes
1985-SCWQ,Male,0,No,Yes,62,Yes,No,Fiber optic,No,No,No,No,No,Yes,Month-to-month,No,Credit card (automatic),93.53,5796.7,Yes
1012-BDHL,Male,0,Yes,No,32,Yes,No,No,No internet service,No internet service,No internet service,No internet service,No internet service,No internet service,One year,No,Credit card (automatic),38.48,1229.53,No
3235-HVXZ,Female,1,No,No,70,Yes,Yes,Fiber optic,No,Yes,No,No,No,Yes,One year,Yes,Electronic check,102.92,7209.48,Yes
7673-KESG,Male,0,No,No,47,Yes,No,Fiber optic,No,No,No,No,No,Yes,Month-to-month,Yes,Electronic check,96.79,4551.58,Yes
1128-TFDB,Female,0,Yes,No,66,Yes,Yes,DSL,Yes,Yes,Yes,No,Yes,Yes,Month-to-month,No,Bank transfer (automatic),102.99,6786.35,No
9564-AAAA,Male,0,Yes,No,60,No,No phone service,Fiber optic,Yes,Yes,Yes,No,No,No,Month-to-month,Yes,Bank transfer (automatic),72.15,4326.51,No
6877-ZXTP,Female,1,Yes,No,30,Yes,No,No,No internet service,No internet service,No internet service,No internet service,No internet service,No internet service,Two year,Yes,Mailed check,36.39,1085.26,No
3572-WOYI,Female,0,No,No,13,No,No phone service,Fiber optic,Yes,Yes,No,Yes,No,Yes,Month-to-month,Yes,Bank transfer (automatic),89.89,1169.56,Yes
6095-GSQO,Male,0,No,No,53,No,No phone service,Fiber optic,No,Yes,Yes,No,No,Yes,Month-to-month,No,Bank transfer (automatic),75.11,3982.27,Yes
7171-MKGC,Male,0,Yes,No,40,No,No phone service,DSL,No,Yes,No,No,No,No,Month-to-month,Yes,Mailed check,46.25,1851.12,No
7368-ZXTP,Female,0,No,Yes,41,Yes,No,DSL,No,No,No,Yes,No,Yes,Two year,Yes,Bank transfer (automatic),85.89,3517.21,No
8759-LHZR,Male,1,Yes,No,48,Yes,No,No,No internet service,No internet service,No internet service,No internet service,No internet service,No internet service,Two year,No,Electronic check,38.32,1825.48,No
9617-AAAA,Female,0,No,Yes,34,Yes,Yes,DSL,Yes,No,No,No,Yes,No,Month-to-month,No,Mailed check,93.4,3178.08,Yes
8956-YUME,Female,1,Yes,No,0,Yes,Yes,DSL,No,No,Yes,Yes,No,No,Month-to-month,No,Mailed check,87.4,0.0,Yes
3696-PTBJ,Female,0,No,Yes,65,Yes,Yes,DSL,Yes,Yes,No,No,No,No,Month-to-month,Yes,Electronic check,80.39,5215.59,Yes
2409-TFDB,Female,0,Yes,No,70,Yes,Yes,Fiber optic,No,Yes,No,No,No,No,Month-to-month,Yes,Bank transfer (automatic),95.01,6644.99,No
2754-TFDB,Female,0,Yes,No,16,Yes,No,DSL,No,Yes,No,Yes,No,Yes,Two year,No,Credit card (automatic),83.95,1343.97,No
8291-TFDB,Female,0,Yes,No,45,Yes,No,DSL,Yes,No,No,No,Yes,No,Month-to-month,No,Electronic check,82.44,3712.9,No
8399-RZPF,Female,0,No,No,13,No,No phone service,DSL,Yes,No,No,Yes,Yes,Yes,One year,Yes,Credit card (automatic),86.07,1115.9,No
8637-YUME,Male,0,Yes,Yes,7,Yes,No,No,No internet service,No internet service,No internet service,No internet service,No internet service,No internet service,Month-to-month,No,Electronic check,43.95,311.33,No
2159-NNNN,Female,0,Yes,No,9,Yes,No,No,No internet service,No internet service,No internet service,No internet service,No internet service,No internet service,Month-to-month,Yes,Electronic check,40.42,371.59,Yes
7242-UIKM,Female,0,No,No,19,Yes,Yes,DSL,Yes,Yes,Yes,Yes,Yes,Yes,Month-to-month,Yes,Electronic check,107.15,2029.22,Yes
5538-HVXZ,Female,0,No,No,7,Yes,No,No,No internet service,No internet service,No internet service,No internet service,No internet service,No internet service,Month-to-month,No,Bank transfer (automatic),40.5,277.81,Yes
3898-LHZR,Male,0,Yes,No,30,Yes,No,DSL,Yes,Yes,No,Yes,No,No,Month-to-month,Yes,Electronic check,79.75,2384.84,Yes
4235-GSQO,Female,0,Yes,No,11,Yes,No,No,No internet service,No internet service,No internet service,No internet service,No internet service,No internet service,Two year,Yes,Credit card (automatic),36.81,403.8,No
2567-ZXTP,Female,0,Yes,No,70,Yes,No,DSL,No,No,Yes,Yes,No,No,Two year,Yes,Electronic check,69.52,4873.38,No
5078-NNNN,Female,0,No,No,17,Yes,No,Fiber optic,Yes,Yes,No,Yes,No,No,Month-to-month,No,Electronic check,100.56,1711.27,Yes
5234-IYEK,Male,0,No,No,72,Yes,No,Fiber optic,Yes,Yes,Yes,Yes,No,Yes,Month-to-month,No,Electronic check,110.54,7960.64,Yes
7456-IYEK,Female,1,No,Yes,59,Yes,Yes,No,No internet service,No internet service,No internet service,No internet service,No internet service,No internet service,Two year,Yes,Electronic check,51.51,3031.91,No
7336-SCWQ,Female,0,Yes,Yes,60,Yes,Yes,DSL,Yes,Yes,Yes,Yes,Yes,No,Month-to-month,Yes,Mailed check,97.24,5833.1,No
8422-RZPF,Female,0,No,No,23,Yes,No,Fiber optic,Yes,Yes,No,Yes,No,No,Two year,No,Mailed check,101.93,2334.81,Yes
7257-NNNN,Female,0,No,No,57,Yes,No,DSL,No,Yes,No,No,Yes,No,Two year,Yes,Credit card (automatic),76.12,4340.74,No
6904-SCWQ,Female,0,Yes,No,35,Yes,Yes,Fiber optic,No,No,No,No,Yes,Yes,Month-to-month,Yes,Bank transfer (automatic),112.76,3941.15,No
8866-NNNN,Female,1,No,No,11,Yes,Yes,DSL,No,Yes,No,No,Yes,Yes,Two year,No,Bank transfer (automatic),93.57,1024.1,Yes
6432-UIKM,Male,0,Yes,Yes,44,Yes,No,No,No internet service,No internet service,No internet service,No internet service,No internet service,No internet service,Month-to-month,Yes,Electronic check,38.74,1703.03,Yes
4788-CGOW,Male,0,Yes,No,11,Yes,Yes,Fiber optic,No,No,No,No,No,Yes,Month-to-month,Yes,Electronic check,107.43,1188.4,Yes
2079-PTBJ,Male,0,Yes,No,47,Yes,No,No,No internet service,No internet service,No internet service,No internet service,No internet service,No internet service,Month-to-month,Yes,Credit card (automatic),36.1,1694.35,No
1086-CGOW,Male,0,No,Yes,32,Yes,No,DSL,Yes,Yes,Yes,No,No,No,Two year,No,Mailed check,74.61,2382.3,No
9815-IYEK,Female,0,No,No,4,Yes,No,DSL,No,No,No,Yes,No,No,Month-to-month,No,Bank transfer (automatic),74.69,306.84,Yes
5623-IYEK,Female,0,Yes,No,20,Yes,Yes,DSL,No,No,No,No,Yes,Yes,Two year,Yes,Electronic check,94.18,1871.75,No
3790-NNNN,Male,1,No,No,49,Yes,No,DSL,No,No,No,No,No,No,Month-to-month,Yes,Electronic check,62.24,3046.07,Yes
3430-HVXZ,Male,0,No,No,8,Yes,No,Fiber optic,Yes,Yes,No,No,No,No,Month-to-month,Yes,Electronic check,95.1,765.95,Yes
3113-TFDB,Female,0,No,No,49,No,No phone service,Fiber optic,No,No,No,No,No,Yes,Month-to-month,No,Bank transfer (automatic),77.64,3807.96,Yes
4104-KESG,Male,0,No,No,46,Yes,Yes,DSL,Yes,Yes,No,No,Yes,No,One year,Yes,Electronic check,91.95,4234.47,No
9329-HVXZ,Female,0,Yes,Yes,9,Yes,No,DSL,Yes,Yes,Yes,Yes,No,No,Two year,Yes,Electronic check,80.6,725.37,Yes
5204-KESG,Female,0,Yes,No,55,Yes,No,Fiber optic,Yes,No,Yes,No,No,Yes,Month-to-month,Yes,Bank transfer (automatic),100.74,5539.54,No
3040-VLRX,Male,1,Yes,No,58,Yes,No,No,No internet service,No internet service,No internet service,No internet service,No internet service,No internet service,Two year,No,Bank transfer (automatic),39.43,2287.56,No
5522-GSQO,Male,0,Yes,Yes,1,Yes,No,DSL,No,Yes,Yes,No,No,No,Month-to-month,Yes,Bank transfer (automatic),62.74,60.57,No
8361-UIKM,Female,0,Yes,No,65,Yes,Yes,Fiber optic,Yes,No,Yes,Yes,No,Yes,Two year,Yes,Credit card (automatic),118.29,7686.1,No
9534-IYEK,Female,0,No,Yes,3,Yes,No,No,No internet service,No internet service,No internet service,No internet service,No internet service,No internet service,Two year,Yes,Bank transfer (automatic),37.25,109.98,Yes
8906-YUME,Male,0,Yes,No,14,No,No phone service,Fiber optic,Yes,Yes,Yes,Yes,Yes,Yes,Month-to-month,Yes,Electronic check,103.16,1443.04,Yes
5380-DJVH,Male,0,No,No,64,Yes,Yes,Fiber optic,No,No,Yes,Yes,Yes,No,Two year,Yes,Electronic check,112.77,7223.31,No
4072-PTBJ,Male,1,Yes,Yes,28,Yes,No,DSL,Yes,Yes,No,Yes,Yes,No,Month-to-month,Yes,Mailed check,92.94,2602.16,Yes
7207-DJVH,Male,0,No,No,10,Yes,Yes,DSL,No,No,No,Yes,No,Yes,Month-to-month,Yes,Mailed check,98.17,978.08,Yes
5544-IYEK,Female,0,No,No,20,Yes,No,DSL,No,No,Yes,Yes,Yes,No,Month-to-month,No,Bank transfer (automatic),87.18,1738.98,No
2129-EMCS,Male,0,Yes,No,41,Yes,No,Fiber optic,No,No,Yes,Yes,No,No,Month-to-month,Yes,Electronic check,94.26,3855.44,Yes
7284-GSQO,Male,0,Yes,No,21,Yes,Yes,Fiber optic,No,Yes,No,No,Yes,Yes,One year,No,Mailed check,115.29,2429.22,No
6588-OQUY,Female,0,Yes,No,65,Yes,Yes,Fiber optic,No,No,No,No,Yes,Yes,Month-to-month,Yes,Electronic check,115.7,7525.84,No
4741-AAAA,Male,0,No,No,32,Yes,No,Fiber optic,No,No,No,No,Yes,No,Month-to-month,Yes,Mailed check,97.25,3111.58,Yes
7655-MKGC,Female,0,No,No,44,Yes,Yes,No,No internet service,No internet service,No internet service,No internet service,No internet service,No internet service,Month-to-month,Yes,Electronic check,52.22,2294.71,No
8604-WOYI,Male,0,Yes,Yes,12,Yes,Yes,DSL,No,No,Yes,No,No,No,One year,Yes,Mailed check,74.83,895.32,Yes
1680-HVXZ,Male,0,Yes,Yes,13,Yes,No,No,No internet service,No internet service,No internet service,No internet service,No internet service,No internet service,Two year,No,Electronic check,38.9,506.5,Yes
7052-QWIU,Female,0,Yes,No,28,Yes,Yes,Fiber optic,No,No,No,Yes,Yes,No,Two year,Yes,Electronic check,114.18,3198.44,Yes
1574-NNNN,Male,0,Yes,Yes,38,No,No phone service,No,No internet service,No internet service,No internet service,No internet service,No internet service,No internet service,Month-to-month,Yes,Credit card (automatic),23.51,889.9,Yes
6093-KESG,Female,0,No,No,54,Yes,Yes,DSL,No,No,No,No,Yes,No,Month-to-month,Yes,Mailed check,86.64,4679.94,No
4727-ZXTP,Female,0,No,No,10,Yes,Yes,Fiber optic,No,Yes,No,Yes,No,Yes,Month-to-month,Yes,Credit card (automatic),113.94,1136.9,Yes
1581-YUME,Male,0,Yes,No,27,Yes,No,DSL,Yes,No,Yes,Yes,No,Yes,Month-to-month,No,Electronic check,90.95,2455.97,Yes
6680-ZXTP,Female,0,No,No,33,No,No phone service,DSL,Yes,No,No,No,No,Yes,Two year,Yes,Bank transfer (automatic),66.5,2197.13,No
9633-HVXZ,Female,0,No,No,5,Yes,No,DSL,No,No,Yes,No,Yes,No,One year,Yes,Mailed check,76.24,377.79,Yes
9864-ZXTP,Female,0,No,No,9,Yes,No,No,No internet service,No internet service,No internet service,No internet service,No internet service,No internet service,Month-to-month,Yes,Electronic check,37.05,339.67,Yes
8483-BDHL,Male,0,No,Yes,63,Yes,No,DSL,Yes,No,No,Yes,Yes,No,Two year,No,Electronic check,95.61,6024.33,Yes
1250-XRFT,Female,0,No,No,59,Yes,No,Fiber optic,No,Yes,No,No,Yes,Yes,Month-to-month,No,Bank transfer (automatic),107.76,6348.17,Yes
3695-FPJD,Male,0,Yes,No,41,No,No phone service,DSL,Yes,Yes,Yes,Yes,Yes,No,One year,Yes,Electronic check,70.51,2886.67,No
1541-HVXZ,Female,0,No,Yes,50,Yes,No,DSL,Yes,No,No,No,No,Yes,Month-to-month,No,Bank transfer (automatic),80.41,4029.82,Yes
5078-JBLV,Female,1,No,No,64,Yes,Yes,DSL,No,No,Yes,Yes,No,No,One year,Yes,Electronic check,85.66,5469.53,No
3226-QWIU,Male,0,No,Yes,12,Yes,Yes,DSL,Yes,Yes,No,Yes,No,Yes,Month-to-month,No,Credit card (automatic),103.89,1254.27,Yes
9038-UIKM,Female,0,Yes,No,0,Yes,Yes,DSL,No,No,No,No,Yes,Yes,Month-to-month,No,Electronic check,94.43,0.0,Yes
9435-WOYI,Female,1,No,No,68,Yes,No,Fiber optic,Yes,No,No,No,No,Yes,Month-to-month,Yes,Electronic check,100.36,6823.4,Yes
1412-UIKM,Male,0,Yes,No,41,Yes,Yes,No,No internet service,No internet service,No internet service,No internet service,No internet service,No internet service,Month-to-month,No,Electronic check,50.5,2066.46,No
7540-SCWQ,Male,1,No,No,44,Yes,No,Fiber optic,Yes,No,No,No,No,Yes,Two year,No,Credit card (automatic),98.09,4319.84,No
2514-ZXTP,Female,0,Yes,No,54,Yes,No,Fiber optic,No,Yes,No,No,No,No,Month-to-month,No,Mailed check,84.97,4598.74,No
4476-TFDB,Male,1,Yes,Yes,64,No,No phone service,DSL,No,Yes,No,Yes,No,Yes,Month-to-month,Yes,Bank transfer (automatic),59.15,3786.71,Yes
7019-EMCS,Male,0,No,No,0,Yes,No,DSL,No,Yes,No,Yes,Yes,Yes,One year,Yes,Mailed check,90.89,0.0,Yes
7354-EMCS,Male,0,Yes,No,53,Yes,Yes,DSL,Yes,No,No,No,No,No,Month-to-month,Yes,Mailed check,83.56,4430.07,No
9547-YUME,Female,1,No,No,21,Yes,No,Fiber optic,No,No,No,No,No,No,Month-to-month,No,Mailed check,83.3,1751.65,Yes
1182-DJVH,Female,0,Yes,Yes,24,Yes,No,Fiber optic,No,No,No,Yes,No,Yes,Month-to-month,Yes,Electronic check,101.2,2427.86,Yes
2436-TFDB,Female,1,Yes,Yes,66,No,No phone service,Fiber optic,No,No,No,Yes,No,No,Month-to-month,Yes,Mailed check,69.34,4573.69,Yes
1760-JBLV,Female,0,No,No,57,Yes,No,No,No internet service,No internet service,No internet service,No internet service,No internet service,No internet service,Two year,Yes,Credit card (automatic),42.94,2454.34,No
2629-ZXTP,Male,0,No,Yes,15,Yes,Yes,DSL,No,Yes,No,No,No,No,Month-to-month,Yes,Bank transfer (automatic),72.74,1091.69,Yes
1338-LHZR,Male,1,Yes,Yes,68,Yes,No,DSL,No,No,No,No,No,Yes,One year,No,Electronic check,70.88,4821.55,Yes
9160-WOYI,Female,0,No,No,44,Yes,Yes,No,No internet service,No internet service,No internet service,No internet service,No internet service,No internet service,Month-to-month,No,Credit card (automatic),49.51,2189.1,No
5778-IYEK,Female,0,Yes,No,33,Yes,Yes,Fiber optic,No,No,Yes,No,No,Yes,Month-to-month,No,Electronic check,103.86,3433.12,Yes
8783-ZXTP,Male,0,No,No,37,Yes,No,No,No internet service,No internet service,No internet service,No internet service,No internet service,No internet service,One year,No,Bank transfer (automatic),43.13,1592.12,No
2828-ZXTP,Male,0,Yes,No,46,Yes,No,Fiber optic,Yes,Yes,No,No,Yes,Yes,Month-to-month,Yes,Electronic check,112.22,5168.89,Yes
9804-KESG,Male,0,Yes,Yes,21,No,No phone service,DSL,Yes,Yes,No,No,No,Yes,One year,Yes,Credit card (automatic),62.89,1316.57,Yes
8970-SCWQ,Male,0,No,Yes,26,Yes,Yes,Fiber optic,Yes,No,No,Yes,Yes,No,Two year,No,Credit card (automatic),118.75,3082.9,No
4161-DJVH,Male,0,Yes,No,11,Yes,No,DSL,Yes,Yes,Yes,No,No,No,One year,No,Electronic check,73.75,817.38,Yes
1294-YUME,Male,0,Yes,No,44,Yes,No,DSL,No,No,No,No,Yes,No,Month-to-month,Yes,Bank transfer (automatic),73.85,3253.76,Yes
2425-RZPF,Male,1,Yes,Yes,70,Yes,No,DSL,No,No,No,Yes,Yes,No,Month-to-month,Yes,Mailed check,84.54,5916.94,No
2982-DJVH,Female,0,No,No,39,Yes,Yes,Fiber optic,No,Yes,No,No,Yes,Yes,Month-to-month,Yes,Credit card (automatic),115.25,4488.92,Yes
1064-BDHL,Female,0,Yes,No,22,Yes,No,Fiber optic,No,No,Yes,No,No,Yes,Month-to-month,Yes,Credit card (automatic),91.37,2005.41,Yes
3223-FPJD,Male,0,No,No,0,No,No phone service,DSL,No,Yes,No,Yes,No,Yes,Month-to-month,No,Electronic check,64.02,0.0,Yes
8462-AAAA,Female,0,Yes,No,57,Yes,No,DSL,No,No,No,No,Yes,No,Month-to-month,No,Electronic check,76.27,4344.34,Yes
1482-DJVH,Male,1,No,Yes,64,Yes,Yes,DSL,Yes,No,No,No,Yes,No,Two year,Yes,Electronic check,93.91,6002.05,No
4925-HVXZ,Female,0,No,No,22,Yes,Yes,DSL,Yes,Yes,No,Yes,No,No,Month-to-month,No,Mailed check,91.4,2004.9,Yes
4157-BDHL,Female,0,No,Yes,31,Yes,Yes,DSL,No,No,No,Yes,Yes,Yes,Month-to-month,Yes,Bank transfer (automatic),101.9,3163.31,Yes
6750-TFDB,Male,0,No,No,40,Yes,No,DSL,No,Yes,No,No,No,No,Month-to-month,Yes,Electronic check,63.84,2549.01,Yes
6718-QWIU,Male,0,No,No,16,Yes,No,No,No internet service,No internet service,No internet service,No internet service,No internet service,No internet service,Month-to-month,Yes,Credit card (automatic),40.2,650.58,Yes
7852-AAAA,Male,0,No,Yes,6,Yes,Yes,DSL,No,No,Yes,No,Yes,No,Month-to-month,Yes,Mailed check,86.84,519.62,No
3011-PTBJ,Female,1,Yes,No,7,Yes,Yes,No,No internet service,No internet service,No internet service,No internet service,No internet service,No internet service,Month-to-month,No,Credit card (automatic),53.46,378.32,No
5188-AAAA,Female,0,Yes,No,60,Yes,Yes,DSL,No,Yes,No,No,Yes,No,Month-to-month,No,Mailed check,85.49,5123.06,Yes
4171-YUME,Male,0,No,No,27,Yes,No,Fiber optic,Yes,No,No,No,No,No,Month-to-month,No,Mailed check,89.51,2420.44,Yes
5530-SCWQ,Female,0,Yes,No,48,Yes,No,DSL,Yes,Yes,No,Yes,Yes,Yes,Two year,Yes,Credit card (automatic),105.0,5038.39,No
1463-UIKM,Female,0,Yes,No,21,Yes,No,DSL,No,No,Yes,No,Yes,Yes,Month-to-month,Yes,Credit card (automatic),85.43,1792.28,Yes
5558-DJVH,Male,0,Yes,Yes,59,Yes,No,DSL,No,No,Yes,No,No,No,One year,Yes,Mailed check,66.93,3944.46,No
7869-JBLV,Male,0,No,No,61,Yes,Yes,Fiber optic,Yes,Yes,No,No,No,No,Month-to-month,Yes,Bank transfer (automatic),98.4,6006.31,Yes
6534-YUME,Female,0,Yes,Yes,67,No,No phone service,Fiber optic,No,No,Yes,No,No,No,One year,No,Mailed check,60.24,4030.71,No
5005-RZPF,Female,0,No,No,69,Yes,No,Fiber optic,No,No,No,Yes,No,Yes,Two year,Yes,Credit card (automatic),100.85,6959.37,No
5769-LHZR,Male,0,Yes,No,56,No,No phone service,No,No internet service,No internet service,No internet service,No internet service,No internet service,No internet service,One year,No,Credit card (automatic),21.19,1192.7,No
4155-ZXTP,Male,0,Yes,No,29,Yes,Yes,Fiber optic,No,Yes,Yes,No,Yes,No,One year,Yes,Bank transfer (automatic),104.09,3017.38,Yes
4046-CGOW,Female,0,Yes,No,35,Yes,Yes,DSL,No,No,No,Yes,No,Yes,One year,Yes,Electronic check,89.77,3142.04,Yes
3083-UIKM,Male,0,No,Yes,34,Yes,No,Fiber optic,No,No,Yes,Yes,No,No,One year,No,Mailed check,89.35,3040.89,Yes
2873-VLRX,Female,0,Yes,No,39,Yes,No,No,No internet service,No internet service,No internet service,No internet service,No internet service,No internet service,Two year,Yes,Credit card (automatic),40.42,1578.19,No
1238-BDHL,Female,1,No,No,58,Yes,Yes,DSL,Yes,No,No,Yes,Yes,No,Month-to-month,Yes,Bank transfer (automatic),101.01,5870.32,No
5453-WOYI,Female,0,Yes,No,52,Yes,No,Fiber optic,No,Yes,No,No,Yes,Yes,Two year,No,Credit card (automatic),103.02,5356.94,No
7262-FPJD,Male,0,No,No,48,Yes,No,Fiber optic,No,No,No,No,No,No,Month-to-month,No,Bank transfer (automatic),85.58,4107.09,Yes
4654-UIKM,Male,0,No,No,60,Yes,No,DSL,No,No,Yes,No,No,Yes,Two year,Yes,Bank transfer (automatic),79.51,4761.17,No
2849-RZPF,Male,0,Yes,No,63,Yes,Yes,DSL,No,Yes,No,Yes,No,No,Month-to-month,No,Credit card (automatic),81.0,5103.29,No
9442-ZXTP,Female,0,Yes,Yes,4,Yes,No,Fiber optic,No,Yes,No,No,No,No,Month-to-month,No,Electronic check,86.81,345.89,Yes
1146-GSQO,Male,1,No,Yes,1,No,No phone service,DSL,Yes,No,No,Yes,Yes,Yes,Month-to-month,Yes,Electronic check,81.45,81.71,Yes
3803-PTBJ,Male,0,Yes,Yes,41,No,No phone service,Fiber optic,Yes,No,No,Yes,No,No,Two year,No,Mailed check,76.53,3122.77,No
1717-UIKM,Male,0,No,No,33,Yes,No,DSL,No,Yes,No,Yes,No,Yes,Two year,Yes,Electronic check,81.39,2683.96,No
1026-VLRX,Male,0,No,No,16,Yes,No,DSL,No,Yes,No,No,No,Yes,Month-to-month,No,Bank transfer (automatic),74.62,1186.36,Yes
5025-JBLV,Male,0,Yes,No,68,Yes,No,DSL,No,No,Yes,Yes,Yes,No,Two year,Yes,Credit card (automatic),82.99,5642.93,No
5175-EMCS,Female,0,Yes,No,60,Yes,Yes,Fiber optic,No,Yes,No,Yes,Yes,Yes,Month-to-month,Yes,Bank transfer (automatic),118.75,7131.09,Yes
6974-GSQO,Male,0,Yes,No,1,No,No phone service,No,No internet service,No internet service,No internet service,No internet service,No internet service,No internet service,Two year,Yes,Bank transfer (automatic),18.25,18.25,No
9656-TFDB,Male,0,Yes,Yes,57,Yes,Yes,Fiber optic,No,No,Yes,No,No,No,Two year,No,Credit card (automatic),92.65,5286.38,No
3810-RZPF,Male,0,No,No,49,Yes,Yes,No,No internet service,No internet service,No internet service,No internet service,No internet service,No internet service,One year,No,Credit card (automatic),49.37,2424.99,No
5141-DJVH,Female,0,Yes,Yes,17,Yes,Yes,DSL,No,No,Yes,No,Yes,No,Month-to-month,Yes,Mailed check,85.44,1451.49,No
4567-LHZR,Male,0,No,No,6,Yes,Yes,DSL,Yes,Yes,No,No,No,Yes,One year,No,Electronic check,98.03,596.57,Yes
3828-OQUY,Female,0,Yes,Yes,31,Yes,No,DSL,No,No,No,No,Yes,No,Month-to-month,No,Bank transfer (automatic),77.47,2407.64,No
6002-JBLV,Female,1,No,No,49,Yes,Yes,No,No internet service,No internet service,No internet service,No internet service,No internet service,No internet service,Month-to-month,No,Electronic check,47.31,2312.53,Yes
8669-VLRX,Male,0,Yes,No,35,Yes,No,Fiber optic,Yes,No,Yes,Yes,Yes,No,One year,No,Electronic check,108.5,3788.27,No
4381-MKGC,Male,0,Yes,No,24,Yes,No,DSL,No,No,No,Yes,No,No,One year,No,Bank transfer (automatic),73.89,1768.16,No
3510-ZXTP,Male,0,No,Yes,45,Yes,Yes,Fiber optic,No,Yes,Yes,Yes,Yes,Yes,One year,No,Mailed check,118.75,5348.84,No
6776-ZXTP,Male,1,No,Yes,32,Yes,Yes,DSL,Yes,No,No,Yes,No,No,Two year,No,Bank transfer (automatic),93.61,2999.65,Yes
3632-SCWQ,Male,1,Yes,No,23,Yes,No,No,No internet service,No internet service,No internet service,No internet service,No internet service,No internet service,One year,Yes,Electronic check,36.87,841.9,No
6398-OQUY,Male,0,Yes,Yes,53,Yes,Yes,DSL,No,No,Yes,Yes,Yes,Yes,One year,No,Electronic check,102.51,5430.71,No
1224-IYEK,Male,0,No,Yes,11,No,No phone service,Fiber optic,Yes,No,No,No,No,No,Month-to-month,Yes,Bank transfer (automatic),70.92,773.07,Yes
5552-LHZR,Female,0,No,Yes,46,Yes,Yes,No,No internet service,No internet service,No internet service,No internet service,No internet service,No internet service,Two year,No,Electronic check,49.05,2257.32,No
5042-PTBJ,Male,0,Yes,Yes,0,Yes,No,Fiber optic,Yes,Yes,No,Yes,No,No,Two year,Yes,Credit card (automatic),103.28,0.0,No
3708-AAAA,Male,0,No,Yes,34,No,No phone service,Fiber optic,Yes,No,No,Yes,No,No,Two year,Yes,Bank transfer (automatic),82.25,2805.82,No
7737-CGOW,Female,0,No,No,33,Yes,No,Fiber optic,No,Yes,Yes,Yes,No,Yes,Two year,No,Credit card (automatic),102.05,3369.36,No
6710-RZPF,Male,0,No,No,30,Yes,No,No,No internet service,No internet service,No internet service,No internet service,No internet service,No internet service,Two year,No,Electronic check,42.85,1288.76,Yes
6178-MKGC,Male,0,Yes,No,40,Yes,No,No,No internet service,No internet service,No internet service,No internet service,No internet service,No internet service,One year,Yes,Bank transfer (automatic),36.03,1440.68,No
2098-ZXTP,Female,1,Yes,No,17,Yes,Yes,No,No internet service,No internet service,No internet service,No internet service,No internet service,No internet service,Two year,Yes,Mailed check,51.98,882.84,Yes
1910-EMCS,Male,1,No,Yes,31,Yes,No,Fiber optic,No,No,No,No,No,No,One year,Yes,Electronic check,85.21,2644.84,Yes
6470-OQUY,Male,0,No,No,29,Yes,No,Fiber optic,No,No,No,No,No,No,Month-to-month,No,Mailed check,89.67,2596.37,Yes
1593-KESG,Female,0,No,Yes,41,Yes,Yes,DSL,Yes,Yes,No,Yes,Yes,No,One year,Yes,Mailed check,101.89,4179.29,No
4510-LHZR,Male,0,Yes,No,32,Yes,No,No,No internet service,No internet service,No internet service,No internet service,No internet service,No internet service,Month-to-month,Yes,Bank transfer (automatic),38.86,1248.97,Yes
6409-YUME,Female,1,No,No,29,Yes,No,Fiber optic,Yes,No,No,Yes,No,No,Month-to-month,Yes,Electronic check,97.82,2841.83,Yes
6126-MKGC,Female,0,Yes,Yes,57,Yes,Yes,No,No internet service,No internet service,No internet service,No internet service,No internet service,No internet service,Month-to-month,Yes,Electronic check,54.2,3093.03,No
9461-UIKM,Female,0,Yes,No,20,Yes,Yes,Fiber optic,No,No,Yes,Yes,No,No,Month-to-month,No,Electronic check,104.11,2085.17,Yes
9896-QWIU,Male,0,Yes,No,15,Yes,No,DSL,No,No,No,No,No,No,One year,Yes,Electronic check,62.57,938.69,Yes
8829-KESG,Male,0,No,Yes,30,Yes,Yes,DSL,Yes,No,No,No,Yes,No,One year,No,Credit card (automatic),95.02,2848.38,No
1232-SCWQ,Male,0,No,No,28,Yes,Yes,Fiber optic,No,No,No,No,No,Yes,Two year,Yes,Mailed check,102.22,2858.6,No
1654-QWIU,Female,0,No,Yes,29,Yes,Yes,Fiber optic,Yes,Yes,No,Yes,No,No,Two year,Yes,Electronic check,110.51,3208.13,No
3247-DJVH,Female,0,No,No,25,Yes,No,Fiber optic,Yes,No,Yes,Yes,Yes,Yes,Two year,No,Bank transfer (automatic),118.75,2963.39,No
2752-XRFT,Male,0,No,No,49,Yes,Yes,No,No internet service,No internet service,No internet service,No internet service,No internet service,No internet service,Two year,Yes,Bank transfer (automatic),47.34,2326.77,No
5366-JBLV,Female,1,No,Yes,14,Yes,Yes,DSL,No,No,Yes,No,Yes,No,Two year,Yes,Mailed check,83.88,1177.9,Yes
4440-CGOW,Female,0,Yes,Yes,44,Yes,No,Fiber optic,No,Yes,No,No,No,Yes,Month-to-month,Yes,Credit card (automatic),91.71,4033.47,No
7160-NNNN,Female,0,No,Yes,44,Yes,No,DSL,No,Yes,No,No,No,No,Two year,Yes,Mailed check,60.95,2673.86,No
7638-VLRX,Female,0,No,No,55,Yes,Yes,DSL,No,No,Yes,Yes,Yes,No,Month-to-month,Yes,Mailed check,92.01,5066.1,Yes
1459-DJVH,Male,0,No,No,33,No,No phone service,No,No internet service,No internet service,No internet service,No internet service,No internet service,No internet service,Two year,Yes,Electronic check,21.16,712.42,No
4199-EMCS,Male,0,Yes,No,16,Yes,Yes,Fiber optic,No,No,No,No,No,No,Month-to-month,No,Electronic check,90.45,1454.51,Yes
9234-SCWQ,Male,0,No,No,29,Yes,Yes,Fiber optic,Yes,No,No,No,No,No,Month-to-month,Yes,Mailed check,104.52,3023.77,Yes
5958-OQUY,Male,0,Yes,No,44,Yes,Yes,DSL,No,Yes,No,No,Yes,Yes,Two year,Yes,Electronic check,95.03,4165.28,No
7009-EMCS,Male,0,No,No,34,Yes,No,Fiber optic,Yes,Yes,Yes,No,No,No,Month-to-month,Yes,Mailed check,93.66,3185.85,Yes
2108-TFDB,Male,0,No,No,51,Yes,No,DSL,Yes,No,No,No,No,No,Month-to-month,No,Mailed check,70.94,3616.74,No
7115-CGOW,Female,0,No,Yes,23,Yes,Yes,Fiber optic,No,No,Yes,No,Yes,No,Month-to-month,Yes,Bank transfer (automatic),106.75,2456.89,Yes
6356-TFDB,Female,0,Yes,Yes,65,Yes,No,Fiber optic,No,No,No,Yes,No,No,Month-to-month,Yes,Electronic check,96.62,6282.52,Yes
1226-KESG,Female,0,Yes,No,8,Yes,Yes,DSL,Yes,No,No,Yes,No,No,Month-to-month,Yes,Credit card (automatic),89.84,729.29,No
4749-UIKM,Male,0,No,No,66,Yes,Yes,DSL,No,Yes,No,No,No,No,One year,Yes,Credit card (automatic),80.01,5280.18,Yes
5025-ZXTP,Male,0,Yes,No,23,Yes,No,Fiber optic,No,Yes,No,No,No,Yes,Month-to-month,Yes,Bank transfer (automatic),93.23,2149.74,Yes
2787-HVXZ,Female,0,No,Yes,54,No,No phone service,No,No internet service,No internet service,No internet service,No internet service,No internet service,No internet service,One year,Yes,Mailed check,21.96,1179.96,No
1920-LHZR,Female,0,Yes,No,48,Yes,No,Fiber optic,Yes,No,No,No,No,No,Two year,No,Credit card (automatic),90.72,4350.17,No
9960-KESG,Male,0,No,No,66,Yes,No,Fiber optic,No,No,No,Yes,No,No,Two year,Yes,Mailed check,89.11,5876.85,No
2133-YUME,Female,0,No,Yes,25,Yes,No,Fiber optic,Yes,Yes,No,No,No,Yes,One year,Yes,Electronic check,99.43,2492.72,Yes
5958-VLRX,Male,0,No,No,51,No,No phone service,Fiber optic,Yes,No,Yes,No,No,No,Month-to-month,Yes,Credit card (automatic),72.73,3701.6,Yes
9312-UIKM,Male,0,No,No,56,Yes,No,Fiber optic,No,Yes,Yes,No,No,Yes,Two year,No,Electronic check,98.26,5497.39,No
9281-NNNN,Male,0,No,No,59,Yes,Yes,Fiber optic,Yes,No,No,No,No,No,Month-to-month,Yes,Credit card (automatic),101.55,5992.18,Yes
8777-CGOW,Male,1,No,No,25,Yes,Yes,No,No internet service,No internet service,No internet service,No internet service,No internet service,No internet service,Month-to-month,Yes,Electronic check,49.5,1231.04,Yes
5541-IYEK,Female,0,No,Yes,67,Yes,No,DSL,Yes,Yes,No,No,No,No,Two year,Yes,Bank transfer (automatic),76.0,5081.37,No
6543-VLRX,Male,0,Yes,No,72,Yes,No,Fiber optic,Yes,No,No,Yes,No,No,Month-to-month,Yes,Credit card (automatic),103.67,7456.66,Yes
3938-CGOW,Female,1,Yes,No,48,Yes,Yes,Fiber optic,No,Yes,No,No,No,No,Month-to-month,Yes,Credit card (automatic),94.11,4521.96,No
8166-UIKM,Female,0,No,Yes,20,No,No phone service,No,No internet service,No internet service,No internet service,No internet service,No internet service,No internet service,Month-to-month,Yes,Electronic check,25.89,509.35,No
8280-TFDB,Female,0,No,Yes,27,Yes,Yes,Fiber optic,No,Yes,Yes,Yes,No,Yes,Month-to-month,Yes,Electronic check,110.71,2990.72,Yes
2900-OQUY,Female,0,Yes,Yes,34,Yes,Yes,Fiber optic,No,No,No,No,No,No,Two year,Yes,Bank transfer (automatic),98.4,3351.43,No
4729-FPJD,Male,1,No,Yes,11,Yes,No,Fiber optic,No,Yes,Yes,No,No,No,Month-to-month,No,Electronic check,80.74,884.78,Yes
2067-UIKM,Male,0,No,No,4,Yes,Yes,No,No internet service,No internet service,No internet service,No internet service,No internet service,No internet service,Two year,Yes,Electronic check,56.75,212.3,No
9518-AAAA,Male,0,No,Yes,21,Yes,Yes,DSL,Yes,Yes,No,Yes,Yes,No,Month-to-month,No,Credit card (automatic),97.04,2033.94,Yes
1943-RZPF,Female,0,No,No,57,Yes,Yes,DSL,Yes,Yes,No,Yes,Yes,No,Two year,Yes,Mailed check,102.42,5845.19,No
9828-BDHL,Female,0,No,No,33,Yes,No,DSL,No,Yes,No,No,No,Yes,Month-to-month,No,Credit card (automatic),71.04,2333.89,Yes
5624-QWIU,Female,0,Yes,No,31,Yes,No,Fiber optic,No,No,Yes,Yes,No,No,Two year,No,Credit card (automatic),89.58,2766.53,No
4738-QWIU,Female,0,No,No,30,Yes,Yes,DSL,Yes,No,No,No,Yes,No,Two year,No,Electronic check,89.62,2687.47,No
4309-LHZR,Male,0,No,No,70,Yes,No,DSL,Yes,No,No,No,No,No,Month-to-month,No,Electronic check,75.11,5260.7,Yes
1924-NNNN,Male,0,No,Yes,57,Yes,Yes,Fiber optic,No,Yes,No,No,Yes,No,One year,Yes,Credit card (automatic),103.98,5926.34,Yes
5968-QWIU,Female,1,Yes,Yes,42,Yes,No,No,No internet service,No internet service,No internet service,No internet service,No internet service,No internet service,Month-to-month,No,Mailed check,42.16,1768.13,No
7873-EMCS,Male,1,No,Yes,47,No,No phone service,DSL,No,No,Yes,No,No,Yes,One year,Yes,Electronic check,54.66,2566.35,No
2299-OQUY,Male,0,No,No,61,No,No phone service,Fiber optic,No,No,No,No,No,No,Two year,Yes,Bank transfer (automatic),62.28,3805.25,Yes
1919-LHZR,Female,0,Yes,Yes,41,Yes,No,DSL,No,No,No,No,Yes,No,Month-to-month,Yes,Mailed check,76.58,3139.22,Yes
8023-SCWQ,Male,0,Yes,No,48,No,No phone service,Fiber optic,No,No,Yes,No,No,Yes,Month-to-month,Yes,Electronic check,77.59,3722.01,Yes
8629-CGOW,Male,0,No,No,28,Yes,Yes,DSL,Yes,Yes,Yes,Yes,No,No,Month-to-month,No,Electronic check,94.02,2634.57,Yes
3838-CGOW,Male,0,No,No,63,Yes,No,No,No internet service,No internet service,No internet service,No internet service,No internet service,No internet service,Month-to-month,Yes,Bank transfer (automatic),43.34,2728.14,Yes
2828-MKGC,Female,1,Yes,No,9,No,No phone service,Fiber optic,No,Yes,Yes,Yes,Yes,No,Month-to-month,Yes,Mailed check,81.67,734.18,Yes
6818-FPJD,Male,0,Yes,No,3,Yes,No,No,No internet service,No internet service,No internet service,No internet service,No internet service,No internet service,Month-to-month,No,Mailed check,40.85,118.12,No
2231-XRFT,Male,0,Yes,No,5,Yes,Yes,Fiber optic,Yes,No,No,No,No,No,Month-to-month,Yes,Bank transfer (automatic),107.77,538.35,Yes
4676-AAAA,Male,0,No,No,30,Yes,Yes,Fiber optic,Yes,No,Yes,Yes,No,No,Month-to-month,Yes,Bank transfer (automatic),111.13,3325.11,Yes
5239-OQUY,Female,0,Yes,Yes,68,Yes,No,Fiber optic,Yes,No,No,Yes,No,No,One year,Yes,Electronic check,96.59,6575.8,Yes
4802-HVXZ,Female,0,No,No,20,Yes,Yes,Fiber optic,No,Yes,Yes,No,No,Yes,Two year,No,Credit card (automatic),104.97,2100.06,Yes
6988-FPJD,Female,1,No,Yes,3,Yes,Yes,DSL,No,No,Yes,Yes,Yes,Yes,Month-to-month,No,Electronic check,102.48,308.15,No
7686-EMCS,Female,0,No,No,24,Yes,Yes,No,No internet service,No internet service,No internet service,No internet service,No internet service,No internet service,One year,No,Bank transfer (automatic),50.28,1205.94,No
7089-MKGC,Male,0,Yes,No,15,Yes,Yes,Fiber optic,No,No,No,No,No,No,Month-to-month,Yes,Electronic check,93.63,1399.38,Yes
8381-DJVH,Female,1,No,No,21,Yes,No,Fiber optic,Yes,No,Yes,Yes,No,No,Month-to-month,Yes,Electronic check,103.12,2160.91,Yes
4174-QWIU,Male,0,No,No,65,Yes,Yes,Fiber optic,No,No,Yes,No,Yes,No,Month-to-month,Yes,Electronic check,101.21,6581.59,Yes
8754-MKGC,Female,0,Yes,No,50,Yes,No,Fiber optic,No,No,No,Yes,Yes,No,Two year,No,Electronic check,101.91,5095.93,No
1437-KESG,Male,0,No,No,17,No,No phone service,Fiber optic,Yes,No,No,Yes,Yes,Yes,Two year,Yes,Mailed check,103.89,1768.91,Yes
3591-PTBJ,Female,0,No,No,40,Yes,No,Fiber optic,Yes,No,No,Yes,Yes,No,One year,Yes,Bank transfer (automatic),115.17,4605.35,Yes
8878-CGOW,Female,0,No,No,9,Yes,Yes,Fiber optic,Yes,No,No,No,No,No,One year,No,Bank transfer (automatic),105.38,939.78,Yes
2065-RZPF,Male,0,No,No,19,Yes,No,DSL,No,No,No,Yes,Yes,Yes,Month-to-month,Yes,Mailed check,93.38,1773.71,Yes
6387-YUME,Male,0,No,Yes,32,Yes,No,No,No internet service,No internet service,No internet service,No internet service,No internet service,No internet service,Month-to-month,No,Credit card (automatic),36.4,1167.2,Yes
5000-UIKM,Male,0,No,No,43,Yes,Yes,Fiber optic,Yes,Yes,No,Yes,Yes,Yes,One year,No,Bank transfer (automatic),118.75,5096.94,Yes
5831-SCWQ,Male,0,Yes,No,69,Yes,No,No,No internet service,No internet service,No internet service,No internet service,No internet service,No internet service,One year,Yes,Bank transfer (automatic),43.52,3001.89,No
1105-MKGC,Female,1,Yes,Yes,3,Yes,No,No,No internet service,No internet service,No internet service,No internet service,No internet service,No internet service,Month-to-month,No,Electronic check,38.32,112.32,No
4959-AAAA,Female,0,No,No,26,Yes,Yes,No,No internet service,No internet service,No internet service,No internet service,No internet service,No internet service,One year,Yes,Electronic check,50.75,1320.84,No
1156-OQUY,Female,0,Yes,Yes,0,No,No phone service,Fiber optic,No,Yes,Yes,No,No,Yes,Month-to-month,Yes,Credit card (automatic),77.33,0.0,Yes
7666-RZPF,Male,0,Yes,No,51,Yes,No,Fiber optic,No,Yes,Yes,No,Yes,Yes,Month-to-month,Yes,Mailed check,105.11,5358.28,Yes
9915-TFDB,Male,0,Yes,No,34,Yes,Yes,DSL,No,No,No,No,No,Yes,Month-to-month,No,Mailed check,87.99,2993.95,Yes
5859-TFDB,Male,0,No,No,11,Yes,No,No,No internet service,No internet service,No internet service,No internet service,No internet service,No internet service,Month-to-month,Yes,Electronic check,37.16,410.68,No
5566-YUME,Female,0,Yes,Yes,15,Yes,Yes,Fiber optic,Yes,No,No,No,Yes,Yes,Month-to-month,No,Credit card (automatic),118.75,1773.58,Yes
5284-ZXTP,Male,0,No,Yes,44,Yes,No,DSL,Yes,Yes,No,No,Yes,Yes,Month-to-month,Yes,Electronic check,90.8,3993.04,Yes
1272-HVXZ,Female,0,Yes,No,60,No,No phone service,DSL,No,No,No,No,No,No,Month-to-month,No,Credit card (automatic),45.58,2739.59,No
3123-GSQO,Male,0,No,No,7,Yes,No,Fiber optic,No,Yes,Yes,No,No,No,Month-to-month,Yes,Bank transfer (automatic),83.52,580.95,Yes
5079-RZPF,Female,0,No,Yes,30,Yes,Yes,Fiber optic,Yes,Yes,Yes,No,No,Yes,Month-to-month,Yes,Bank transfer (automatic),107.87,3245.9,Yes
1857-PTBJ,Male,0,No,No,39,Yes,Yes,DSL,No,Yes,No,Yes,Yes,Yes,Two year,Yes,Bank transfer (automatic),104.31,4066.79,No
4081-BDHL,Male,0,Yes,No,21,Yes,No,DSL,Yes,No,Yes,Yes,No,Yes,One year,Yes,Mailed check,90.96,1914.1,No
7943-IYEK,Male,0,Yes,No,21,Yes,Yes,DSL,Yes,Yes,No,No,No,No,Month-to-month,Yes,Credit card (automatic),86.68,1820.93,No
6167-WOYI,Male,0,Yes,Yes,69,Yes,Yes,DSL,No,No,Yes,No,No,No,Month-to-month,Yes,Mailed check,73.62,5069.01,Yes
9501-CGOW,Male,0,No,No,64,Yes,Yes,Fiber optic,Yes,No,No,No,No,No,One year,Yes,Electronic check,103.02,6601.46,Yes
9501-MKGC,Male,0,No,No,27,No,No phone service,Fiber optic,Yes,No,No,No,No,No,One year,No,Credit card (automatic),72.91,1975.58,No
7160-IYEK,Female,0,No,No,16,Yes,No,DSL,No,Yes,No,No,Yes,No,Month-to-month,No,Bank transfer (automatic),79.03,1264.85,Yes
2782-HVXZ,Male,1,Yes,Yes,6,No,No phone service,DSL,No,No,No,Yes,Yes,Yes,Two year,Yes,Electronic check,74.01,445.47,No
2625-TFDB,Male,0,Yes,No,43,Yes,Yes,DSL,No,Yes,Yes,No,Yes,Yes,One year,Yes,Electronic check,100.39,4303.16,Yes
7445-LHZR,Female,1,Yes,No,16,Yes,No,DSL,No,Yes,Yes,Yes,No,No,Month-to-month,No,Bank transfer (automatic),69.52,1121.04,Yes
2627-NNNN,Male,1,Yes,Yes,9,Yes,No,Fiber optic,Yes,No,No,Yes,Yes,No,Month-to-month,Yes,Bank transfer (automatic),112.02,1008.85,Yes
7869-TFDB,Female,1,No,Yes,68,Yes,No,DSL,No,Yes,No,No,Yes,No,Month-to-month,Yes,Credit card (automatic),76.31,5178.33,Yes
8485-RZPF,Male,1,No,Yes,8,Yes,Yes,Fiber optic,Yes,No,No,No,Yes,No,Month-to-month,Yes,Bank transfer (automatic),108.26,866.07,Yes
8875-SCWQ,Female,0,Yes,No,40,Yes,No,DSL,Yes,No,No,No,Yes,No,One year,Yes,Electronic check,84.63,3389.22,Yes
9884-JBLV,Female,0,No,No,29,Yes,No,DSL,No,Yes,No,No,No,Yes,Month-to-month,No,Electronic check,73.45,2124.5,Yes
6972-UIKM,Female,0,Yes,No,2,Yes,No,No,No internet service,No internet service,No internet service,No internet service,No internet service,No internet service,Month-to-month,No,Credit card (automatic),42.46,87.7,No
1147-UIKM,Male,0,Yes,No,19,Yes,Yes,DSL,Yes,No,Yes,Yes,No,No,Month-to-month,No,Electronic check,89.07,1696.82,Yes
9848-AAAA,Female,0,No,No,27,Yes,No,No,No internet service,No internet service,No internet service,No internet service,No internet service,No internet service,One year,Yes,Bank transfer (automatic),40.39,1086.34,No
3733-LHZR,Male,0,No,Yes,28,Yes,No,DSL,Yes,No,No,No,No,No,One year,No,Electronic check,73.78,2070.1,Yes
1270-KESG,Male,0,No,No,60,Yes,No,No,No internet service,No internet service,No internet service,No internet service,No internet service,No internet service,One year,No,Electronic check,42.6,2559.85,Yes
3511-EMCS,Male,0,No,Yes,7,Yes,Yes,Fiber optic,Yes,No,No,Yes,No,Yes,One year,No,Bank transfer (automatic),118.75,834.73,Yes
2819-LHZR,Female,1,No,No,8,Yes,No,No,No internet service,No internet service,No internet service,No internet service,No internet service,No internet service,Month-to-month,No,Electronic check,35.95,284.69,Yes
2823-KESG,Female,0,No,No,0,Yes,Yes,Fiber optic,No,Yes,No,No,No,No,Month-to-month,Yes,Mailed check,91.33,0.0,Yes
4439-BDHL,Female,0,No,No,2,Yes,No,DSL,No,No,Yes,No,No,No,Month-to-month,Yes,Mailed check,62.0,124.08,Yes
3716-KESG,Female,0,No,No,63,Yes,Yes,Fiber optic,Yes,No,No,No,No,Yes,Month-to-month,Yes,Electronic check,114.44,7209.19,Yes
2505-MKGC,Female,0,No,No,9,Yes,Yes,Fiber optic,Yes,No,Yes,Yes,No,No,Month-to-month,Yes,Bank transfer (automatic),113.76,1029.82,Yes
8616-LHZR,Male,1,Yes,No,49,Yes,No,Fiber optic,No,Yes,No,No,Yes,No,Month-to-month,Yes,Electronic check,97.86,4799.35,Yes
1892-BDHL,Male,0,No,No,59,Yes,No,No,No internet service,No internet service,No internet service,No internet service,No internet service,No internet service,Month-to-month,Yes,Bank transfer (automatic),39.96,2364.9,No
3925-AAAA,Male,0,No,Yes,62,Yes,No,Fiber optic,Yes,Yes,No,No,Yes,No,Month-to-month,No,Electronic check,99.24,6153.59,Yes
4829-PTBJ,Male,0,No,No,44,Yes,No,DSL,No,No,Yes,No,No,Yes,Month-to-month,No,Electronic check,70.71,3104.35,Yes
2051-XRFT,Female,0,No,Yes,60,Yes,Yes,DSL,No,Yes,Yes,No,Yes,No,Month-to-month,No,Credit card (automatic),83.91,5039.5,No
8206-UIKM,Male,0,No,Yes,2,Yes,No,Fiber optic,Yes,No,No,Yes,Yes,Yes,Two year,Yes,Mailed check,118.75,237.21,No
8995-HVXZ,Male,0,Yes,No,64,Yes,No,Fiber optic,Yes,No,No,Yes,No,No,Month-to-month,No,Electronic check,98.55,6305.4,Yes
7139-QWIU,Male,0,No,No,23,Yes,No,DSL,No,No,No,No,No,No,One year,Yes,Bank transfer (automatic),67.75,1573.18,Yes
2646-FPJD,Male,0,No,Yes,10,Yes,Yes,DSL,No,No,No,Yes,No,No,One year,Yes,Mailed check,86.05,870.5,No
9347-GSQO,Male,0,No,Yes,28,Yes,Yes,No,No internet service,No internet service,No internet service,No internet service,No internet service,No internet service,Two year,No,Bank transfer (automatic),50.32,1409.57,No
9707-MKGC,Female,0,No,Yes,56,Yes,Yes,DSL,No,No,Yes,No,No,No,Two year,No,Mailed check,76.22,4272.79,No
7738-IYEK,Female,0,No,No,35,Yes,No,DSL,No,Yes,Yes,No,No,Yes,Month-to-month,Yes,Credit card (automatic),73.62,2571.7,Yes
5619-JBLV,Male,0,Yes,No,23,Yes,No,DSL,Yes,Yes,No,No,No,No,Month-to-month,No,Mailed check,71.58,1646.32,Yes
7701-QWIU,Male,0,No,No,49,Yes,Yes,Fiber optic,Yes,No,No,Yes,Yes,No,One year,No,Electronic check,118.75,5822.38,Yes
5645-VLRX,Female,0,No,No,14,Yes,Yes,DSL,Yes,No,No,No,Yes,No,Two year,Yes,Electronic check,93.34,1308.19,No
8758-GSQO,Male,1,Yes,No,28,Yes,Yes,DSL,No,No,Yes,No,Yes,No,Month-to-month,No,Electronic check,81.73,2287.92,Yes
1643-EMCS,Male,0,No,No,55,Yes,Yes,DSL,No,No,No,No,No,No,Two year,No,Electronic check,70.97,3906.72,No
9475-BDHL,Female,0,No,Yes,18,Yes,Yes,DSL,No,No,No,No,No,Yes,Month-to-month,Yes,Credit card (automatic),87.46,1566.15,Yes
1956-HVXZ,Male,0,Yes,No,57,Yes,No,No,No internet service,No internet service,No internet service,No internet service,No internet service,No internet service,Month-to-month,No,Credit card (automatic),41.99,2394.59,Yes
2651-QWIU,Male,1,No,No,35,Yes,No,DSL,No,No,No,No,No,Yes,Month-to-month,No,Bank transfer (automatic),75.92,2661.74,Yes
7941-HVXZ,Male,0,Yes,No,26,No,No phone service,No,No internet service,No internet service,No internet service,No internet service,No internet service,No internet service,Month-to-month,Yes,Mailed check,22.74,603.84,Yes
7233-YUME,Male,0,No,Yes,61,Yes,Yes,Fiber optic,No,No,Yes,Yes,No,Yes,Month-to-month,No,Electronic check,115.26,7015.15,Yes
9173-NNNN,Male,0,Yes,Yes,62,Yes,Yes,Fiber optic,Yes,Yes,Yes,Yes,Yes,No,Month-to-month,Yes,Credit card (automatic),115.64,7173.57,No
8647-EMCS,Female,0,Yes,Yes,59,Yes,Yes,DSL,Yes,Yes,No,No,Yes,No,One year,No,Mailed check,89.6,5286.63,No
9436-WOYI,Male,0,No,No,8,No,No phone service,DSL,No,No,No,No,Yes,Yes,Month-to-month,No,Electronic check,68.24,545.45,Yes
3230-RZPF,Male,0,No,No,29,Yes,No,DSL,No,Yes,No,No,No,No,Month-to-month,Yes,Credit card (automatic),68.22,1978.11,Yes
7457-ZXTP,Female,0,Yes,Yes,29,No,No phone service,Fiber optic,Yes,No,Yes,No,No,No,Month-to-month,No,Bank transfer (automatic),70.43,2037.36,Yes
7566-PTBJ,Male,0,Yes,No,22,Yes,Yes,Fiber optic,Yes,No,Yes,No,Yes,Yes,Month-to-month,No,Mailed check,118.75,2617.74,Yes
1757-AAAA,Female,0,No,Yes,31,Yes,Yes,Fiber optic,No,No,No,No,Yes,No,Month-to-month,No,Electronic check,102.93,3186.48,Yes
9052-RZPF,Female,1,Yes,Yes,56,Yes,No,Fiber optic,No,No,No,No,No,No,Two year,No,Bank transfer (automatic),83.96,4704.21,No
1016-LHZR,Male,0,Yes,No,70,Yes,No,Fiber optic,No,Yes,Yes,Yes,No,Yes,Month-to-month,Yes,Credit card (automatic),104.63,7317.21,No
7340-QWIU,Male,0,No,No,11,Yes,No,Fiber optic,Yes,No,No,Yes,Yes,Yes,Month-to-month,Yes,Electronic check,118.75,1304.25,Yes
9662-PTBJ,Female,0,No,No,35,Yes,No,Fiber optic,No,Yes,No,Yes,No,Yes,Month-to-month,No,Credit card (automatic),100.57,3513.68,No
1707-IYEK,Female,0,Yes,No,5,Yes,Yes,No,No internet service,No internet service,No internet service,No internet service,No internet service,No internet service,Month-to-month,Yes,Mailed check,47.16,228.41,Yes
3502-DJVH,Female,1,No,No,2,Yes,Yes,No,No internet service,No internet service,No internet service,No internet service,No internet service,No internet service,One year,Yes,Mailed check,50.38,95.08,Yes
1187-XRFT,Male,0,No,Yes,55,Yes,No,Fiber optic,Yes,Yes,Yes,No,No,Yes,Month-to-month,No,Mailed check,101.61,5583.5,Yes
1001-FPJD,Female,0,Yes,No,50,Yes,Yes,Fiber optic,Yes,Yes,No,No,Yes,No,Month-to-month,No,Electronic check,111.06,5554.19,Yes
6041-TFDB,Male,0,Yes,No,15,Yes,No,DSL,No,Yes,No,No,Yes,No,One year,No,Bank transfer (automatic),77.67,1158.18,Yes
6177-XRFT,Female,0,Yes,Yes,55,Yes,No,DSL,No,Yes,Yes,No,Yes,No,Month-to-month,Yes,Electronic check,78.59,4325.79,Yes
1534-UIKM,Female,0,No,No,55,Yes,Yes,Fiber optic,No,No,No,Yes,No,Yes,Two year,Yes,Electronic check,116.92,6420.24,No
9737-OQUY,Male,0,Yes,No,68,Yes,No,DSL,Yes,Yes,Yes,Yes,No,Yes,Month-to-month,Yes,Electronic check,90.07,6130.49,Yes
5210-AAAA,Male,0,No,No,59,Yes,No,Fiber optic,Yes,Yes,No,Yes,No,No,Month-to-month,Yes,Electronic check,99.95,5904.88,Yes
3336-XRFT,Male,0,No,No,8,Yes,No,DSL,No,No,Yes,No,No,No,Month-to-month,Yes,Credit card (automatic),65.62,518.61,Yes
8742-WOYI,Female,0,No,No,31,Yes,No,No,No internet service,No internet service,No internet service,No internet service,No internet service,No internet service,Month-to-month,No,Credit card (automatic),42.75,1337.06,Yes
5943-XRFT,Female,0,Yes,Yes,43,Yes,No,DSL,Yes,Yes,No,No,Yes,No,Month-to-month,No,Mailed check,83.48,3591.66,No
6949-AAAA,Female,0,No,No,2,Yes,Yes,DSL,No,No,No,No,Yes,No,Two year,Yes,Bank transfer (automatic),85.37,175.51,Yes
1508-TFDB,Female,0,Yes,No,48,Yes,No,Fiber optic,No,Yes,No,Yes,No,Yes,One year,No,Mailed check,101.02,4848.28,No
4763-XRFT,Female,1,No,No,0,Yes,No,No,No internet service,No internet service,No internet service,No internet service,No internet service,No internet service,Month-to-month,No,Mailed check,41.5,0.0,Yes
7771-HVXZ,Male,0,Yes,No,60,Yes,No,Fiber optic,Yes,No,No,Yes,Yes,No,Month-to-month,No,Mailed check,111.04,6654.72,No
3866-IYEK,Male,0,Yes,No,56,No,No phone service,No,No internet service,No internet service,No internet service,No internet service,No internet service,No internet service,One year,No,Mailed check,18.25,1022.44,No
1719-EMCS,Female,0,No,No,1,Yes,Yes,No,No internet service,No internet service,No internet service,No internet service,No internet service,No internet service,Month-to-month,No,Credit card (automatic),46.63,48.91,Yes
2902-FPJD,Male,0,Yes,Yes,31,Yes,No,DSL,No,No,Yes,Yes,Yes,Yes,Two year,Yes,Electronic check,96.82,3000.0,No
2301-CGOW,Female,0,No,No,12,Yes,No,No,No internet service,No internet service,No internet service,No internet service,No internet service,No internet service,Two year,No,Credit card (automatic),41.44,496.29,No
2574-LHZR,Male,0,Yes,No,48,Yes,Yes,No,No internet service,No internet service,No internet service,No internet service,No internet service,No internet service,Month-to-month,Yes,Electronic check,46.61,2243.97,Yes
3831-UIKM,Male,0,No,No,7,No,No phone service,DSL,No,No,No,No,Yes,Yes,Month-to-month,No,Mailed check,65.5,458.33,Yes
6316-QWIU,Male,0,No,No,68,Yes,Yes,DSL,No,No,No,No,No,No,Month-to-month,Yes,Electronic check,75.9,5153.58,No
5213-CGOW,Male,0,No,No,41,Yes,No,Fiber optic,Yes,Yes,No,Yes,No,Yes,Month-to-month,No,Electronic check,113.12,4642.69,No
9185-EMCS,Female,0,Yes,No,57,Yes,No,No,No internet service,No internet service,No internet service,No internet service,No internet service,No internet service,Month-to-month,Yes,Credit card (automatic),40.76,2330.54,No
6917-RZPF,Female,0,No,No,61,Yes,Yes,No,No internet service,No internet service,No internet service,No internet service,No internet service,No internet service,Month-to-month,Yes,Mailed check,52.55,3208.74,Yes
1536-MKGC,Male,0,Yes,No,68,Yes,No,Fiber optic,No,No,Yes,Yes,No,Yes,Month-to-month,Yes,Mailed check,100.84,6854.27,Yes
4906-JBLV,Male,0,Yes,No,0,Yes,No,No,No internet service,No internet service,No internet service,No internet service,No internet service,No internet service,Month-to-month,Yes,Credit card (automatic),41.14,0.0,Yes
3601-NNNN,Male,0,Yes,Yes,69,Yes,No,Fiber optic,No,No,No,No,No,No,Month-to-month,No,Bank transfer (automatic),88.27,6090.58,No
4491-IYEK,Female,1,Yes,No,52,Yes,No,Fiber optic,No,Yes,Yes,No,No,Yes,One year,Yes,Bank transfer (automatic),97.5,5070.98,No
9343-YUME,Male,0,No,No,20,Yes,Yes,Fiber optic,Yes,No,Yes,No,No,No,Month-to-month,Yes,Electronic check,103.62,2074.45,Yes
3842-NNNN,Male,0,No,No,64,Yes,No,DSL,No,No,No,No,No,No,One year,No,Credit card (automatic),68.89,4413.96,Yes
7099-TFDB,Female,0,Yes,Yes,45,Yes,Yes,DSL,Yes,No,No,No,No,Yes,One year,Yes,Mailed check,94.99,4269.97,No
4809-QWIU,Female,0,No,No,46,Yes,No,DSL,No,No,No,No,Yes,Yes,Month-to-month,Yes,Mailed check,88.68,4078.21,No
8566-AAAA,Female,0,Yes,No,14,Yes,Yes,No,No internet service,No internet service,No internet service,No internet service,No internet service,No internet service,Month-to-month,No,Electronic check,50.32,707.34,Yes
9100-LHZR,Male,0,No,No,22,Yes,No,No,No internet service,No internet service,No internet service,No internet service,No internet service,No internet service,Month-to-month,No,Electronic check,41.29,909.48,Yes
9434-LHZR,Female,0,Yes,No,68,Yes,Yes,Fiber optic,No,No,No,No,No,Yes,Month-to-month,Yes,Credit card (automatic),107.74,7325.74,Yes
6109-MKGC,Male,0,Yes,Yes,72,Yes,No,Fiber optic,No,No,No,Yes,No,Yes,Two year,Yes,Credit card (automatic),103.14,7418.68,Yes
9941-QWIU,Female,0,Yes,No,21,No,No phone service,Fiber optic,No,Yes,No,Yes,No,No,Month-to-month,Yes,Credit card (automatic),70.48,1479.53,Yes
2757-DJVH,Male,0,No,No,3,Yes,Yes,Fiber optic,Yes,Yes,No,Yes,No,No,One year,No,Credit card (automatic),113.14,343.75,Yes
6368-YUME,Female,0,No,Yes,11,Yes,No,DSL,No,Yes,No,Yes,Yes,Yes,One year,No,Credit card (automatic),92.79,1011.29,Yes
7748-VLRX,Female,0,No,Yes,10,Yes,Yes,Fiber optic,No,No,No,No,No,Yes,Month-to-month,Yes,Credit card (automatic),105.31,1057.47,Yes
9995-LHZR,Female,0,Yes,Yes,26,Yes,Yes,DSL,No,Yes,No,No,No,No,Month-to-month,Yes,Bank transfer (automatic),79.62,2071.01,Yes
6179-WOYI,Male,0,No,Yes,63,Yes,No,DSL,No,Yes,No,No,No,No,Month-to-month,Yes,Electronic check,62.23,3927.79,Yes
8939-GSQO,Female,1,Yes,No,5,Yes,No,Fiber optic,No,No,No,No,No,No,Month-to-month,Yes,Electronic check,83.32,415.17,No
3693-DJVH,Female,1,No,No,20,Yes,No,Fiber optic,No,No,Yes,No,No,No,Month-to-month,Yes,Credit card (automatic),81.45,1634.18,Yes
4127-NNNN,Male,0,No,Yes,8,Yes,Yes,DSL,No,No,Yes,No,Yes,No,Two year,Yes,Credit card (automatic),83.69,661.41,Yes
2191-MKGC,Male,0,Yes,Yes,25,Yes,No,Fiber optic,No,Yes,No,Yes,No,Yes,Month-to-month,Yes,Electronic check,101.9,2542.26,Yes
5378-LHZR,Female,0,No,No,7,Yes,No,DSL,No,No,Yes,Yes,No,No,Month-to-month,No,Mailed check,71.01,495.7,Yes
6056-WOYI,Male,0,No,No,25,No,No phone service,No,No internet service,No internet service,No internet service,No internet service,No internet service,No internet service,Month-to-month,Yes,Bank transfer (automatic),18.25,455.2,Yes
8970-EMCS,Female,0,No,No,54,Yes,No,DSL,No,No,No,No,No,No,Month-to-month,No,Electronic check,62.38,3367.69,Yes
9971-KESG,Male,0,Yes,No,50,Yes,Yes,Fiber optic,No,No,No,No,Yes,No,Month-to-month,Yes,Electronic check,104.4,5220.2,Yes
6765-JBLV,Male,0,Yes,Yes,18,Yes,Yes,No,No internet service,No internet service,No internet service,No internet service,No internet service,No internet service,One year,Yes,Electronic check,46.31,837.52,Yes
9044-YUME,Female,0,Yes,No,63,Yes,Yes,DSL,Yes,No,No,No,Yes,No,Two year,Yes,Mailed check,91.92,5800.95,No
6209-PTBJ,Male,0,Yes,Yes,36,Yes,Yes,DSL,No,No,No,No,Yes,Yes,Month-to-month,Yes,Mailed check,101.87,3666.26,Yes
5227-PTBJ,Male,0,Yes,Yes,59,Yes,Yes,No,No internet service,No internet service,No internet service,No internet service,No internet service,No internet service,One year,No,Bank transfer (automatic),51.98,3073.04,No
7391-IYEK,Male,0,No,No,4,No,No phone service,No,No internet service,No internet service,No internet service,No internet service,No internet service,No internet service,Two year,Yes,Electronic check,18.25,69.97,No
5753-NNNN,Male,0,Yes,No,46,Yes,No,Fiber optic,No,Yes,No,No,No,No,Month-to-month,No,Credit card (automatic),85.53,3929.32,Yes
3011-KESG,Female,1,No,No,12,Yes,Yes,No,No internet service,No internet service,No internet service,No internet service,No internet service,No internet service,Month-to-month,Yes,Credit card (automatic),49.22,586.26,No
4974-PTBJ,Female,1,Yes,Yes,23,Yes,Yes,Fiber optic,Yes,No,Yes,No,No,No,Month-to-month,No,Electronic check,102.27,2355.93,Yes
4725-DJVH,Female,0,No,No,21,No,No phone service,No,No internet service,No internet service,No internet service,No internet service,No internet service,No internet service,Month-to-month,No,Bank transfer (automatic),19.7,416.11,No
7197-JBLV,Female,1,No,No,63,Yes,Yes,DSL,Yes,Yes,No,No,Yes,No,Two year,No,Mailed check,91.78,5777.56,No
9758-QWIU,Female,0,No,Yes,33,Yes,No,Fiber optic,Yes,No,Yes,Yes,Yes,No,Two year,Yes,Electronic check,109.0,3593.13,No
6132-NNNN,Female,1,Yes,No,28,Yes,Yes,Fiber optic,No,No,No,Yes,Yes,No,Month-to-month,No,Bank transfer (automatic),111.44,3118.2,Yes
5273-RZPF,Female,0,No,No,15,Yes,Yes,Fiber optic,No,No,Yes,No,No,No,Month-to-month,No,Credit card (automatic),95.9,1429.19,Yes
6057-NNNN,Male,0,Yes,No,68,Yes,Yes,Fiber optic,No,No,No,Yes,No,Yes,Month-to-month,No,Electronic check,114.35,7773.04,Yes
6126-KESG,Female,0,Yes,No,25,Yes,Yes,No,No internet service,No internet service,No internet service,No internet service,No internet service,No internet service,Month-to-month,Yes,Bank transfer (automatic),46.75,1168.65,Yes
2907-MKGC,Female,1,No,Yes,28,Yes,No,No,No internet service,No internet service,No internet service,No internet service,No internet service,No internet service,Two year,No,Electronic check,43.77,1222.25,No
6982-DJVH,Male,0,No,No,38,Yes,Yes,Fiber optic,Yes,No,No,No,No,Yes,Month-to-month,Yes,Bank transfer (automatic),108.56,4115.56,Yes
6442-JBLV,Male,0,Yes,No,25,Yes,No,DSL,No,No,Yes,No,No,No,Month-to-month,No,Electronic check,61.95,1540.88,Yes
8788-ZXTP,Female,0,No,No,27,Yes,Yes,Fiber optic,No,No,No,Yes,No,Yes,Two year,Yes,Bank transfer (automatic),115.46,3113.87,No
5258-OQUY,Female,0,Yes,No,44,No,No phone service,DSL,No,No,Yes,No,Yes,No,One year,Yes,Electronic check,53.09,2336.69,No
8318-HVXZ,Female,0,No,No,15,Yes,No,DSL,Yes,No,Yes,No,No,No,Two year,Yes,Credit card (automatic),71.8,1078.1,No
8106-XRFT,Female,0,No,Yes,54,No,No phone service,Fiber optic,Yes,Yes,No,No,Yes,No,Month-to-month,Yes,Credit card (automatic),84.4,4563.61,Yes
2827-OQUY,Female,0,Yes,No,68,Yes,No,DSL,No,No,Yes,Yes,No,Yes,Month-to-month,No,Mailed check,84.96,5788.32,Yes
5208-VLRX,Male,0,Yes,No,58,Yes,No,No,No internet service,No internet service,No internet service,No internet service,No internet service,No internet service,Month-to-month,Yes,Mailed check,41.97,2430.87,No
8082-LHZR,Female,0,No,No,21,Yes,No,Fiber optic,No,No,Yes,Yes,No,Yes,One year,No,Credit card (automatic),105.19,2199.14,Yes
8544-WOYI,Female,0,Yes,Yes,45,Yes,No,Fiber optic,No,No,No,No,No,Yes,One year,Yes,Mailed check,97.03,4369.17,No
9856-FPJD,Female,0,No,No,66,Yes,No,DSL,Yes,Yes,Yes,No,No,No,Month-to-month,Yes,Electronic check,75.14,4966.82,No
2742-HVXZ,Female,0,No,Yes,2,No,No phone service,No,No internet service,No internet service,No internet service,No internet service,No internet service,No internet service,Month-to-month,Yes,Bank transfer (automatic),18.78,26.42,Yes
9549-UIKM,Female,0,No,No,33,Yes,No,Fiber optic,No,Yes,No,No,No,No,Two year,Yes,Credit card (automatic),85.79,2824.3,Yes
4259-EMCS,Female,0,No,No,63,Yes,No,Fiber optic,Yes,No,Yes,Yes,Yes,Yes,Month-to-month,No,Mailed check,118.75,7491.72,No
5763-VLRX,Male,1,Yes,No,27,Yes,Yes,DSL,Yes,No,Yes,No,Yes,Yes,One year,Yes,Electronic check,103.84,2801.1,No
6246-DJVH,Female,0,Yes,No,20,Yes,Yes,DSL,Yes,No,No,Yes,Yes,Yes,One year,No,Credit card (automatic),113.1,2257.35,Yes
1458-BDHL,Female,0,No,No,11,Yes,No,Fiber optic,No,Yes,No,No,No,Yes,Month-to-month,Yes,Credit card (automatic),90.32,991.07,Yes
1880-BDHL,Female,0,Yes,No,33,Yes,No,No,No internet service,No internet service,No internet service,No internet service,No internet service,No internet service,Month-to-month,Yes,Bank transfer (automatic),46.15,1527.26,Yes
9930-PTBJ,Female,0,No,No,18,No,No phone service,No,No internet service,No internet service,No internet service,No internet service,No internet service,No internet service,Month-to-month,No,Credit card (automatic),18.25,328.93,Yes
7169-QWIU,Female,1,No,No,59,Yes,Yes,No,No internet service,No internet service,No internet service,No internet service,No internet service,No internet service,Month-to-month,Yes,Electronic check,50.12,2958.54,No
3687-GSQO,Male,0,Yes,No,13,Yes,Yes,No,No internet service,No internet service,No internet service,No internet service,No internet service,No internet service,Month-to-month,Yes,Electronic check,46.44,600.1,Yes
1681-RZPF,Female,0,Yes,Yes,21,No,No phone service,Fiber optic,No,Yes,Yes,No,No,Yes,One year,Yes,Mailed check,74.11,1552.54,No
8002-EMCS,Female,0,No,Yes,23,Yes,No,Fiber optic,Yes,No,No,Yes,Yes,No,One year,Yes,Electronic check,106.67,2456.72,Yes
5776-ZXTP,Female,1,Yes,Yes,20,Yes,Yes,Fiber optic,No,No,No,No,No,No,Month-to-month,No,Bank transfer (automatic),95.35,1906.89,Yes
2131-AAAA,Female,1,No,Yes,41,Yes,No,DSL,Yes,No,Yes,No,No,No,One year,No,Electronic check,72.98,2983.66,Yes
9433-NNNN,Male,0,No,No,9,Yes,No,No,No internet service,No internet service,No internet service,No internet service,No internet service,No internet service,Month-to-month,No,Mailed check,45.04,392.42,No
6085-EMCS,Male,0,No,No,5,Yes,No,Fiber optic,No,No,Yes,No,No,No,Month-to-month,No,Electronic check,85.64,433.64,Yes
2629-GSQO,Female,0,No,No,56,Yes,Yes,Fiber optic,No,Yes,No,No,No,No,One year,Yes,Bank transfer (automatic),96.48,5397.27,No
6085-VLRX,Female,1,Yes,No,17,Yes,No,Fiber optic,No,No,No,Yes,Yes,No,Month-to-month,No,Bank transfer (automatic),96.66,1652.95,Yes
5079-FPJD,Female,1,No,No,63,Yes,Yes,DSL,No,No,No,No,Yes,Yes,Month-to-month,No,Credit card (automatic),93.99,5923.34,Yes
8521-LHZR,Male,0,No,No,7,Yes,No,DSL,No,No,No,Yes,No,Yes,Two year,Yes,Mailed check,82.81,578.55,Yes
2204-OQUY,Female,0,Yes,No,61,Yes,Yes,Fiber optic,Yes,No,Yes,No,Yes,No,Month-to-month,No,Electronic check,116.53,7105.33,Yes
3789-SCWQ,Female,0,Yes,No,11,Yes,Yes,DSL,No,No,No,No,Yes,No,One year,Yes,Credit card (automatic),84.97,931.13,Yes
5133-FPJD,Female,0,Yes,No,28,Yes,No,Fiber optic,Yes,Yes,No,No,Yes,No,Month-to-month,No,Credit card (automatic),102.79,2877.21,Yes
8184-MKGC,Male,1,Yes,No,28,No,No phone service,Fiber optic,No,No,No,Yes,Yes,Yes,Month-to-month,No,Electronic check,92.78,2603.45,Yes
5349-RZPF,Female,0,Yes,No,0,No,No phone service,Fiber optic,No,No,Yes,Yes,No,No,Month-to-month,Yes,Bank transfer (automatic),76.31,0.0,Yes
9755-PTBJ,Female,0,No,Yes,35,Yes,No,No,No internet service,No internet service,No internet service,No internet service,No internet service,No internet service,Month-to-month,Yes,Credit card (automatic),39.47,1379.14,Yes
7285-QWIU,Female,0,Yes,No,33,Yes,No,Fiber optic,No,Yes,Yes,Yes,No,No,Two year,Yes,Electronic check,95.55,3153.24,Yes
3101-RZPF,Female,0,No,No,7,Yes,No,DSL,Yes,Yes,No,No,No,No,One year,No,Credit card (automatic),73.39,511.51,No
9340-MKGC,Male,0,No,No,38,No,No phone service,DSL,No,Yes,No,No,No,Yes,Month-to-month,Yes,Mailed check,58.56,2227.87,Yes
8938-CGOW,Male,0,No,No,21,Yes,No,Fiber optic,No,No,Yes,Yes,Yes,Yes,Month-to-month,No,Electronic check,112.87,2369.67,No
3220-KESG,Male,1,Yes,No,12,Yes,Yes,Fiber optic,No,No,No,No,Yes,No,Month-to-month,No,Electronic check,107.99,1296.38,Yes
9901-NNNN,Female,0,No,No,27,Yes,Yes,No,No internet service,No internet service,No internet service,No internet service,No internet service,No internet service,Month-to-month,Yes,Electronic check,46.28,1248.29,No
9802-IYEK,Female,0,Yes,No,38,Yes,Yes,DSL,Yes,No,No,Yes,Yes,No,Month-to-month,No,Bank transfer (automatic),101.7,3868.84,Yes
1336-BDHL,Male,0,Yes,Yes,42,Yes,No,Fiber optic,Yes,No,Yes,No,No,Yes,Month-to-month,No,Mailed check,102.03,4285.75,Yes
8266-NNNN,Female,0,No,No,27,No,No phone service,DSL,No,No,Yes,No,Yes,No,Month-to-month,Yes,Credit card (automatic),52.91,1430.62,Yes
8544-ZXTP,Female,0,No,Yes,44,Yes,Yes,Fiber optic,No,No,Yes,Yes,No,Yes,Month-to-month,Yes,Credit card (automatic),114.37,5040.1,Yes
2331-JBLV,Female,1,Yes,No,22,Yes,Yes,Fiber optic,No,No,No,No,No,Yes,Two year,No,Electronic check,105.55,2318.75,No
3785-IYEK,Female,1,Yes,Yes,71,Yes,No,Fiber optic,No,Yes,No,No,No,Yes,Month-to-month,No,Mailed check,94.94,6744.0,No
4607-LHZR,Female,0,Yes,No,33,Yes,Yes,No,No internet service,No internet service,No internet service,No internet service,No internet service,No internet service,Month-to-month,Yes,Bank transfer (automatic),48.94,1612.81,Yes
6874-NNNN,Female,0,No,No,46,Yes,Yes,Fiber optic,Yes,No,No,No,Yes,No,Two year,Yes,Bank transfer (automatic),108.07,4975.58,No
9775-PTBJ,Female,0,No,No,30,Yes,Yes,Fiber optic,No,No,No,No,No,No,Month-to-month,No,Mailed check,93.68,2820.06,Yes
1270-JBLV,Female,1,Yes,No,60,Yes,No,Fiber optic,Yes,No,No,Yes,Yes,No,Month-to-month,Yes,Electronic check,112.32,6741.51,Yes
6752-NNNN,Female,0,No,No,12,Yes,No,Fiber optic,No,No,Yes,Yes,No,Yes,Month-to-month,No,Bank transfer (automatic),101.07,1213.27,Yes
9462-LHZR,Female,1,No,No,35,Yes,No,Fiber optic,No,No,No,No,Yes,No,One year,No,Credit card (automatic),96.69,3391.67,Yes
9615-JBLV,Male,0,No,No,7,Yes,Yes,No,No internet service,No internet service,No internet service,No internet service,No internet service,No internet service,Month-to-month,No,Mailed check,55.11,387.42,Yes
5109-LHZR,Male,0,Yes,No,41,Yes,Yes,DSL,No,No,Yes,No,No,No,Month-to-month,Yes,Credit card (automatic),71.74,2937.3,No
6427-TFDB,Male,0,No,No,23,No,No phone service,DSL,Yes,Yes,No,Yes,Yes,No,Month-to-month,Yes,Electronic check,72.48,1667.47,Yes
1556-UIKM,Male,0,Yes,No,33,Yes,No,No,No internet service,No internet service,No internet service,No internet service,No internet service,No internet service,One year,Yes,Electronic check,35.66,1184.28,Yes
6192-WOYI,Male,1,Yes,No,52,Yes,No,No,No internet service,No internet service,No internet service,No internet service,No internet service,No internet service,Month-to-month,Yes,Mailed check,40.24,2100.74,Yes
1489-LHZR,Female,0,Yes,No,54,Yes,No,No,No internet service,No internet service,No internet service,No internet service,No internet service,No internet service,Month-to-month,No,Electronic check,42.34,2291.22,Yes
8345-EMCS,Female,0,Yes,No,58,Yes,No,Fiber optic,No,No,No,No,Yes,No,Two year,Yes,Electronic check,93.53,5422.66,No
2435-NNNN,Female,1,No,No,10,Yes,Yes,DSL,No,Yes,Yes,No,Yes,No,One year,No,Credit card (automatic),86.57,873.88,Yes
3240-UIKM,Male,0,Yes,No,24,Yes,No,Fiber optic,No,No,No,Yes,Yes,Yes,Month-to-month,Yes,Mailed check,113.64,2723.37,Yes
7360-RZPF,Male,0,Yes,No,13,Yes,No,Fiber optic,No,No,Yes,Yes,No,No,Month-to-month,Yes,Mailed check,92.23,1207.15,Yes
7052-VLRX,Female,0,Yes,No,61,Yes,No,No,No internet service,No internet service,No internet service,No internet service,No internet service,No internet service,Month-to-month,No,Credit card (automatic),35.3,2152.35,Yes
3361-TFDB,Male,0,Yes,No,67,Yes,Yes,DSL,No,No,No,No,No,Yes,Month-to-month,Yes,Electronic check,80.94,5424.56,Yes
5920-EMCS,Female,0,No,No,44,Yes,Yes,Fiber optic,No,Yes,No,No,No,No,Month-to-month,Yes,Mailed check,95.96,4223.14,Yes
8158-NNNN,Male,0,Yes,Yes,43,Yes,Yes,No,No internet service,No internet service,No internet service,No internet service,No internet service,No internet service,One year,Yes,Electronic check,50.75,2181.07,No
8183-JBLV,Female,1,No,Yes,51,No,No phone service,DSL,No,No,No,Yes,Yes,Yes,Month-to-month,No,Credit card (automatic),75.02,3823.69,No
5698-YUME,Female,1,No,No,64,Yes,No,Fiber optic,No,No,Yes,No,No,No,One year,No,Mailed check,80.16,5130.12,Yes
4715-BDHL,Male,1,Yes,No,26,Yes,Yes,DSL,No,No,Yes,No,Yes,No,Month-to-month,Yes,Mailed check,90.4,2350.1,Yes
2209-CGOW,Male,0,Yes,No,26,Yes,Yes,DSL,Yes,No,Yes,No,Yes,No,One year,Yes,Electronic check,93.23,2429.72,Yes
1615-ZXTP,Female,0,No,No,35,Yes,Yes,DSL,No,No,No,Yes,No,Yes,Two year,Yes,Electronic check,94.36,3297.65,No
1207-EMCS,Male,0,Yes,No,5,Yes,No,DSL,Yes,No,Yes,No,Yes,No,Month-to-month,Yes,Credit card (automatic),83.18,414.21,Yes
5164-OQUY,Male,1,Yes,No,5,Yes,Yes,DSL,No,No,No,No,Yes,Yes,One year,Yes,Electronic check,92.01,460.84,Yes
8215-RZPF,Female,0,No,Yes,13,Yes,No,Fiber optic,No,No,No,No,Yes,Yes,Two year,Yes,Bank transfer (automatic),105.15,1365.29,No
7212-XRFT,Female,0,No,Yes,10,No,No phone service,DSL,No,Yes,No,Yes,No,No,Month-to-month,Yes,Mailed check,56.05,557.81,Yes
8602-YUME,Female,0,Yes,Yes,57,Yes,Yes,Fiber optic,No,Yes,No,No,Yes,Yes,Month-to-month,Yes,Bank transfer (automatic),114.49,6525.11,No
1278-TFDB,Female,0,No,No,65,Yes,Yes,DSL,No,Yes,No,Yes,No,Yes,Month-to-month,Yes,Mailed check,95.22,6195.74,No
3580-ZXTP,Female,0,No,No,7,Yes,No,Fiber optic,Yes,Yes,No,Yes,Yes,Yes,Two year,No,Electronic check,118.75,834.47,No
2105-GSQO,Male,1,No,No,61,Yes,No,DSL,Yes,No,No,No,No,No,Month-to-month,Yes,Electronic check,72.17,4405.39,No
5626-BDHL,Male,0,Yes,No,30,Yes,Yes,No,No internet service,No internet service,No internet service,No internet service,No internet service,No internet service,Month-to-month,No,Mailed check,50.16,1507.73,No
1539-CGOW,Male,0,Yes,No,49,No,No phone service,Fiber optic,No,Yes,Yes,No,No,No,Two year,Yes,Credit card (automatic),66.24,3244.82,No
4744-EMCS,Male,0,Yes,Yes,34,Yes,Yes,Fiber optic,No,Yes,Yes,No,No,No,Month-to-month,Yes,Mailed check,93.26,3160.7,Yes
5932-IYEK,Female,0,No,No,71,Yes,No,DSL,No,No,Yes,No,No,Yes,Month-to-month,No,Mailed check,68.96,4899.07,Yes
1231-GSQO,Female,1,No,No,9,Yes,Yes,DSL,Yes,No,Yes,No,No,No,Two year,No,Mailed check,82.67,746.96,Yes
8892-NNNN,Female,0,Yes,No,0,Yes,Yes,No,No internet service,No internet service,No internet service,No internet service,No internet service,No internet service,Two year,Yes,Electronic check,51.1,0.0,Yes
8758-BDHL,Male,1,No,Yes,2,Yes,No,DSL,Yes,No,No,No,No,No,Month-to-month,Yes,Bank transfer (automatic),74.77,155.83,Yes
7981-JBLV,Male,0,No,Yes,51,Yes,Yes,DSL,No,Yes,No,No,No,No,One year,Yes,Credit card (automatic),73.49,3750.84,No
6944-DJVH,Male,0,No,No,35,Yes,Yes,DSL,No,No,No,No,No,No,Month-to-month,No,Electronic check,76.33,2672.42,Yes
5068-OQUY,Male,0,No,Yes,67,Yes,No,Fiber optic,No,Yes,No,Yes,No,No,Month-to-month,Yes,Credit card (automatic),95.89,6420.94,Yes
9772-RZPF,Female,0,Yes,No,47,Yes,Yes,No,No internet service,No internet service,No internet service,No internet service,No internet service,No internet service,Month-to-month,No,Electronic check,50.12,2357.8,No
7719-OQUY,Male,0,Yes,No,25,Yes,Yes,Fiber optic,No,No,No,Yes,No,No,One year,Yes,Electronic check,100.16,2506.43,No
1706-JBLV,Female,0,Yes,No,13,Yes,No,DSL,Yes,No,No,No,No,No,Month-to-month,No,Credit card (automatic),73.15,950.68,Yes
3468-QWIU,Female,1,No,No,30,Yes,No,DSL,Yes,No,Yes,Yes,Yes,No,Two year,No,Electronic check,89.49,2693.47,No
4791-TFDB,Male,1,No,No,2,Yes,No,No,No internet service,No internet service,No internet service,No internet service,No internet service,No internet service,Month-to-month,Yes,Credit card (automatic),43.7,82.16,Yes
3539-IYEK,Male,0,No,Yes,44,Yes,No,Fiber optic,No,Yes,No,No,Yes,No,Month-to-month,No,Electronic check,98.66,4343.58,No
9843-TFDB,Male,0,No,Yes,28,Yes,Yes,Fiber optic,No,No,Yes,Yes,No,Yes,Month-to-month,No,Credit card (automatic),115.78,3242.91,Yes
8730-EMCS,Female,0,Yes,No,12,Yes,No,DSL,Yes,No,Yes,No,Yes,No,One year,Yes,Bank transfer (automatic),88.39,1061.13,No
1602-IYEK,Male,0,No,Yes,24,Yes,No,Fiber optic,Yes,No,No,No,No,No,One year,Yes,Mailed check,90.6,2172.48,Yes
8327-LHZR,Female,0,No,No,14,Yes,No,Fiber optic,No,Yes,No,No,No,Yes,Month-to-month,Yes,Bank transfer (automatic),92.94,1296.08,Yes
4618-LHZR,Female,1,Yes,No,28,Yes,Yes,Fiber optic,No,Yes,No,No,Yes,No,Month-to-month,No,Credit card (automatic),104.14,2913.43,Yes
8009-YUME,Male,0,No,No,65,Yes,No,No,No internet service,No internet service,No internet service,No internet service,No internet service,No internet service,One year,Yes,Credit card (automatic),42.23,2750.33,No
5479-PTBJ,Female,0,Yes,No,43,Yes,No,DSL,No,Yes,Yes,No,Yes,No,Two year,Yes,Electronic check,74.13,3194.2,No
4109-YUME,Male,0,Yes,Yes,40,No,No phone service,Fiber optic,Yes,No,No,No,Yes,No,Month-to-month,No,Bank transfer (automatic),80.68,3220.56,Yes
2502-NNNN,Female,0,No,No,48,Yes,No,DSL,Yes,No,Yes,No,No,Yes,Month-to-month,Yes,Mailed check,80.99,3887.01,Yes
5642-IYEK,Female,0,Yes,No,65,Yes,No,Fiber optic,No,Yes,Yes,Yes,Yes,No,Month-to-month,No,Credit card (automatic),100.5,6536.47,Yes
4600-UIKM,Male,0,Yes,No,16,Yes,Yes,No,No internet service,No internet service,No internet service,No internet service,No internet service,No internet service,Month-to-month,Yes,Electronic check,47.24,751.01,No
7999-BDHL,Male,0,Yes,No,42,Yes,No,Fiber optic,Yes,No,No,No,Yes,No,Two year,Yes,Credit card (automatic),103.36,4340.08,No
1779-WOYI,Female,0,Yes,No,19,Yes,No,Fiber optic,No,No,No,No,No,Yes,One year,Yes,Credit card (automatic),93.77,1777.65,Yes
7568-MKGC,Female,0,Yes,Yes,62,Yes,Yes,DSL,No,Yes,No,Yes,No,Yes,Month-to-month,No,Electronic check,93.08,5773.7,No
7453-MKGC,Female,0,Yes,Yes,3,Yes,Yes,No,No internet service,No internet service,No internet service,No internet service,No internet service,No internet service,Month-to-month,No,Bank transfer (automatic),51.76,159.18,No
8067-FPJD,Male,0,No,No,21,No,No phone service,No,No internet service,No internet service,No internet service,No internet service,No internet service,No internet service,One year,Yes,Credit card (automatic),19.01,399.66,Yes
8454-VLRX,Female,0,No,No,17,Yes,Yes,Fiber optic,Yes,Yes,No,Yes,No,Yes,Month-to-month,No,Mailed check,118.75,2013.03,No
2852-CGOW,Female,0,Yes,Yes,24,Yes,No,Fiber optic,No,No,No,No,No,No,One year,No,Electronic check,85.88,2053.16,Yes
5276-XRFT,Male,0,Yes,No,30,Yes,Yes,Fiber optic,No,No,Yes,Yes,Yes,Yes,Month-to-month,No,Credit card (automatic),118.75,3564.52,Yes
8927-JBLV,Male,0,Yes,Yes,61,Yes,No,Fiber optic,No,No,No,No,Yes,No,Month-to-month,No,Electronic check,87.96,5365.09,Yes
1810-SCWQ,Female,0,Yes,No,55,No,No phone service,DSL,No,Yes,No,No,No,No,One year,Yes,Electronic check,48.16,2640.6,No
1240-BDHL,Female,0,No,No,44,Yes,Yes,DSL,No,No,No,Yes,No,Yes,One year,Yes,Bank transfer (automatic),94.97,4179.32,No
2196-DJVH,Female,1,Yes,No,4,No,No phone service,Fiber optic,No,No,Yes,No,Yes,No,Two year,Yes,Bank transfer (automatic),78.09,316.13,No
7841-YUME,Female,0,Yes,No,72,Yes,Yes,No,No internet service,No internet service,No internet service,No internet service,No internet service,No internet service,Month-to-month,Yes,Electronic check,49.24,3546.46,Yes
4629-DJVH,Male,0,Yes,No,36,Yes,Yes,Fiber optic,Yes,No,No,Yes,No,No,Month-to-month,No,Mailed check,106.83,3843.99,Yes
9752-RZPF,Female,0,Yes,No,42,Yes,Yes,Fiber optic,No,No,No,No,No,No,One year,No,Electronic check,94.07,3939.72,No
7614-HVXZ,Female,1,Yes,No,57,Yes,Yes,DSL,Yes,No,Yes,Yes,No,Yes,One year,No,Electronic check,101.49,5784.28,Yes
3415-FPJD,Male,0,No,No,25,Yes,No,Fiber optic,No,Yes,No,Yes,No,No,Month-to-month,Yes,Bank transfer (automatic),89.69,2250.62,No
5752-WOYI,Female,0,Yes,No,44,Yes,No,DSL,No,No,Yes,No,No,Yes,Month-to-month,Yes,Mailed check,71.77,3164.86,Yes
4004-DJVH,Female,0,No,No,47,Yes,No,Fiber optic,Yes,No,Yes,Yes,No,Yes,Two year,No,Electronic check,106.88,5028.38,No
9702-VLRX,Male,0,Yes,No,20,Yes,Yes,Fiber optic,No,Yes,Yes,Yes,No,No,Month-to-month,No,Bank transfer (automatic),104.06,2085.66,Yes
4075-CGOW,Female,1,No,Yes,57,Yes,Yes,Fiber optic,No,No,No,Yes,Yes,Yes,Two year,Yes,Mailed check,118.75,6771.98,No
3575-QWIU,Female,0,No,No,65,Yes,No,Fiber optic,Yes,No,No,Yes,No,No,Month-to-month,Yes,Mailed check,99.18,6453.78,No
1913-OQUY,Male,0,No,No,13,No,No phone service,Fiber optic,Yes,Yes,Yes,Yes,Yes,Yes,Two year,No,Credit card (automatic),99.87,1303.21,Yes
4699-KESG,Female,0,Yes,No,33,Yes,Yes,Fiber optic,No,No,No,Yes,Yes,No,One year,Yes,Credit card (automatic),110.45,3639.75,Yes
3773-PTBJ,Male,0,No,No,47,Yes,Yes,DSL,Yes,Yes,Yes,No,Yes,No,Month-to-month,No,Mailed check,94.52,4443.65,Yes
4164-DJVH,Female,0,Yes,No,47,Yes,Yes,DSL,No,No,Yes,Yes,No,Yes,Month-to-month,Yes,Mailed check,91.22,4281.69,Yes
2875-DJVH,Male,0,No,No,2,Yes,No,Fiber optic,No,No,Yes,No,Yes,No,One year,No,Bank transfer (automatic),93.95,188.99,Yes
2409-WOYI,Female,0,No,No,57,Yes,Yes,Fiber optic,No,No,No,No,No,No,Two year,Yes,Electronic check,93.08,5310.61,Yes
8374-IYEK,Male,0,No,Yes,37,Yes,Yes,Fiber optic,No,No,No,No,No,No,One year,Yes,Electronic check,96.21,3562.72,No
4841-KESG,Male,0,Yes,Yes,30,Yes,Yes,DSL,No,No,No,Yes,Yes,No,Two year,Yes,Bank transfer (automatic),89.95,2691.32,No
5070-OQUY,Female,0,No,No,40,Yes,Yes,DSL,No,Yes,No,No,Yes,No,Month-to-month,No,Bank transfer (automatic),84.94,3383.57,No
5197-LHZR,Female,1,No,No,24,Yes,Yes,DSL,Yes,Yes,No,No,No,No,One year,Yes,Credit card (automatic),80.58,1927.77,Yes
3120-LHZR,Female,0,Yes,Yes,52,Yes,No,DSL,No,No,Yes,No,No,No,One year,Yes,Mailed check,66.49,3451.87,No
6592-DJVH,Female,0,No,Yes,10,Yes,No,DSL,No,No,No,No,No,Yes,Month-to-month,No,Credit card (automatic),75.98,754.71,Yes
2460-TFDB,Male,0,Yes,Yes,70,Yes,Yes,DSL,No,No,Yes,Yes,Yes,Yes,Two year,Yes,Credit card (automatic),102.41,7164.57,No
7310-AAAA,Male,0,No,Yes,68,Yes,No,No,No internet service,No internet service,No internet service,No internet service,No internet service,No internet service,Month-to-month,No,Electronic check,37.18,2532.17,Yes
9988-WOYI,Female,0,Yes,No,2,Yes,No,Fiber optic,Yes,Yes,No,Yes,No,Yes,One year,No,Credit card (automatic),113.72,226.47,Yes
2517-SCWQ,Male,0,No,No,34,Yes,Yes,DSL,No,Yes,No,Yes,Yes,No,One year,Yes,Mailed check,95.36,3247.47,Yes
4549-BDHL,Female,0,Yes,No,66,Yes,Yes,Fiber optic,No,Yes,No,No,Yes,No,Two year,No,Electronic check,103.12,6802.66,Yes
3971-OQUY,Male,0,Yes,Yes,18,Yes,Yes,No,No internet service,No internet service,No internet service,No internet service,No internet service,No internet service,Month-to-month,Yes,Credit card (automatic),50.05,907.25,No
4432-JBLV,Male,0,No,No,32,Yes,Yes,No,No internet service,No internet service,No internet service,No internet service,No internet service,No internet service,One year,Yes,Credit card (automatic),46.05,1468.97,Yes
2560-OQUY,Male,0,No,No,10,No,No phone service,DSL,No,No,No,Yes,No,Yes,Month-to-month,No,Mailed check,64.87,644.99,Yes
9328-MKGC,Male,0,Yes,No,14,No,No phone service,No,No internet service,No internet service,No internet service,No internet service,No internet service,No internet service,Two year,Yes,Electronic check,23.18,323.4,Yes
2778-ZXTP,Male,0,No,Yes,52,No,No phone service,DSL,No,No,Yes,Yes,No,No,Month-to-month,No,Credit card (automatic),51.05,2655.01,Yes
2098-TFDB,Female,0,No,No,52,Yes,Yes,No,No internet service,No internet service,No internet service,No internet service,No internet service,No internet service,One year,No,Credit card (automatic),46.43,2417.24,No
7996-AAAA,Male,1,No,No,67,Yes,No,Fiber optic,No,Yes,No,Yes,No,No,Two year,No,Electronic check,93.63,6270.51,No
7952-HVXZ,Female,0,No,Yes,38,Yes,Yes,Fiber optic,No,No,No,No,Yes,Yes,Month-to-month,No,Bank transfer (automatic),117.86,4480.92,No
7009-JBLV,Male,0,No,Yes,15,Yes,No,Fiber optic,Yes,Yes,Yes,No,No,No,Month-to-month,No,Bank transfer (automatic),95.65,1436.74,Yes
6750-XRFT,Female,0,Yes,No,7,No,No phone service,Fiber optic,No,No,Yes,Yes,No,No,Month-to-month,No,Electronic check,71.03,499.42,No
1778-NNNN,Male,0,No,Yes,27,No,No phone service,Fiber optic,No,No,No,No,No,Yes,Month-to-month,Yes,Bank transfer (automatic),73.87,1998.85,Yes
7552-DJVH,Female,1,No,No,23,Yes,Yes,Fiber optic,Yes,No,No,No,Yes,No,Month-to-month,No,Credit card (automatic),109.83,2527.43,Yes
4376-IYEK,Male,0,No,Yes,16,Yes,No,No,No internet service,No internet service,No internet service,No internet service,No internet service,No internet service,Month-to-month,Yes,Credit card (automatic),39.64,626.82,No
8961-AAAA,Female,0,Yes,Yes,4,Yes,Yes,DSL,No,No,Yes,Yes,No,No,Month-to-month,No,Electronic check,82.01,323.48,Yes
2687-RZPF,Female,0,Yes,No,35,Yes,Yes,Fiber optic,Yes,No,Yes,No,No,Yes,Two year,Yes,Electronic check,110.56,3869.94,No
5555-WOYI,Male,1,No,No,35,Yes,Yes,DSL,Yes,No,Yes,No,No,No,Month-to-month,No,Electronic check,82.0,2873.76,Yes
8643-BDHL,Male,0,No,Yes,27,Yes,No,No,No internet service,No internet service,No internet service,No internet service,No internet service,No internet service,Month-to-month,No,Bank transfer (automatic),39.82,1073.88,Yes
1922-SCWQ,Female,0,Yes,No,55,Yes,Yes,DSL,Yes,Yes,No,No,No,No,One year,Yes,Credit card (automatic),81.47,4481.16,No
3427-TFDB,Male,0,Yes,No,42,Yes,No,Fiber optic,No,No,No,No,No,No,Month-to-month,Yes,Electronic check,88.03,3698.81,No
4414-KESG,Male,1,No,No,53,No,No phone service,DSL,Yes,No,Yes,Yes,No,No,One year,Yes,Electronic check,56.46,2999.8,No
8519-KESG,Female,0,Yes,No,54,Yes,No,Fiber optic,No,Yes,Yes,Yes,No,Yes,One year,Yes,Electronic check,100.39,5423.69,No
3809-EMCS,Female,0,No,Yes,56,Yes,No,Fiber optic,Yes,Yes,No,No,Yes,Yes,Month-to-month,No,Bank transfer (automatic),113.27,6337.48,Yes
9946-EMCS,Female,0,Yes,No,19,Yes,Yes,DSL,Yes,No,Yes,No,No,No,Month-to-month,Yes,Bank transfer (automatic),82.67,1575.88,Yes
8069-BDHL,Female,1,No,Yes,34,Yes,Yes,Fiber optic,Yes,No,No,Yes,Yes,Yes,Month-to-month,No,Electronic check,118.75,4032.2,Yes
5628-YUME,Female,0,No,Yes,31,Yes,Yes,Fiber optic,No,No,Yes,No,No,No,Month-to-month,No,Credit card (automatic),95.06,2939.72,Yes
4659-ZXTP,Male,1,No,No,33,No,No phone service,DSL,No,No,Yes,No,No,No,Month-to-month,No,Bank transfer (automatic),44.91,1487.47,Yes
3321-RZPF,Male,0,Yes,Yes,44,No,No phone service,No,No internet service,No internet service,No internet service,No internet service,No internet service,No internet service,Two year,Yes,Electronic check,23.13,1020.02,No
1077-NNNN,Male,0,No,No,13,Yes,No,Fiber optic,No,No,Yes,No,No,No,Month-to-month,No,Credit card (automatic),86.22,1117.56,Yes
2306-IYEK,Female,0,Yes,No,69,Yes,No,Fiber optic,No,No,Yes,No,No,Yes,Month-to-month,Yes,Mailed check,92.88,6410.94,Yes
5897-PTBJ,Female,1,Yes,No,60,Yes,Yes,DSL,No,Yes,Yes,Yes,Yes,No,Two year,Yes,Electronic check,89.16,5348.15,No
9162-BDHL,Male,0,No,No,34,Yes,No,DSL,No,Yes,Yes,Yes,No,Yes,Month-to-month,No,Electronic check,82.01,2795.96,Yes
5117-ZXTP,Male,1,Yes,No,9,Yes,No,Fiber optic,No,No,Yes,No,No,No,One year,Yes,Mailed check,84.33,760.94,Yes
3479-LHZR,Male,0,No,No,62,Yes,Yes,No,No internet service,No internet service,No internet service,No internet service,No internet service,No internet service,Two year,Yes,Electronic check,52.96,3297.71,No
4178-OQUY,Female,0,Yes,Yes,62,Yes,Yes,Fiber optic,Yes,No,Yes,No,No,No,Month-to-month,No,Bank transfer (automatic),99.77,6184.04,Yes
1766-WOYI,Female,0,Yes,No,47,Yes,Yes,DSL,No,No,Yes,No,Yes,No,Month-to-month,No,Electronic check,84.68,3979.25,No
7085-NNNN,Female,0,Yes,No,34,Yes,Yes,DSL,Yes,Yes,No,Yes,No,No,One year,Yes,Electronic check,94.01,3191.69,Yes
7235-RZPF,Male,0,Yes,No,9,Yes,No,Fiber optic,No,No,No,No,No,No,Month-to-month,No,Mailed check,81.29,729.91,No
6060-VLRX,Male,0,Yes,Yes,68,Yes,No,DSL,Yes,Yes,Yes,No,No,Yes,Two year,Yes,Credit card (automatic),79.95,5433.99,No
8595-YUME,Male,0,No,No,50,Yes,Yes,DSL,No,No,Yes,No,Yes,No,Two year,No,Bank transfer (automatic),84.49,4231.49,No
5268-JBLV,Female,0,No,No,28,Yes,No,Fiber optic,No,Yes,No,No,No,No,Two year,No,Bank transfer (automatic),83.74,2340.56,No
4740-HVXZ,Female,1,Yes,No,49,No,No phone service,Fiber optic,No,Yes,No,Yes,Yes,Yes,One year,No,Mailed check,87.11,4264.61,No
8027-XRFT,Male,0,Yes,Yes,49,Yes,No,No,No internet service,No internet service,No internet service,No internet service,No internet service,No internet service,Two year,Yes,Credit card (automatic),38.73,1894.19,No
2220-FPJD,Female,0,Yes,No,49,Yes,No,No,No internet service,No internet service,No internet service,No internet service,No internet service,No internet service,One year,No,Mailed check,42.18,2072.88,Yes
1317-YUME,Female,0,Yes,Yes,67,Yes,No,DSL,No,Yes,No,No,Yes,No,Month-to-month,Yes,Credit card (automatic),73.13,4890.78,No
5920-AAAA,Male,0,No,Yes,6,Yes,Yes,No,No internet service,No internet service,No internet service,No internet service,No internet service,No internet service,Month-to-month,No,Credit card (automatic),47.58,295.39,Yes
7869-CGOW,Male,0,No,No,1,Yes,Yes,DSL,Yes,No,No,No,No,No,One year,Yes,Credit card (automatic),79.5,76.59,Yes
4625-IYEK,Female,0,Yes,No,72,Yes,No,Fiber optic,Yes,Yes,Yes,No,Yes,No,Month-to-month,Yes,Credit card (automatic),103.86,7480.44,Yes
3962-BDHL,Male,1,Yes,No,54,Yes,No,No,No internet service,No internet service,No internet service,No internet service,No internet service,No internet service,One year,Yes,Credit card (automatic),42.65,2312.41,No
8703-WOYI,Male,0,No,Yes,26,Yes,No,Fiber optic,No,Yes,No,No,Yes,No,Month-to-month,Yes,Mailed check,94.65,2468.74,Yes
4832-BDHL,Female,0,No,No,71,Yes,No,Fiber optic,No,No,Yes,Yes,Yes,Yes,One year,No,Credit card (automatic),109.47,7763.87,No
7111-XRFT,Female,0,Yes,Yes,61,Yes,Yes,DSL,No,No,No,Yes,No,No,Two year,No,Mailed check,83.58,5094.64,No
3650-BDHL,Female,0,Yes,Yes,31,Yes,Yes,No,No internet service,No internet service,No internet service,No internet service,No internet service,No internet service,Month-to-month,No,Electronic check,47.44,1468.7,Yes
2170-VLRX,Male,0,Yes,Yes,61,Yes,Yes,Fiber optic,Yes,No,No,No,No,No,Month-to-month,No,Bank transfer (automatic),106.57,6506.16,No
5686-EMCS,Male,0,No,No,30,Yes,Yes,Fiber optic,Yes,No,No,Yes,No,Yes,One year,No,Bank transfer (automatic),118.75,3563.29,No
6447-HVXZ,Female,0,No,Yes,52,Yes,No,Fiber optic,Yes,Yes,No,No,No,Yes,Month-to-month,Yes,Electronic check,103.7,5388.73,No
1632-IYEK,Male,0,Yes,Yes,67,Yes,Yes,No,No internet service,No internet service,No internet service,No internet service,No internet service,No internet service,Month-to-month,Yes,Electronic check,50.38,3371.87,Yes
2946-TFDB,Female,1,Yes,No,2,Yes,No,DSL,No,No,Yes,No,No,Yes,One year,Yes,Electronic check,76.99,146.36,Yes
3426-YUME,Male,0,Yes,No,63,Yes,Yes,No,No internet service,No internet service,No internet service,No internet service,No internet service,No internet service,Two year,Yes,Credit card (automatic),48.85,3076.39,No
2994-EMCS,Female,0,No,No,24,Yes,No,No,No internet service,No internet service,No internet service,No internet service,No internet service,No internet service,Month-to-month,Yes,Credit card (automatic),42.77,1034.03,Yes
3306-RZPF,Male,0,No,No,41,Yes,Yes,Fiber optic,No,Yes,No,Yes,Yes,No,Month-to-month,Yes,Mailed check,110.63,4528.03,Yes
4803-EMCS,Male,0,Yes,Yes,72,Yes,No,Fiber optic,Yes,Yes,No,No,No,No,Month-to-month,Yes,Mailed check,91.06,6560.2,Yes
8086-VLRX,Male,0,Yes,No,65,Yes,Yes,No,No internet service,No internet service,No internet service,No internet service,No internet service,No internet service,Month-to-month,Yes,Electronic check,49.31,3205.86,Yes
9417-RZPF,Male,0,No,Yes,57,Yes,No,Fiber optic,No,Yes,No,No,Yes,No,One year,Yes,Bank transfer (automatic),95.55,5447.33,Yes
8774-FPJD,Female,1,Yes,No,41,Yes,No,No,No internet service,No internet service,No internet service,No internet service,No internet service,No internet service,Two year,No,Electronic check,37.72,1541.89,No
7382-FPJD,Female,0,No,No,39,Yes,Yes,DSL,No,No,Yes,No,No,No,Two year,No,Electronic check,76.96,3007.52,No
1660-TFDB,Female,0,Yes,No,10,Yes,No,DSL,No,Yes,No,Yes,No,No,Two year,No,Credit card (automatic),80.05,799.83,Yes
5124-LHZR,Female,1,No,No,48,No,No phone service,Fiber optic,Yes,Yes,No,No,No,No,Month-to-month,No,Bank transfer (automatic),73.63,3531.64,Yes
5311-GSQO,Female,0,No,No,19,Yes,Yes,DSL,No,Yes,Yes,No,No,Yes,Month-to-month,Yes,Electronic check,87.68,1659.61,Yes
9058-TFDB,Female,0,No,No,1,Yes,Yes,No,No internet service,No internet service,No internet service,No internet service,No internet service,No internet service,Month-to-month,Yes,Mailed check,45.88,40.63,Yes
3720-UIKM,Male,0,No,No,31,Yes,No,Fiber optic,Yes,No,No,No,Yes,No,Two year,No,Mailed check,103.38,3201.66,No
4007-PTBJ,Female,0,Yes,Yes,42,Yes,No,DSL,No,No,No,No,Yes,No,Two year,No,Electronic check,75.03,3156.58,No
9281-MKGC,Male,1,No,No,6,Yes,No,Fiber optic,Yes,No,Yes,No,Yes,No,One year,Yes,Electronic check,104.74,633.39,Yes
8910-EMCS,Female,0,No,No,2,Yes,No,DSL,Yes,Yes,No,No,Yes,Yes,Two year,Yes,Credit card (automatic),99.83,188.81,No
2810-XRFT,Female,0,No,Yes,20,Yes,Yes,Fiber optic,Yes,No,Yes,No,Yes,Yes,Two year,Yes,Electronic check,118.75,2382.65,Yes
1630-PTBJ,Female,0,No,No,37,Yes,Yes,Fiber optic,No,Yes,No,No,No,No,Month-to-month,Yes,Bank transfer (automatic),95.81,3541.21,Yes
3016-LHZR,Male,0,Yes,No,1,Yes,Yes,No,No internet service,No internet service,No internet service,No internet service,No internet service,No internet service,One year,No,Electronic check,46.66,43.53,No
7528-NNNN,Male,0,Yes,Yes,68,Yes,Yes,Fiber optic,No,Yes,No,Yes,No,Yes,Month-to-month,Yes,Electronic check,115.38,7844.29,No
3064-TFDB,Female,0,Yes,No,8,Yes,No,DSL,No,No,No,Yes,No,Yes,Month-to-month,No,Mailed check,85.74,682.55,Yes
3274-YUME,Male,0,No,Yes,71,Yes,Yes,DSL,No,Yes,No,No,No,No,Month-to-month,Yes,Credit card (automatic),70.79,5024.85,No
9269-TFDB,Male,0,No,No,59,Yes,Yes,Fiber optic,Yes,No,No,No,No,Yes,Month-to-month,Yes,Electronic check,110.37,6510.52,Yes
7643-ZXTP,Male,1,No,No,0,Yes,Yes,No,No internet service,No internet service,No internet service,No internet service,No internet service,No internet service,Month-to-month,Yes,Mailed check,57.54,0.0,Yes
2229-KESG,Male,1,Yes,Yes,39,No,No phone service,No,No internet service,No internet service,No internet service,No internet service,No internet service,No internet service,One year,Yes,Credit card (automatic),18.89,740.0,No
5736-ZXTP,Female,0,Yes,No,44,Yes,Yes,No,No internet service,No internet service,No internet service,No internet service,No internet service,No internet service,Month-to-month,Yes,Bank transfer (automatic),49.58,2190.32,No
2929-IYEK,Female,0,No,No,15,Yes,No,DSL,No,No,No,Yes,No,No,Month-to-month,Yes,Electronic check,72.23,1087.97,Yes
2059-ZXTP,Male,0,Yes,No,58,Yes,Yes,DSL,Yes,No,No,Yes,Yes,No,One year,Yes,Mailed check,96.93,5625.96,No
1514-HVXZ,Female,0,No,No,26,Yes,Yes,DSL,No,No,Yes,No,Yes,Yes,Month-to-month,No,Bank transfer (automatic),97.54,2536.1,Yes
9258-GSQO,Male,1,No,Yes,4,Yes,No,DSL,No,No,Yes,Yes,No,Yes,Month-to-month,Yes,Credit card (automatic),83.18,329.23,No
3424-EMCS,Female,0,Yes,No,21,Yes,Yes,No,No internet service,No internet service,No internet service,No internet service,No internet service,No internet service,Month-to-month,No,Mailed check,51.76,1083.5,Yes
9172-LHZR,Male,1,No,Yes,60,Yes,Yes,Fiber optic,No,Yes,Yes,Yes,Yes,No,Month-to-month,Yes,Electronic check,118.38,7103.98,Yes
8763-OQUY,Male,0,Yes,Yes,63,No,No phone service,DSL,No,Yes,No,No,No,No,Month-to-month,No,Mailed check,43.18,2730.22,No
5334-TFDB,Male,0,No,No,52,Yes,Yes,DSL,Yes,Yes,Yes,No,Yes,No,One year,Yes,Mailed check,95.92,4980.62,No
7256-VLRX,Female,0,Yes,Yes,37,Yes,Yes,DSL,No,No,Yes,Yes,No,No,Two year,Yes,Electronic check,82.67,3062.39,No
2859-QWIU,Male,0,Yes,Yes,24,Yes,Yes,DSL,No,Yes,Yes,Yes,Yes,Yes,Month-to-month,No,Electronic check,99.42,2391.22,Yes
5063-JBLV,Female,0,Yes,Yes,60,No,No phone service,Fiber optic,No,Yes,Yes,Yes,Yes,No,One year,Yes,Electronic check,85.61,5131.38,No
8392-IYEK,Male,0,No,No,58,Yes,No,Fiber optic,No,No,No,No,Yes,No,One year,Yes,Electronic check,92.48,5359.15,No
9733-ZXTP,Female,0,No,No,40,Yes,No,Fiber optic,No,No,No,No,Yes,Yes,One year,Yes,Bank transfer (automatic),103.42,4135.68,No
9799-QWIU,Female,0,Yes,Yes,11,Yes,Yes,DSL,No,No,No,Yes,Yes,Yes,One year,Yes,Credit card (automatic),103.35,1139.67,No
2927-TFDB,Female,0,Yes,Yes,5,Yes,Yes,Fiber optic,No,No,No,No,No,Yes,One year,Yes,Electronic check,107.91,531.6,Yes
8533-DJVH,Female,0,Yes,Yes,50,Yes,Yes,Fiber optic,No,No,No,No,Yes,No,Month-to-month,No,Electronic check,103.13,5150.05,Yes
4670-TFDB,Female,1,Yes,No,28,Yes,No,No,No internet service,No internet service,No internet service,No internet service,No internet service,No internet service,Month-to-month,Yes,Mailed check,37.54,1047.87,No
5792-JBLV,Male,1,No,No,68,Yes,Yes,Fiber optic,Yes,No,No,Yes,No,No,Two year,Yes,Bank transfer (automatic),108.55,7381.52,No
7696-GSQO,Female,1,No,No,8,Yes,Yes,DSL,Yes,No,No,No,No,Yes,Month-to-month,Yes,Electronic check,94.53,753.11,Yes
3926-MKGC,Male,0,No,Yes,61,Yes,No,No,No internet service,No internet service,No internet service,No internet service,No internet service,No internet service,Two year,Yes,Credit card (automatic),39.3,2394.21,No
9391-CGOW,Female,0,Yes,No,68,Yes,Yes,Fiber optic,No,No,No,No,No,No,Two year,No,Electronic check,94.43,6422.21,No
9563-CGOW,Male,0,Yes,No,24,Yes,No,Fiber optic,Yes,No,Yes,No,No,Yes,Two year,Yes,Bank transfer (automatic),103.37,2485.19,Yes
3073-VLRX,Female,1,Yes,No,71,Yes,Yes,DSL,No,No,Yes,Yes,Yes,No,Month-to-month,Yes,Credit card (automatic),96.14,6830.09,No
1162-PTBJ,Female,0,No,No,42,Yes,Yes,No,No internet service,No internet service,No internet service,No internet service,No internet service,No internet service,Month-to-month,No,Electronic check,50.53,2118.19,No
1488-JBLV,Male,0,No,No,50,Yes,No,DSL,No,No,Yes,No,Yes,No,One year,No,Mailed check,76.85,3842.24,No
2007-WOYI,Male,0,Yes,No,5,No,No phone service,Fiber optic,No,No,No,No,No,Yes,Month-to-month,Yes,Electronic check,76.76,384.29,Yes
9308-ZXTP,Male,0,No,No,53,Yes,Yes,DSL,No,No,No,No,No,Yes,Month-to-month,No,Credit card (automatic),88.47,4688.3,Yes
7807-UIKM,Male,0,Yes,Yes,0,Yes,No,Fiber optic,No,No,No,Yes,No,No,Two year,No,Credit card (automatic),95.5,0.0,No
5218-UIKM,Female,1,Yes,Yes,11,Yes,No,Fiber optic,No,Yes,No,No,No,No,Two year,Yes,Electronic check,79.85,885.69,Yes
4683-WOYI,Female,1,No,No,23,Yes,Yes,DSL,Yes,No,No,No,No,Yes,Month-to-month,Yes,Credit card (automatic),88.86,2049.54,Yes
7905-JBLV,Male,0,No,No,16,Yes,No,No,No internet service,No internet service,No internet service,No internet service,No internet service,No internet service,Two year,Yes,Electronic check,40.5,640.06,No
2657-ZXTP,Female,0,No,No,59,Yes,No,Fiber optic,Yes,Yes,Yes,No,No,Yes,Month-to-month,Yes,Electronic check,100.49,5921.84,Yes
7305-MKGC,Male,0,No,No,50,Yes,Yes,Fiber optic,Yes,No,Yes,No,No,Yes,Month-to-month,Yes,Electronic check,114.7,5733.26,No
7265-FPJD,Male,1,No,No,60,Yes,Yes,No,No internet service,No internet service,No internet service,No internet service,No internet service,No internet service,Month-to-month,Yes,Credit card (automatic),51.51,3089.79,Yes
2956-RZPF,Male,0,No,No,65,Yes,No,DSL,No,No,No,Yes,No,No,Month-to-month,No,Electronic check,70.82,4599.36,No
1615-UIKM,Male,0,Yes,No,57,Yes,No,Fiber optic,No,No,Yes,No,No,No,Month-to-month,No,Mailed check,85.49,4879.53,Yes
8718-AAAA,Female,0,Yes,No,24,Yes,Yes,Fiber optic,No,Yes,Yes,No,Yes,No,Month-to-month,No,Credit card (automatic),105.46,2527.68,Yes
1213-OQUY,Male,0,Yes,No,20,Yes,No,Fiber optic,No,Yes,No,No,Yes,Yes,Month-to-month,Yes,Electronic check,104.25,2087.39,Yes
6525-LHZR,Female,0,No,Yes,29,Yes,Yes,DSL,No,No,No,No,Yes,No,One year,Yes,Mailed check,80.1,2324.38,No
8813-TFDB,Male,0,Yes,Yes,16,Yes,No,Fiber optic,Yes,No,No,No,Yes,Yes,Month-to-month,No,Credit card (automatic),106.83,1706.73,Yes
2340-SCWQ,Female,0,Yes,Yes,17,Yes,No,Fiber optic,No,No,No,Yes,No,No,One year,No,Electronic check,97.21,1657.39,No
5517-RZPF,Male,0,Yes,No,57,Yes,No,Fiber optic,No,No,Yes,Yes,No,No,One year,Yes,Electronic check,94.21,5369.65,No
7490-TFDB,Male,0,Yes,No,31,Yes,No,Fiber optic,No,No,No,No,No,No,Month-to-month,No,Credit card (automatic),87.3,2710.59,Yes
4454-AAAA,Male,0,No,No,62,Yes,No,Fiber optic,Yes,Yes,No,Yes,Yes,Yes,Month-to-month,No,Electronic check,118.75,7364.87,Yes
4744-IYEK,Female,0,Yes,No,30,Yes,No,Fiber optic,No,Yes,No,Yes,No,No,Two year,Yes,Bank transfer (automatic),93.42,2806.4,Yes
9002-GSQO,Female,0,No,No,47,No,No phone service,Fiber optic,Yes,No,No,Yes,No,No,Month-to-month,Yes,Electronic check,85.21,4002.11,Yes
2848-OQUY,Male,0,No,Yes,64,Yes,No,DSL,Yes,No,No,No,No,No,Month-to-month,No,Credit card (automatic),70.87,4536.28,Yes
1804-VLRX,Male,0,Yes,Yes,39,Yes,No,Fiber optic,No,Yes,Yes,Yes,Yes,No,Month-to-month,No,Electronic check,101.9,3970.45,Yes
6816-NNNN,Female,0,No,Yes,5,Yes,Yes,No,No internet service,No internet service,No internet service,No internet service,No internet service,No internet service,Two year,No,Mailed check,48.95,251.7,No
3780-UIKM,Male,1,Yes,Yes,28,Yes,No,No,No internet service,No internet service,No internet service,No internet service,No internet service,No internet service,Month-to-month,No,Electronic check,36.05,1008.79,Yes
6618-WOYI,Female,0,No,No,63,Yes,Yes,Fiber optic,No,No,Yes,No,No,Yes,One year,Yes,Electronic check,109.7,6908.69,No
6410-EMCS,Male,0,Yes,No,4,Yes,Yes,Fiber optic,No,Yes,No,Yes,Yes,No,Month-to-month,Yes,Electronic check,114.06,456.56,No
2591-CGOW,Female,0,Yes,No,63,Yes,Yes,Fiber optic,No,Yes,No,Yes,No,Yes,Two year,No,Electronic check,111.89,7045.89,No
1370-OQUY,Female,0,No,Yes,67,Yes,Yes,Fiber optic,No,No,No,Yes,No,No,Two year,Yes,Bank transfer (automatic),104.81,7013.2,No
3113-TFDB,Male,1,Yes,Yes,39,No,No phone service,No,No internet service,No internet service,No internet service,No internet service,No internet service,No internet service,Month-to-month,Yes,Mailed check,23.01,899.29,No
5732-WOYI,Female,1,No,No,38,Yes,No,Fiber optic,No,Yes,No,No,Yes,Yes,One year,Yes,Bank transfer (automatic),107.52,4077.61,No
9754-ZXTP,Female,0,Yes,No,4,Yes,No,DSL,No,No,Yes,No,No,No,Two year,Yes,Bank transfer (automatic),66.81,262.9,Yes
8400-OQUY,Male,0,Yes,No,13,Yes,No,No,No internet service,No internet service,No internet service,No internet service,No internet service,No internet service,Month-to-month,Yes,Mailed check,37.44,488.07,Yes
5846-EMCS,Male,1,Yes,No,4,Yes,No,DSL,No,Yes,No,Yes,No,Yes,Two year,Yes,Bank transfer (automatic),82.24,343.24,No
4257-JBLV,Male,1,No,No,61,Yes,Yes,DSL,Yes,Yes,No,Yes,Yes,Yes,Month-to-month,No,Mailed check,109.8,6694.67,Yes
7980-DJVH,Male,0,No,Yes,41,No,No phone service,Fiber optic,No,Yes,No,No,Yes,Yes,Month-to-month,Yes,Credit card (automatic),83.52,3416.9,Yes
3359-WOYI,Male,0,Yes,No,6,Yes,Yes,DSL,No,No,No,Yes,Yes,No,Month-to-month,Yes,Electronic check,91.97,545.87,Yes
8382-KESG,Female,0,No,No,20,Yes,No,No,No internet service,No internet service,No internet service,No internet service,No internet service,No internet service,Month-to-month,No,Electronic check,43.56,876.86,Yes
8692-PTBJ,Female,0,No,Yes,69,No,No phone service,Fiber optic,No,No,No,No,No,Yes,Month-to-month,Yes,Electronic check,75.83,5232.43,Yes
3355-YUME,Female,0,No,No,0,Yes,Yes,No,No internet service,No internet service,No internet service,No internet service,No internet service,No internet service,Two year,Yes,Bank transfer (automatic),49.7,0.0,No
2679-MKGC,Female,0,No,Yes,46,Yes,Yes,Fiber optic,Yes,Yes,No,Yes,Yes,No,One year,No,Mailed check,118.75,5461.46,No
3393-HVXZ,Male,0,No,No,21,Yes,No,DSL,Yes,Yes,No,No,No,No,Two year,Yes,Credit card (automatic),75.84,1591.43,No
7974-NNNN,Female,0,Yes,No,70,Yes,Yes,DSL,No,No,Yes,No,Yes,No,Month-to-month,No,Credit card (automatic),83.28,5836.19,Yes
5055-IYEK,Male,0,Yes,No,33,Yes,No,DSL,No,No,No,No,Yes,No,Month-to-month,No,Mailed check,80.51,2663.17,Yes
8468-WOYI,Male,0,No,No,22,Yes,Yes,Fiber optic,No,No,Yes,No,Yes,No,One year,Yes,Bank transfer (automatic),101.65,2234.48,Yes
6190-IYEK,Female,0,Yes,No,42,Yes,No,No,No internet service,No internet service,No internet service,No internet service,No internet service,No internet service,Month-to-month,Yes,Credit card (automatic),40.48,1692.52,Yes
7743-AAAA,Female,0,Yes,No,28,Yes,No,Fiber optic,Yes,No,No,No,Yes,Yes,Month-to-month,Yes,Credit card (automatic),114.06,3192.44,Yes
5938-YUME,Female,0,No,No,50,Yes,No,No,No internet service,No internet service,No internet service,No internet service,No internet service,No internet service,Month-to-month,No,Credit card (automatic),41.13,2055.21,No
8845-DJVH,Female,0,Yes,No,11,No,No phone service,No,No internet service,No internet service,No internet service,No internet service,No internet service,No internet service,Month-to-month,No,Mailed check,23.1,247.73,No
9263-AAAA,Male,0,Yes,No,43,Yes,Yes,Fiber optic,No,No,No,No,No,No,One year,No,Electronic check,95.47,4102.13,No
2008-IYEK,Male,0,Yes,No,25,Yes,No,DSL,No,No,No,No,No,Yes,Month-to-month,No,Electronic check,75.22,1885.93,Yes
1362-NNNN,Male,0,Yes,No,60,No,No phone service,No,No internet service,No internet service,No internet service,No internet service,No internet service,No internet service,One year,No,Mailed check,22.15,1321.72,No
1448-DJVH,Female,0,No,No,40,Yes,No,No,No internet service,No internet service,No internet service,No internet service,No internet service,No internet service,Month-to-month,No,Electronic check,41.7,1671.35,No
1419-TFDB,Female,0,No,Yes,33,Yes,Yes,DSL,No,Yes,No,No,Yes,Yes,Month-to-month,No,Mailed check,96.31,3180.98,Yes
4711-DJVH,Male,0,No,Yes,38,Yes,No,Fiber optic,Yes,No,No,No,No,Yes,Two year,Yes,Mailed check,104.36,3962.2,Yes
1497-BDHL,Female,0,No,No,57,Yes,No,DSL,No,Yes,Yes,Yes,Yes,No,Month-to-month,Yes,Electronic check,83.49,4760.67,No
5135-CGOW,Male,0,No,No,59,Yes,No,DSL,Yes,No,No,Yes,Yes,No,Month-to-month,Yes,Bank transfer (automatic),90.59,5348.89,Yes
4641-ZXTP,Male,0,Yes,No,11,Yes,No,DSL,No,No,No,No,Yes,Yes,Two year,Yes,Credit card (automatic),83.12,917.26,No
4716-AAAA,Male,0,No,No,21,Yes,No,Fiber optic,No,No,Yes,Yes,No,Yes,Two year,Yes,Credit card (automatic),104.58,2196.73,No
2096-NNNN,Female,1,Yes,Yes,48,Yes,Yes,DSL,No,No,No,No,No,Yes,Two year,Yes,Bank transfer (automatic),85.87,4129.31,No
8954-MKGC,Male,0,No,No,8,Yes,No,No,No internet service,No internet service,No internet service,No internet service,No internet service,No internet service,Month-to-month,Yes,Credit card (automatic),39.48,312.75,Yes
3297-DJVH,Female,0,Yes,No,0,Yes,No,Fiber optic,No,Yes,No,No,No,No,Month-to-month,Yes,Electronic check,84.79,0.0,Yes
5591-AAAA,Female,0,No,No,36,Yes,Yes,DSL,Yes,No,Yes,No,No,No,One year,Yes,Mailed check,82.59,2968.91,No
5777-FPJD,Female,0,No,No,35,Yes,Yes,DSL,No,No,Yes,Yes,No,No,Two year,Yes,Mailed check,82.64,2902.17,No
5683-NNNN,Male,0,Yes,Yes,18,Yes,No,DSL,No,No,No,Yes,Yes,No,Two year,Yes,Mailed check,80.85,1453.19,No
3989-JBLV,Male,0,No,No,1,Yes,No,DSL,Yes,Yes,No,No,Yes,Yes,Month-to-month,No,Electronic check,93.38,92.64,Yes
2283-WOYI,Male,0,No,Yes,42,Yes,Yes,No,No internet service,No internet service,No internet service,No internet service,No internet service,No internet service,Month-to-month,No,Electronic check,49.7,2085.51,No
9007-HVXZ,Male,0,No,No,31,Yes,No,No,No internet service,No internet service,No internet service,No internet service,No internet service,No internet service,Two year,Yes,Mailed check,37.29,1152.09,No
7217-RZPF,Female,0,Yes,No,71,Yes,Yes,DSL,Yes,Yes,Yes,No,No,Yes,One year,Yes,Bank transfer (automatic),93.36,6631.08,No
1867-HVXZ,Female,0,No,No,55,No,No phone service,No,No internet service,No internet service,No internet service,No internet service,No internet service,No internet service,Month-to-month,Yes,Electronic check,18.25,1013.01,Yes
5939-RZPF,Male,0,No,No,70,Yes,No,DSL,No,No,Yes,No,Yes,Yes,Month-to-month,No,Mailed check,81.28,5680.71,Yes
1066-CGOW,Male,0,No,Yes,23,Yes,Yes,DSL,No,No,Yes,No,Yes,Yes,Two year,Yes,Bank transfer (automatic),95.86,2201.97,No
5054-AAAA,Male,0,Yes,No,69,Yes,No,Fiber optic,Yes,No,No,Yes,No,No,Month-to-month,No,Credit card (automatic),98.6,6808.12,Yes
6675-ZXTP,Male,1,Yes,No,69,Yes,Yes,No,No internet service,No internet service,No internet service,No internet service,No internet service,No internet service,Month-to-month,Yes,Electronic check,46.27,3186.16,No
1869-GSQO,Female,0,No,No,22,Yes,Yes,DSL,No,No,No,No,No,Yes,Month-to-month,No,Electronic check,85.44,1873.87,Yes
3786-KESG,Female,0,Yes,No,36,Yes,No,Fiber optic,No,No,No,No,No,No,Month-to-month,Yes,Mailed check,88.14,3175.93,Yes
4792-DJVH,Male,0,No,Yes,49,Yes,Yes,Fiber optic,No,No,Yes,Yes,No,No,Month-to-month,Yes,Bank transfer (automatic),101.73,4986.86,No
1215-IYEK,Female,0,No,No,68,Yes,Yes,DSL,No,Yes,No,Yes,Yes,No,One year,No,Mailed check,93.85,6381.19,Yes
9038-MKGC,Female,0,Yes,No,5,No,No phone service,Fiber optic,No,No,No,Yes,Yes,No,Month-to-month,Yes,Electronic check,82.02,407.28,Yes
5456-IYEK,Female,0,Yes,No,58,Yes,No,DSL,No,No,No,No,No,No,Month-to-month,No,Mailed check,72.03,4183.46,No
1294-EMCS,Female,0,Yes,No,4,No,No phone service,No,No internet service,No internet service,No internet service,No internet service,No internet service,No internet service,Two year,No,Mailed check,20.99,81.46,Yes
6308-WOYI,Female,1,Yes,No,35,Yes,No,No,No internet service,No internet service,No internet service,No internet service,No internet service,No internet service,Two year,Yes,Bank transfer (automatic),40.96,1437.18,No
3276-OQUY,Male,0,No,Yes,72,Yes,Yes,DSL,No,No,No,Yes,No,Yes,Two year,No,Bank transfer (automatic),91.79,6607.4,No
5726-HVXZ,Male,0,No,Yes,67,Yes,Yes,Fiber optic,No,Yes,No,No,No,No,One year,Yes,Electronic check,98.14,6578.45,Yes
4789-ZXTP,Female,0,Yes,No,35,Yes,No,DSL,Yes,Yes,No,Yes,No,Yes,Month-to-month,Yes,Credit card (automatic),91.54,3208.63,Yes
1402-CGOW,Male,0,Yes,No,40,Yes,No,Fiber optic,No,Yes,No,Yes,No,No,Month-to-month,Yes,Mailed check,92.11,3685.29,Yes
4782-UIKM,Male,0,No,No,60,Yes,Yes,DSL,No,No,Yes,No,Yes,No,Month-to-month,Yes,Electronic check,82.79,4961.95,Yes
5897-NNNN,Female,0,Yes,No,25,Yes,No,DSL,No,Yes,No,Yes,No,No,Month-to-month,No,Electronic check,74.47,1853.36,Yes
8888-JBLV,Female,0,Yes,Yes,54,Yes,Yes,DSL,No,Yes,Yes,Yes,No,No,Month-to-month,Yes,Mailed check,82.63,4465.92,Yes
6649-MKGC,Male,0,Yes,Yes,26,Yes,No,No,No internet service,No internet service,No internet service,No internet service,No internet service,No internet service,Month-to-month,No,Credit card (automatic),35.2,912.59,No
3914-PTBJ,Male,0,No,No,65,No,No phone service,Fiber optic,No,No,Yes,No,No,Yes,One year,Yes,Mailed check,72.74,4727.46,Yes
1340-IYEK,Male,0,Yes,No,3,Yes,Yes,DSL,Yes,No,Yes,Yes,No,No,One year,No,Bank transfer (automatic),86.02,252.81,Yes
5897-RZPF,Male,0,Yes,Yes,8,Yes,No,Fiber optic,No,No,No,Yes,No,No,Month-to-month,Yes,Mailed check,92.51,746.6,Yes
1876-KESG,Female,0,No,No,54,Yes,No,Fiber optic,No,No,No,No,No,Yes,Month-to-month,Yes,Bank transfer (automatic),96.58,5213.68,No
4020-PTBJ,Male,0,No,No,35,Yes,No,DSL,No,No,No,No,Yes,Yes,Two year,No,Mailed check,76.57,2677.47,No
7362-KESG,Male,0,No,No,49,Yes,Yes,Fiber optic,No,No,Yes,No,Yes,Yes,Month-to-month,No,Credit card (automatic),113.8,5579.19,Yes
5795-VLRX,Male,0,No,Yes,62,Yes,Yes,No,No internet service,No internet service,No internet service,No internet service,No internet service,No internet service,Month-to-month,Yes,Electronic check,49.64,3077.76,No
2070-DJVH,Male,0,No,Yes,37,No,No phone service,DSL,No,Yes,No,Yes,No,No,Month-to-month,Yes,Credit card (automatic),55.54,2050.25,No
9907-VLRX,Female,0,Yes,No,33,Yes,Yes,DSL,Yes,Yes,Yes,No,Yes,No,One year,No,Credit card (automatic),96.94,3204.34,Yes
8082-SCWQ,Female,1,Yes,No,13,Yes,No,Fiber optic,No,Yes,Yes,Yes,No,No,Month-to-month,Yes,Bank transfer (automatic),92.67,1200.57,Yes
2301-AAAA,Male,0,Yes,No,40,No,No phone service,Fiber optic,No,No,No,No,Yes,No,Two year,No,Electronic check,75.51,3023.81,No
4624-XRFT,Female,0,No,Yes,15,Yes,No,Fiber optic,No,Yes,Yes,Yes,No,Yes,One year,Yes,Electronic check,103.9,1554.56,Yes
8755-WOYI,Female,1,Yes,Yes,26,Yes,Yes,Fiber optic,No,No,No,No,No,Yes,Month-to-month,No,Credit card (automatic),102.42,2669.26,Yes
6141-IYEK,Female,1,Yes,No,17,Yes,No,DSL,Yes,No,No,No,Yes,No,One year,Yes,Credit card (automatic),83.47,1425.83,No
2625-NNNN,Female,1,No,Yes,67,Yes,No,Fiber optic,No,No,No,Yes,No,Yes,Two year,Yes,Credit card (automatic),105.06,7036.7,No
7136-XRFT,Female,1,No,No,59,Yes,No,DSL,No,No,No,No,No,Yes,One year,Yes,Electronic check,75.9,4477.58,Yes
1489-SCWQ,Male,0,Yes,No,7,Yes,Yes,Fiber optic,No,Yes,Yes,Yes,No,No,One year,No,Electronic check,99.67,697.04,No
7100-CGOW,Female,0,No,No,52,Yes,Yes,Fiber optic,Yes,No,No,No,Yes,No,Month-to-month,Yes,Bank transfer (automatic),113.91,5925.33,No
9096-KESG,Female,0,No,No,3,Yes,No,No,No internet service,No internet service,No internet service,No internet service,No internet service,No internet service,Month-to-month,No,Electronic check,44.42,130.24,Yes
7652-OQUY,Female,0,Yes,No,21,Yes,Yes,Fiber optic,Yes,No,No,No,Yes,No,Month-to-month,Yes,Bank transfer (automatic),115.17,2418.59,Yes
1781-MKGC,Male,0,No,Yes,17,Yes,No,DSL,No,No,No,No,No,No,One year,Yes,Electronic check,65.92,1126.62,Yes
3263-RZPF,Male,0,Yes,No,66,Yes,Yes,DSL,No,No,No,No,Yes,Yes,One year,Yes,Bank transfer (automatic),94.19,6212.89,No
5021-AAAA,Male,0,Yes,No,8,Yes,No,DSL,No,No,Yes,Yes,No,No,Two year,Yes,Credit card (automatic),70.98,562.23,Yes
4071-CGOW,Male,0,No,No,16,No,No phone service,Fiber optic,Yes,Yes,No,No,Yes,No,Two year,Yes,Credit card (automatic),82.59,1321.65,Yes
5796-MKGC,Male,0,Yes,Yes,24,Yes,No,No,No internet service,No internet service,No internet service,No internet service,No internet service,No internet service,One year,No,Mailed check,41.79,1004.11,Yes
4876-ZXTP,Male,0,No,No,45,Yes,Yes,Fiber optic,Yes,No,No,No,No,No,Two year,Yes,Mailed check,101.81,4583.2,No
6643-ZXTP,Female,0,No,Yes,18,Yes,Yes,Fiber optic,No,No,No,Yes,No,No,Month-to-month,Yes,Electronic check,100.33,1798.34,Yes
9367-MKGC,Male,1,No,Yes,46,No,No phone service,No,No internet service,No internet service,No internet service,No internet service,No internet service,No internet service,Two year,No,Bank transfer (automatic),19.01,872.48,No
9783-TFDB,Male,0,Yes,No,0,Yes,Yes,Fiber optic,Yes,No,No,Yes,Yes,Yes,Month-to-month,Yes,Bank transfer (automatic),118.75,0.0,Yes
3871-SCWQ,Male,0,Yes,No,66,Yes,No,Fiber optic,Yes,No,No,No,No,No,One year,Yes,Electronic check,92.61,6113.22,Yes
1963-EMCS,Female,1,No,No,27,Yes,Yes,DSL,No,No,No,No,No,Yes,One year,Yes,Mailed check,86.74,2344.98,No
7783-VLRX,Male,0,No,No,27,Yes,Yes,Fiber optic,No,Yes,Yes,Yes,No,No,One year,Yes,Bank transfer (automatic),104.69,2824.66,No
4510-UIKM,Female,0,No,No,23,Yes,Yes,DSL,Yes,No,No,Yes,Yes,No,Two year,No,Electronic check,100.48,2309.77,No
8165-TFDB,Male,0,Yes,No,59,Yes,Yes,Fiber optic,Yes,Yes,Yes,No,Yes,No,One year,No,Credit card (automatic),116.26,6855.25,No
4382-JBLV,Female,0,Yes,No,64,No,No phone service,Fiber optic,No,Yes,Yes,Yes,Yes,No,Two year,No,Bank transfer (automatic),84.28,5402.78,Yes
6296-EMCS,Male,1,No,No,14,Yes,Yes,Fiber optic,Yes,No,Yes,Yes,No,No,One year,Yes,Mailed check,113.03,1591.31,Yes
2619-MKGC,Female,0,Yes,No,71,Yes,No,DSL,Yes,No,No,Yes,Yes,No,Two year,Yes,Credit card (automatic),90.23,6416.13,No
2089-JBLV,Female,0,Yes,Yes,65,Yes,No,Fiber optic,No,No,Yes,No,Yes,No,Month-to-month,No,Electronic check,91.92,5972.72,Yes
1340-GSQO,Male,0,No,No,66,Yes,No,No,No internet service,No internet service,No internet service,No internet service,No internet service,No internet service,Two year,No,Credit card (automatic),38.36,2530.32,No
2223-QWIU,Female,0,Yes,No,28,Yes,No,No,No internet service,No internet service,No internet service,No internet service,No internet service,No internet service,Month-to-month,No,Electronic check,35.39,992.98,No
6378-VLRX,Male,0,No,No,22,No,No phone service,No,No internet service,No internet service,No internet service,No internet service,No internet service,No internet service,Month-to-month,Yes,Mailed check,18.69,410.21,No
5368-UIKM,Male,0,Yes,No,31,Yes,Yes,Fiber optic,No,No,No,No,Yes,No,Month-to-month,No,Credit card (automatic),107.24,3325.96,Yes
2469-LHZR,Male,0,No,Yes,4,No,No phone service,No,No internet service,No internet service,No internet service,No internet service,No internet service,No internet service,Month-to-month,No,Mailed check,18.25,69.95,Yes
1870-ZXTP,Female,0,No,No,38,Yes,Yes,Fiber optic,No,No,No,No,No,Yes,One year,Yes,Bank transfer (automatic),103.45,3923.73,Yes
4828-HVXZ,Male,0,No,Yes,72,No,No phone service,DSL,Yes,Yes,No,No,No,Yes,Month-to-month,Yes,Electronic check,62.81,4526.97,Yes
2172-AAAA,Male,1,No,No,69,No,No phone service,DSL,Yes,No,No,No,No,No,Month-to-month,Yes,Mailed check,52.8,3638.18,Yes
3834-XRFT,Male,0,Yes,No,58,Yes,No,DSL,No,Yes,Yes,Yes,Yes,Yes,Month-to-month,No,Credit card (automatic),96.13,5571.98,No
3454-ZXTP,Female,0,No,No,49,Yes,No,Fiber optic,Yes,No,Yes,No,Yes,Yes,One year,Yes,Credit card (automatic),116.8,5717.72,No
4534-HVXZ,Male,0,Yes,No,72,Yes,Yes,Fiber optic,Yes,No,No,No,No,No,Two year,Yes,Mailed check,105.49,7587.48,No
6315-XRFT,Male,0,Yes,No,21,Yes,No,Fiber optic,No,No,No,Yes,No,No,One year,Yes,Bank transfer (automatic),94.56,1990.1,Yes
6065-JBLV,Male,0,No,No,66,Yes,No,Fiber optic,No,Yes,No,No,No,No,One year,No,Credit card (automatic),84.18,5564.5,Yes
1954-IYEK,Female,0,No,Yes,5,Yes,Yes,Fiber optic,Yes,Yes,No,No,Yes,No,One year,No,Bank transfer (automatic),112.26,561.83,Yes
7799-QWIU,Male,0,Yes,No,64,Yes,No,Fiber optic,No,No,Yes,No,Yes,No,Month-to-month,No,Credit card (automatic),89.82,5747.07,Yes
9407-KESG,Female,0,Yes,Yes,47,Yes,Yes,DSL,No,No,Yes,No,Yes,No,One year,No,Electronic check,81.68,3833.43,No
6619-KESG,Female,0,Yes,No,24,Yes,No,DSL,No,Yes,No,No,No,Yes,Two year,No,Electronic check,75.31,1815.13,No
2375-BDHL,Male,0,Yes,No,62,Yes,Yes,Fiber optic,No,No,No,No,No,No,Month-to-month,Yes,Electronic check,91.36,5658.36,Yes
4096-SCWQ,Male,0,Yes,No,3,Yes,No,Fiber optic,No,No,No,Yes,Yes,No,One year,No,Electronic check,100.29,296.01,No
8893-XRFT,Female,0,No,No,12,Yes,Yes,No,No internet service,No internet service,No internet service,No internet service,No internet service,No internet service,Month-to-month,No,Mailed check,48.74,584.59,Yes
7344-NNNN,Male,1,No,No,35,Yes,No,DSL,No,No,Yes,Yes,No,No,Month-to-month,No,Electronic check,72.79,2544.14,Yes
9895-BDHL,Male,1,No,No,58,Yes,Yes,No,No internet service,No internet service,No internet service,No internet service,No internet service,No internet service,Month-to-month,No,Mailed check,50.87,2957.34,Yes
8398-VLRX,Female,0,No,No,18,Yes,No,Fiber optic,No,No,Yes,No,Yes,Yes,One year,No,Credit card (automatic),108.06,1956.05,Yes
3118-HVXZ,Female,0,Yes,No,15,Yes,Yes,Fiber optic,No,No,No,Yes,Yes,No,Month-to-month,Yes,Electronic check,117.82,1776.81,Yes
3365-IYEK,Male,1,No,Yes,19,Yes,No,DSL,Yes,No,No,Yes,No,No,Month-to-month,No,Electronic check,82.32,1566.15,No
9245-PTBJ,Male,0,Yes,No,5,Yes,No,Fiber optic,No,No,No,No,No,Yes,Two year,Yes,Credit card (automatic),92.99,458.31,Yes
7801-BDHL,Male,1,Yes,No,51,Yes,Yes,DSL,Yes,Yes,No,No,No,No,One year,Yes,Electronic check,84.18,4285.03,Yes
1052-YUME,Male,0,Yes,No,20,Yes,Yes,No,No internet service,No internet service,No internet service,No internet service,No internet service,No internet service,One year,Yes,Credit card (automatic),49.33,981.87,No
8962-IYEK,Female,0,Yes,Yes,36,Yes,Yes,DSL,No,No,No,Yes,No,No,Month-to-month,No,Electronic check,85.35,3071.17,No
7966-NNNN,Male,0,No,Yes,46,Yes,Yes,Fiber optic,Yes,No,No,No,Yes,No,Month-to-month,Yes,Bank transfer (automatic),110.54,5087.38,Yes
2384-ZXTP,Male,0,No,Yes,59,Yes,No,DSL,No,No,Yes,No,No,No,One year,Yes,Credit card (automatic),62.48,3685.96,No
8311-LHZR,Female,0,No,Yes,28,Yes,No,Fiber optic,Yes,No,No,No,No,No,Month-to-month,Yes,Bank transfer (automatic),92.71,2600.1,Yes
2682-IYEK,Female,0,Yes,No,32,Yes,Yes,Fiber optic,No,No,No,No,Yes,No,One year,No,Electronic check,105.43,3378.56,Yes
5555-SCWQ,Male,0,No,Yes,58,Yes,No,Fiber optic,No,Yes,Yes,Yes,No,Yes,One year,No,Electronic check,104.04,6039.8,No
1125-RZPF,Female,1,No,No,4,Yes,Yes,DSL,Yes,No,Yes,Yes,No,No,Month-to-month,Yes,Bank transfer (automatic),88.86,354.12,Yes
8574-NNNN,Male,0,Yes,Yes,65,No,No phone service,DSL,No,Yes,No,No,Yes,No,One year,No,Bank transfer (automatic),55.5,3601.52,Yes
8206-TFDB,Male,0,Yes,No,67,Yes,No,Fiber optic,No,No,No,No,No,No,Two year,No,Credit card (automatic),84.43,5660.14,No
7297-IYEK,Female,0,No,No,13,Yes,Yes,Fiber optic,No,No,No,No,Yes,Yes,One year,No,Electronic check,115.32,1499.48,No
5500-PTBJ,Female,0,No,Yes,50,Yes,No,Fiber optic,Yes,No,No,No,No,Yes,Month-to-month,Yes,Bank transfer (automatic),101.36,5071.27,No
2816-FPJD,Female,0,No,Yes,3,Yes,No,Fiber optic,No,No,Yes,No,No,Yes,Month-to-month,Yes,Electronic check,93.17,286.18,Yes
3461-JBLV,Male,0,No,No,22,Yes,Yes,No,No internet service,No internet service,No internet service,No internet service,No internet service,No internet service,Two year,Yes,Mailed check,51.45,1128.69,No
1942-HVXZ,Female,0,No,Yes,0,Yes,No,No,No internet service,No internet service,No internet service,No internet service,No internet service,No internet service,Month-to-month,Yes,Credit card (automatic),44.58,0.0,Yes
5430-HVXZ,Male,0,Yes,Yes,57,No,No phone service,DSL,Yes,No,No,No,Yes,No,Month-to-month,Yes,Electronic check,62.03,3542.94,No
6003-TFDB,Male,1,No,No,33,No,No phone service,No,No internet service,No internet service,No internet service,No internet service,No internet service,No internet service,Month-to-month,Yes,Bank transfer (automatic),18.25,600.53,Yes
9701-JBLV,Male,0,No,No,50,Yes,Yes,No,No internet service,No internet service,No internet service,No internet service,No internet service,No internet service,Two year,Yes,Mailed check,48.32,2410.29,No
3541-AAAA,Female,0,No,No,51,Yes,Yes,Fiber optic,No,No,Yes,No,No,No,Two year,Yes,Electronic check,96.13,4896.79,No
3321-GSQO,Female,0,No,Yes,6,Yes,No,Fiber optic,No,Yes,Yes,No,Yes,Yes,Month-to-month,No,Electronic check,103.83,614.2,Yes
3403-CGOW,Male,0,Yes,No,2,Yes,Yes,No,No internet service,No internet service,No internet service,No internet service,No internet service,No internet service,Month-to-month,No,Credit card (automatic),46.26,91.62,Yes
8366-YUME,Female,0,No,No,54,Yes,Yes,DSL,No,No,Yes,No,No,Yes,Month-to-month,Yes,Mailed check,85.98,4638.43,Yes
2001-KESG,Male,0,No,Yes,0,Yes,Yes,No,No internet service,No internet service,No internet service,No internet service,No internet service,No internet service,Two year,No,Bank transfer (automatic),50.46,0.0,No
6671-LHZR,Female,0,No,No,38,Yes,Yes,Fiber optic,Yes,No,No,No,No,No,Two year,Yes,Credit card (automatic),106.09,4031.96,No
3131-MKGC,Male,0,Yes,Yes,24,Yes,No,Fiber optic,Yes,No,Yes,Yes,No,No,Month-to-month,No,Mailed check,102.72,2471.61,Yes
7378-FPJD,Female,1,No,No,28,Yes,Yes,Fiber optic,No,Yes,Yes,No,No,No,Month-to-month,No,Electronic check,94.33,2643.87,Yes
3711-VLRX,Female,0,No,Yes,2,Yes,No,Fiber optic,No,Yes,No,No,No,No,One year,No,Mailed check,83.36,167.46,Yes
9399-QWIU,Male,1,Yes,Yes,19,Yes,No,Fiber optic,No,Yes,No,No,No,No,Month-to-month,Yes,Credit card (automatic),85.58,1625.67,Yes
7313-IYEK,Male,0,No,No,12,Yes,No,Fiber optic,Yes,Yes,No,No,No,Yes,Month-to-month,No,Electronic check,106.5,1282.66,Yes
8898-CGOW,Female,1,No,No,52,Yes,No,DSL,No,Yes,No,Yes,Yes,Yes,One year,No,Credit card (automatic),91.43,4747.42,No
2540-QWIU,Male,0,Yes,No,4,Yes,No,Fiber optic,No,No,No,Yes,No,No,Month-to-month,Yes,Electronic check,91.3,366.79,Yes
4137-VLRX,Male,1,No,No,35,Yes,Yes,Fiber optic,Yes,Yes,No,No,No,Yes,Month-to-month,Yes,Electronic check,113.14,3960.32,Yes
2996-ZXTP,Male,0,Yes,No,36,Yes,No,No,No internet service,No internet service,No internet service,No internet service,No internet service,No internet service,Month-to-month,Yes,Mailed check,38.16,1368.94,No
6672-TFDB,Male,0,No,No,58,Yes,Yes,Fiber optic,Yes,Yes,No,No,No,Yes,Month-to-month,Yes,Mailed check,109.71,6365.26,Yes
1615-OQUY,Male,0,No,Yes,28,Yes,Yes,DSL,No,No,Yes,Yes,Yes,No,Two year,Yes,Mailed check,91.49,2560.7,No
7893-QWIU,Female,0,No,Yes,14,Yes,No,Fiber optic,Yes,Yes,Yes,Yes,No,No,Month-to-month,Yes,Electronic check,98.88,1387.08,Yes
1206-DJVH,Female,0,Yes,Yes,58,No,No phone service,DSL,No,No,Yes,No,Yes,No,Month-to-month,No,Bank transfer (automatic),52.52,3035.52,Yes
5495-OQUY,Female,0,Yes,Yes,7,Yes,No,DSL,Yes,No,No,No,No,No,Month-to-month,Yes,Credit card (automatic),71.01,492.06,Yes
8853-EMCS,Female,1,No,No,5,No,No phone service,No,No internet service,No internet service,No internet service,No internet service,No internet service,No internet service,One year,No,Electronic check,18.25,96.54,Yes
8099-HVXZ,Male,0,No,No,10,Yes,No,DSL,No,No,No,Yes,Yes,No,One year,Yes,Mailed check,80.77,808.07,Yes
9874-GSQO,Female,0,Yes,No,33,Yes,No,DSL,Yes,No,No,No,No,No,Month-to-month,No,Bank transfer (automatic),71.59,2361.72,Yes
2749-LHZR,Male,0,No,No,38,Yes,No,Fiber optic,No,No,Yes,No,No,Yes,Two year,No,Credit card (automatic),93.04,3539.14,No
5674-GSQO,Male,0,Yes,No,22,Yes,No,Fiber optic,Yes,No,No,No,No,No,Month-to-month,No,Mailed check,91.28,2001.4,Yes
6316-YUME,Male,0,No,No,36,No,No phone service,No,No internet service,No internet service,No internet service,No internet service,No internet service,No internet service,Month-to-month,Yes,Electronic check,20.98,758.57,No
4022-OQUY,Female,0,Yes,Yes,9,Yes,No,Fiber optic,No,No,No,No,Yes,No,Month-to-month,Yes,Bank transfer (automatic),96.7,869.25,Yes
1677-AAAA,Female,0,Yes,No,35,Yes,Yes,DSL,Yes,Yes,No,No,Yes,Yes,Month-to-month,Yes,Mailed check,103.91,3642.12,Yes
3419-UIKM,Female,1,No,Yes,66,Yes,No,Fiber optic,No,No,No,Yes,No,Yes,One year,No,Mailed check,104.47,6892.46,No
4155-MKGC,Male,0,Yes,No,56,Yes,Yes,Fiber optic,No,No,No,Yes,No,No,Month-to-month,Yes,Electronic check,103.25,5781.52,Yes
6604-PTBJ,Female,0,Yes,No,27,Yes,No,Fiber optic,No,No,No,Yes,No,No,Month-to-month,No,Bank transfer (automatic),94.23,2547.05,Yes
6973-NNNN,Male,1,Yes,No,7,Yes,No,DSL,No,No,No,Yes,No,Yes,Two year,No,Credit card (automatic),85.6,605.74,No
8389-IYEK,Male,0,Yes,No,48,Yes,Yes,Fiber optic,No,No,No,No,Yes,No,Month-to-month,Yes,Mailed check,107.37,5157.53,Yes
5669-PTBJ,Female,1,No,No,9,Yes,No,Fiber optic,No,Yes,Yes,Yes,No,No,Month-to-month,No,Credit card (automatic),92.8,830.95,Yes
2577-JBLV,Male,0,Yes,No,24,Yes,Yes,Fiber optic,Yes,No,Yes,No,No,No,Month-to-month,Yes,Mailed check,99.37,2381.2,Yes
7172-RZPF,Female,0,Yes,Yes,38,Yes,Yes,DSL,Yes,No,No,No,Yes,No,Month-to-month,No,Electronic check,92.25,3509.39,No
3071-LHZR,Male,0,Yes,No,20,Yes,Yes,Fiber optic,No,No,No,Yes,Yes,No,One year,No,Bank transfer (automatic),109.89,2203.4,Yes
5922-EMCS,Female,1,No,No,63,Yes,No,Fiber optic,Yes,Yes,No,No,Yes,No,One year,Yes,Bank transfer (automatic),101.78,6410.0,No
3972-YUME,Male,1,Yes,No,46,Yes,No,DSL,No,Yes,Yes,No,No,Yes,Two year,Yes,Mailed check,72.25,3327.78,No
2304-ZXTP,Male,0,No,Yes,35,Yes,No,No,No internet service,No internet service,No internet service,No internet service,No internet service,No internet service,Month-to-month,Yes,Credit card (automatic),42.8,1506.46,Yes
4157-FPJD,Male,0,No,No,68,No,No phone service,DSL,Yes,Yes,No,Yes,Yes,Yes,Month-to-month,Yes,Electronic check,81.45,5536.3,No
3440-RZPF,Female,1,Yes,Yes,34,Yes,Yes,DSL,No,Yes,Yes,No,Yes,Yes,Month-to-month,Yes,Mailed check,98.3,3343.74,Yes
1564-SCWQ,Male,0,No,No,71,Yes,Yes,DSL,No,Yes,No,No,No,No,Month-to-month,Yes,Electronic check,76.54,5431.4,Yes
1806-YUME,Female,0,No,No,21,Yes,No,Fiber optic,No,No,Yes,No,No,No,Two year,No,Mailed check,85.8,1805.2,No
7142-WOYI,Male,0,No,No,56,Yes,No,No,No internet service,No internet service,No internet service,No internet service,No internet service,No internet service,Two year,No,Mailed check,37.43,2101.61,No
1703-AAAA,Female,0,No,No,43,Yes,No,DSL,Yes,No,No,No,No,No,Month-to-month,Yes,Bank transfer (automatic),75.59,3257.96,Yes
7979-MKGC,Male,0,No,Yes,24,Yes,No,DSL,No,No,No,No,Yes,Yes,Two year,No,Mailed check,83.26,2002.54,No
5616-LHZR,Male,0,No,Yes,21,Yes,Yes,Fiber optic,Yes,No,No,Yes,Yes,No,Month-to-month,No,Electronic check,118.75,2495.83,Yes
8531-GSQO,Male,0,Yes,Yes,27,Yes,Yes,Fiber optic,No,Yes,Yes,No,Yes,No,Month-to-month,Yes,Mailed check,107.22,2896.61,Yes
9633-GSQO,Male,1,Yes,No,32,Yes,No,Fiber optic,No,No,No,No,No,No,Two year,Yes,Electronic check,89.4,2860.26,Yes
4009-QWIU,Female,0,Yes,No,34,Yes,No,Fiber optic,No,No,Yes,No,Yes,No,Month-to-month,Yes,Electronic check,91.73,3117.77,Yes
6590-UIKM,Female,0,No,No,5,Yes,No,DSL,No,No,No,Yes,No,No,Month-to-month,No,Electronic check,70.43,352.31,No
9592-CGOW,Female,0,No,No,48,Yes,No,No,No internet service,No internet service,No internet service,No internet service,No internet service,No internet service,Two year,No,Mailed check,38.68,1853.03,No
3941-GSQO,Female,0,No,No,39,Yes,No,Fiber optic,Yes,Yes,No,Yes,No,Yes,Month-to-month,Yes,Credit card (automatic),115.96,4524.64,No
8121-YUME,Male,0,No,Yes,4,No,No phone service,Fiber optic,Yes,No,No,No,No,Yes,Two year,Yes,Mailed check,85.31,338.72,No
9792-NNNN,Male,0,Yes,No,54,Yes,No,DSL,Yes,Yes,No,No,Yes,No,Month-to-month,Yes,Bank transfer (automatic),79.3,4286.08,Yes
4701-MKGC,Female,1,No,No,62,Yes,No,DSL,Yes,Yes,No,Yes,Yes,No,One year,Yes,Credit card (automatic),93.3,5787.14,No
1755-SCWQ,Male,0,Yes,No,47,Yes,Yes,Fiber optic,Yes,No,Yes,Yes,No,No,Month-to-month,Yes,Electronic check,109.9,5160.61,Yes
8491-VLRX,Female,0,No,Yes,61,Yes,No,DSL,Yes,No,Yes,No,No,No,One year,Yes,Mailed check,75.73,4616.89,No
1609-JBLV,Female,1,Yes,No,72,Yes,Yes,Fiber optic,Yes,Yes,No,Yes,No,No,One year,No,Mailed check,109.8,7904.06,No
5471-IYEK,Female,0,No,No,70,Yes,No,DSL,No,Yes,Yes,No,No,Yes,Month-to-month,Yes,Electronic check,74.19,5194.66,No
8544-MKGC,Female,0,No,Yes,27,Yes,No,DSL,No,No,Yes,No,No,Yes,Month-to-month,Yes,Mailed check,70.78,1912.75,Yes
8577-OQUY,Male,0,No,No,14,Yes,Yes,DSL,Yes,Yes,No,No,No,No,Month-to-month,No,Mailed check,80.93,1133.28,Yes
5806-BDHL,Female,0,No,No,61,Yes,No,Fiber optic,No,No,Yes,No,No,No,Month-to-month,No,Bank transfer (automatic),80.63,4922.01,No
7002-PTBJ,Male,0,Yes,No,25,Yes,No,No,No internet service,No internet service,No internet service,No internet service,No internet service,No internet service,Two year,Yes,Mailed check,43.28,1071.41,No
3891-LHZR,Female,0,Yes,No,67,Yes,No,Fiber optic,Yes,Yes,No,No,Yes,No,Month-to-month,Yes,Mailed check,100.05,6709.75,Yes
2249-FPJD,Male,0,Yes,Yes,46,Yes,Yes,DSL,Yes,No,No,Yes,No,No,One year,No,Bank transfer (automatic),88.74,4089.69,No
1075-YUME,Male,0,Yes,No,52,Yes,Yes,Fiber optic,No,No,Yes,Yes,Yes,Yes,One year,Yes,Electronic check,118.75,6170.14,No
1564-AAAA,Male,0,Yes,No,21,Yes,No,DSL,Yes,Yes,Yes,No,Yes,No,Two year,No,Credit card (automatic),83.94,1758.53,Yes
4186-UIKM,Male,1,No,No,23,Yes,Yes,Fiber optic,Yes,Yes,No,No,Yes,No,Month-to-month,No,Bank transfer (automatic),112.89,2607.27,Yes
3790-SCWQ,Male,1,No,No,56,Yes,Yes,No,No internet service,No internet service,No internet service,No internet service,No internet service,No internet service,Month-to-month,Yes,Electronic check,47.94,2693.34,Yes
6565-HVXZ,Male,1,No,No,2,Yes,Yes,DSL,No,No,No,Yes,Yes,Yes,Two year,No,Electronic check,104.81,216.31,No
5661-BDHL,Male,0,Yes,Yes,6,Yes,No,DSL,Yes,No,No,No,Yes,Yes,Two year,No,Electronic check,93.12,563.68,Yes
8957-IYEK,Male,0,No,Yes,67,Yes,No,Fiber optic,No,Yes,Yes,Yes,Yes,Yes,One year,Yes,Electronic check,110.92,7434.91,Yes
5589-CGOW,Female,0,No,Yes,31,No,No phone service,Fiber optic,No,No,Yes,No,Yes,No,Month-to-month,Yes,Bank transfer (automatic),77.13,2392.3,No
6442-YUME,Female,0,No,No,34,Yes,Yes,Fiber optic,No,No,No,No,No,No,One year,No,Bank transfer (automatic),97.46,3312.04,Yes
1331-WOYI,Male,0,No,No,8,No,No phone service,Fiber optic,No,No,No,Yes,Yes,No,One year,No,Electronic check,84.53,683.45,Yes
6535-SCWQ,Male,0,Yes,No,59,Yes,No,Fiber optic,No,No,No,No,No,No,Month-to-month,No,Electronic check,84.7,4994.33,Yes
4932-JBLV,Male,1,Yes,Yes,26,Yes,No,DSL,No,Yes,No,No,No,Yes,Month-to-month,No,Mailed check,73.26,1912.0,No
7265-JBLV,Female,0,No,No,43,Yes,No,DSL,No,No,No,No,Yes,Yes,Month-to-month,No,Bank transfer (automatic),89.42,3851.41,Yes
9575-NNNN,Female,1,No,No,19,No,No phone service,DSL,Yes,No,No,No,No,No,Month-to-month,No,Credit card (automatic),46.86,882.26,Yes
3513-IYEK,Male,0,No,No,52,Yes,Yes,Fiber optic,No,No,No,Yes,Yes,No,Two year,No,Mailed check,107.65,5596.85,Yes
8543-TFDB,Male,0,No,No,61,No,No phone service,DSL,Yes,No,No,No,Yes,Yes,Month-to-month,Yes,Electronic check,75.17,4588.81,Yes
9088-PTBJ,Male,0,Yes,Yes,51,No,No phone service,DSL,Yes,No,No,Yes,No,Yes,Month-to-month,Yes,Electronic check,70.98,3618.24,Yes
7626-OQUY,Female,1,Yes,No,53,Yes,Yes,DSL,No,No,Yes,No,No,Yes,Month-to-month,Yes,Electronic check,87.37,4629.52,Yes
6757-BDHL,Female,0,No,No,51,Yes,Yes,Fiber optic,Yes,Yes,Yes,No,Yes,No,Month-to-month,Yes,Electronic check,112.25,5729.69,Yes
4332-QWIU,Male,0,No,No,52,Yes,Yes,Fiber optic,Yes,No,No,No,Yes,Yes,Month-to-month,Yes,Electronic check,118.75,6172.38,Yes
5437-UIKM,Male,0,No,Yes,58,Yes,No,Fiber optic,No,Yes,Yes,No,Yes,No,Month-to-month,No,Bank transfer (automatic),99.66,5779.46,No
3226-OQUY,Female,1,No,No,61,Yes,No,No,No internet service,No internet service,No internet service,No internet service,No internet service,No internet service,Month-to-month,Yes,Mailed check,39.27,2396.46,Yes
4927-NNNN,Female,0,No,Yes,46,Yes,Yes,Fiber optic,Yes,No,Yes,Yes,No,Yes,One year,Yes,Electronic check,118.75,5466.73,Yes
1701-XRFT,Female,0,No,No,51,Yes,No,Fiber optic,Yes,No,No,No,Yes,No,Month-to-month,No,Bank transfer (automatic),101.85,5195.38,No
4913-BDHL,Male,0,No,No,48,Yes,No,DSL,No,No,Yes,No,No,No,Month-to-month,No,Electronic check,58.36,2802.15,No
2093-FPJD,Female,0,No,No,50,Yes,No,DSL,No,Yes,No,Yes,No,No,Month-to-month,No,Bank transfer (automatic),69.01,3450.64,Yes
5964-DJVH,Female,0,No,Yes,51,Yes,No,No,No internet service,No internet service,No internet service,No internet service,No internet service,No internet service,Month-to-month,Yes,Electronic check,41.19,2101.38,Yes
3757-HVXZ,Female,0,Yes,Yes,26,No,No phone service,Fiber optic,Yes,Yes,No,No,No,No,Month-to-month,Yes,Bank transfer (automatic),70.56,1840.03,Yes
8006-CGOW,Female,0,No,Yes,11,Yes,No,DSL,Yes,Yes,Yes,No,No,No,Two year,Yes,Credit card (automatic),75.45,832.44,Yes
4924-LHZR,Female,0,Yes,No,1,Yes,Yes,DSL,Yes,Yes,Yes,Yes,No,No,Month-to-month,Yes,Mailed check,88.58,86.41,Yes
8212-HVXZ,Male,0,Yes,Yes,54,Yes,Yes,DSL,No,No,No,Yes,No,Yes,Month-to-month,Yes,Credit card (automatic),89.85,4856.58,No
7043-FPJD,Female,1,No,No,61,Yes,Yes,Fiber optic,No,No,No,Yes,Yes,Yes,Month-to-month,No,Credit card (automatic),118.75,7239.14,Yes
8064-AAAA,Female,1,No,No,61,Yes,No,DSL,No,No,Yes,No,No,No,Month-to-month,Yes,Credit card (automatic),65.47,3990.11,Yes
4150-YUME,Male,0,No,No,47,Yes,Yes,No,No internet service,No internet service,No internet service,No internet service,No internet service,No internet service,One year,Yes,Credit card (automatic),46.71,2202.36,No
4175-MKGC,Female,0,No,Yes,44,Yes,No,Fiber optic,No,Yes,No,Yes,No,Yes,Month-to-month,No,Electronic check,103.99,4579.96,No
4866-LHZR,Female,0,No,Yes,51,Yes,No,DSL,Yes,No,Yes,Yes,No,No,Month-to-month,Yes,Electronic check,79.07,4041.23,No
5488-EMCS,Male,0,Yes,No,21,Yes,Yes,Fiber optic,Yes,No,No,No,Yes,No,Month-to-month,Yes,Mailed check,118.75,2492.13,Yes
7240-CGOW,Male,0,No,Yes,56,Yes,No,Fiber optic,No,No,Yes,Yes,No,Yes,Two year,No,Electronic check,100.4,5621.92,No
6573-KESG,Male,0,Yes,No,44,Yes,Yes,Fiber optic,No,Yes,No,Yes,No,No,Two year,No,Credit card (automatic),102.05,4483.47,No
9302-CGOW,Male,1,Yes,No,20,Yes,No,DSL,No,Yes,No,No,No,Yes,Month-to-month,No,Mailed check,74.75,1499.36,No
4748-HVXZ,Male,1,Yes,Yes,46,Yes,Yes,No,No internet service,No internet service,No internet service,No internet service,No internet service,No internet service,Month-to-month,Yes,Bank transfer (automatic),44.5,2041.96,No
8141-OQUY,Male,1,No,Yes,13,Yes,Yes,No,No internet service,No internet service,No internet service,No internet service,No internet service,No internet service,One year,No,Mailed check,49.03,639.48,Yes
1972-VLRX,Female,0,No,Yes,9,Yes,Yes,DSL,No,Yes,Yes,No,No,No,Month-to-month,No,Credit card (automatic),77.8,698.53,Yes
4374-DJVH,Male,0,No,No,48,Yes,Yes,No,No internet service,No internet service,No internet service,No internet service,No internet service,No internet service,Month-to-month,Yes,Credit card (automatic),49.13,2356.88,No
5499-SCWQ,Female,1,Yes,Yes,43,Yes,Yes,DSL,No,No,No,No,Yes,Yes,Month-to-month,Yes,Electronic check,93.8,4035.36,Yes
2462-TFDB,Female,0,No,No,2,Yes,No,No,No internet service,No internet service,No internet service,No internet service,No internet service,No internet service,Month-to-month,Yes,Electronic check,39.7,80.62,Yes
5857-FPJD,Male,0,Yes,No,62,Yes,Yes,No,No internet service,No internet service,No internet service,No internet service,No internet service,No internet service,Month-to-month,No,Electronic check,46.57,2885.46,No
1987-TFDB,Male,0,Yes,No,30,Yes,No,DSL,No,No,No,Yes,No,Yes,Two year,No,Credit card (automatic),81.46,2449.11,No
5182-QWIU,Male,0,Yes,Yes,2,Yes,Yes,DSL,Yes,No,No,Yes,No,No,Month-to-month,Yes,Mailed check,90.29,183.46,Yes
1888-QWIU,Female,0,Yes,Yes,50,Yes,Yes,DSL,Yes,Yes,No,Yes,Yes,Yes,Month-to-month,No,Mailed check,114.86,5740.41,No
7228-KESG,Female,0,Yes,No,71,Yes,Yes,Fiber optic,Yes,No,Yes,Yes,No,No,Month-to-month,No,Credit card (automatic),110.28,7830.2,Yes
4504-XRFT,Male,0,No,No,40,No,No phone service,DSL,Yes,Yes,Yes,No,No,No,One year,Yes,Credit card (automatic),49.95,2011.58,No
4020-TFDB,Male,0,Yes,No,50,Yes,Yes,DSL,Yes,No,Yes,No,No,Yes,Two year,Yes,Bank transfer (automatic),99.81,4995.65,No
3148-EMCS,Female,1,No,No,0,No,No phone service,DSL,No,No,No,No,No,No,Two year,Yes,Bank transfer (automatic),43.28,0.0,No
8011-MKGC,Male,0,No,No,70,Yes,No,Fiber optic,Yes,No,No,No,No,No,Month-to-month,Yes,Electronic check,92.84,6486.55,Yes
2882-LHZR,Male,0,No,No,21,Yes,Yes,DSL,No,Yes,Yes,No,Yes,No,Two year,Yes,Electronic check,83.11,1744.17,Yes
3166-XRFT,Female,1,Yes,Yes,30,Yes,Yes,Fiber optic,No,No,No,Yes,Yes,No,Month-to-month,No,Credit card (automatic),112.68,3376.4,Yes
6596-SCWQ,Female,0,No,No,6,Yes,Yes,Fiber optic,Yes,No,No,No,No,No,Two year,No,Bank transfer (automatic),100.85,605.28,No
8715-UIKM,Female,0,No,No,37,Yes,No,No,No internet service,No internet service,No internet service,No internet service,No internet service,No internet service,Two year,Yes,Mailed check,39.14,1453.05,No
6731-ZXTP,Female,0,Yes,No,3,No,No phone service,DSL,No,Yes,Yes,No,Yes,Yes,Month-to-month,No,Mailed check,56.9,174.67,Yes
1572-MKGC,Female,0,No,No,17,Yes,No,Fiber optic,Yes,Yes,Yes,Yes,Yes,No,Month-to-month,No,Electronic check,107.95,1831.35,Yes
9945-IYEK,Female,0,Yes,No,64,Yes,No,DSL,No,No,No,Yes,Yes,Yes,One year,No,Bank transfer (automatic),87.04,5565.18,No
8973-OQUY,Female,0,No,No,60,Yes,No,No,No internet service,No internet service,No internet service,No internet service,No internet service,No internet service,One year,No,Mailed check,38.48,2311.51,No
1105-JBLV,Male,0,No,Yes,58,Yes,No,Fiber optic,No,No,Yes,No,No,No,Month-to-month,Yes,Mailed check,81.56,4722.49,Yes
7238-MKGC,Female,0,Yes,No,67,Yes,No,DSL,No,Yes,No,No,No,No,Month-to-month,Yes,Credit card (automatic),64.53,4325.56,No
9082-AAAA,Male,1,No,Yes,8,Yes,No,Fiber optic,Yes,No,No,No,Yes,No,One year,Yes,Credit card (automatic),99.35,793.53,Yes
4243-YUME,Male,0,No,No,28,Yes,Yes,No,No internet service,No internet service,No internet service,No internet service,No internet service,No internet service,Month-to-month,Yes,Bank transfer (automatic),51.5,1443.3,No
3597-LHZR,Male,0,Yes,No,21,Yes,No,Fiber optic,Yes,Yes,Yes,No,No,No,Month-to-month,Yes,Mailed check,94.43,1994.83,Yes
4228-IYEK,Male,0,No,Yes,45,Yes,Yes,DSL,No,No,No,No,No,No,One year,No,Mailed check,77.39,3482.33,Yes
3326-BDHL,Female,0,No,No,43,No,No phone service,Fiber optic,No,No,Yes,No,No,No,Month-to-month,No,Credit card (automatic),59.8,2563.51,Yes
3936-HVXZ,Male,0,No,No,7,Yes,Yes,DSL,No,No,No,No,No,Yes,Month-to-month,Yes,Credit card (automatic),89.85,626.3,Yes
9474-FPJD,Female,1,No,No,41,Yes,No,DSL,No,Yes,Yes,Yes,No,No,Month-to-month,No,Mailed check,73.59,3021.47,Yes
3624-QWIU,Female,0,Yes,No,54,Yes,No,Fiber optic,No,No,No,No,Yes,Yes,Month-to-month,No,Bank transfer (automatic),104.79,5658.33,Yes
3681-XRFT,Male,0,No,No,27,Yes,No,Fiber optic,Yes,No,No,No,No,No,Month-to-month,Yes,Mailed check,92.71,2496.22,Yes
7683-NNNN,Male,0,Yes,No,14,Yes,No,DSL,No,No,No,No,No,No,One year,No,Credit card (automatic),63.43,893.78,No
6051-MKGC,Female,0,Yes,No,9,Yes,Yes,DSL,Yes,Yes,No,No,Yes,No,One year,Yes,Mailed check,90.98,820.26,Yes
2630-OQUY,Female,0,No,Yes,17,No,No phone service,No,No internet service,No internet service,No internet service,No internet service,No internet service,No internet service,Month-to-month,No,Bank transfer (automatic),18.25,301.57,Yes
4173-LHZR,Male,0,Yes,No,26,Yes,Yes,DSL,No,Yes,No,Yes,No,Yes,Month-to-month,Yes,Bank transfer (automatic),94.0,2442.17,No
1423-AAAA,Female,0,No,No,68,Yes,No,Fiber optic,Yes,No,No,No,No,Yes,Month-to-month,Yes,Electronic check,100.7,6845.03,Yes
8754-BDHL,Female,1,No,Yes,55,Yes,Yes,DSL,No,No,No,Yes,Yes,Yes,One year,Yes,Mailed check,105.22,5781.19,No
9905-HVXZ,Female,1,Yes,No,60,No,No phone service,DSL,Yes,No,No,No,Yes,No,Month-to-month,No,Electronic check,62.66,3766.33,Yes
1953-HVXZ,Female,0,Yes,Yes,56,Yes,Yes,Fiber optic,Yes,No,Yes,No,Yes,No,One year,No,Credit card (automatic),115.0,6432.12,Yes
6634-EMCS,Male,0,Yes,No,71,Yes,No,No,No internet service,No internet service,No internet service,No internet service,No internet service,No internet service,One year,No,Credit card (automatic),40.84,2900.54,No
2940-JBLV,Male,0,No,No,24,Yes,Yes,DSL,Yes,Yes,No,Yes,Yes,No,Month-to-month,Yes,Electronic check,102.07,2439.26,Yes
6951-JBLV,Male,0,Yes,No,3,Yes,No,Fiber optic,No,No,No,No,No,No,Month-to-month,Yes,Credit card (automatic),85.37,257.8,Yes
6840-RZPF,Female,0,Yes,No,62,No,No phone service,DSL,No,No,No,No,No,Yes,Month-to-month,Yes,Electronic check,54.91,3406.14,Yes
8674-NNNN,Male,0,No,No,33,Yes,No,No,No internet service,No internet service,No internet service,No internet service,No internet service,No internet service,Month-to-month,Yes,Credit card (automatic),37.28,1223.63,Yes
4824-TFDB,Female,0,No,No,55,Yes,Yes,DSL,Yes,No,Yes,Yes,Yes,No,Month-to-month,Yes,Electronic check,102.51,5643.95,Yes
6994-OQUY,Female,0,Yes,No,62,No,No phone service,Fiber optic,No,Yes,No,Yes,No,No,Month-to-month,Yes,Electronic check,76.8,4761.76,No
6213-NNNN,Female,1,No,No,43,Yes,No,DSL,No,Yes,Yes,No,No,No,One year,Yes,Electronic check,64.28,2767.41,No
4232-OQUY,Female,0,No,Yes,70,Yes,Yes,Fiber optic,Yes,No,Yes,No,Yes,No,Month-to-month,Yes,Bank transfer (automatic),116.03,8124.1,Yes
5530-QWIU,Female,0,No,No,50,Yes,No,Fiber optic,Yes,No,No,No,Yes,Yes,Month-to-month,Yes,Credit card (automatic),118.75,5929.9,Yes
7828-PTBJ,Male,0,No,No,53,No,No phone service,Fiber optic,No,No,No,Yes,Yes,No,Two year,Yes,Electronic check,82.06,4347.08,No
2568-BDHL,Male,0,Yes,No,23,Yes,No,DSL,Yes,Yes,No,Yes,No,No,Month-to-month,No,Credit card (automatic),77.06,1778.79,Yes
5616-EMCS,Female,0,No,Yes,21,Yes,No,No,No internet service,No internet service,No internet service,No internet service,No internet service,No internet service,Month-to-month,No,Credit card (automatic),36.41,752.13,No
6951-FPJD,Female,0,Yes,Yes,27,Yes,No,DSL,No,No,No,Yes,No,No,Month-to-month,Yes,Credit card (automatic),74.65,2016.98,Yes
3164-WOYI,Male,1,Yes,No,12,Yes,Yes,No,No internet service,No internet service,No internet service,No internet service,No internet service,No internet service,Month-to-month,No,Electronic check,51.91,619.73,Yes
1089-GSQO,Male,0,No,No,49,Yes,No,Fiber optic,No,Yes,No,Yes,No,No,One year,No,Electronic check,94.12,4613.04,No
7033-BDHL,Female,1,Yes,No,66,No,No phone service,Fiber optic,No,No,Yes,Yes,No,Yes,Month-to-month,No,Electronic check,83.2,5487.33,Yes
3443-DJVH,Male,0,Yes,No,55,Yes,No,DSL,Yes,No,No,Yes,Yes,Yes,Two year,Yes,Electronic check,96.51,5311.37,No
6014-AAAA,Male,0,No,No,43,Yes,Yes,DSL,Yes,Yes,No,No,Yes,No,Month-to-month,No,Bank transfer (automatic),92.3,3965.27,No
9450-NNNN,Male,0,Yes,No,61,No,No phone service,Fiber optic,Yes,Yes,Yes,No,No,No,Two year,Yes,Mailed check,73.17,4469.42,No
2317-VLRX,Female,0,No,No,20,Yes,Yes,Fiber optic,No,No,No,Yes,No,No,One year,Yes,Electronic check,101.73,2042.47,Yes
9684-GSQO,Female,0,Yes,No,70,Yes,No,DSL,Yes,Yes,Yes,No,Yes,No,Month-to-month,No,Credit card (automatic),83.21,5813.46,Yes
9984-PTBJ,Female,0,Yes,No,16,No,No phone service,Fiber optic,Yes,No,Yes,No,No,No,One year,No,Bank transfer (automatic),74.09,1182.9,No
1851-QWIU,Female,1,Yes,No,56,Yes,No,DSL,No,No,Yes,No,No,No,Month-to-month,Yes,Mailed check,63.91,3584.94,No
7795-HVXZ,Male,0,No,No,38,Yes,No,Fiber optic,No,Yes,No,No,No,No,One year,Yes,Electronic check,83.2,3162.74,No
4787-CGOW,Male,0,No,Yes,27,Yes,No,No,No internet service,No internet service,No internet service,No internet service,No internet service,No internet service,One year,Yes,Credit card (automatic),43.1,1170.05,Yes
2695-SCWQ,Male,0,Yes,No,13,Yes,Yes,Fiber optic,No,Yes,No,No,No,Yes,One year,No,Electronic check,103.69,1346.05,Yes
2619-KESG,Female,0,No,No,62,Yes,Yes,DSL,Yes,Yes,No,Yes,Yes,No,Month-to-month,No,Bank transfer (automatic),103.74,6436.01,Yes
6360-TFDB,Female,0,No,No,5,Yes,No,Fiber optic,Yes,No,Yes,No,No,Yes,Month-to-month,Yes,Credit card (automatic),104.4,515.29,Yes
4504-NNNN,Male,0,No,Yes,29,Yes,Yes,Fiber optic,No,Yes,No,Yes,Yes,Yes,One year,No,Electronic check,118.75,3442.47,Yes
5873-AAAA,Female,1,No,No,51,Yes,Yes,DSL,No,Yes,No,No,No,Yes,Month-to-month,No,Mailed check,85.7,4378.49,Yes
4199-PTBJ,Female,0,Yes,No,35,Yes,No,Fiber optic,Yes,Yes,No,No,No,No,One year,Yes,Credit card (automatic),96.82,3388.45,Yes
1277-RZPF,Female,0,Yes,No,51,Yes,No,Fiber optic,Yes,Yes,Yes,No,Yes,Yes,Two year,Yes,Credit card (automatic),110.66,5634.37,No
6879-UIKM,Male,0,Yes,No,64,Yes,No,Fiber optic,Yes,No,Yes,Yes,No,No,One year,Yes,Mailed check,100.76,6444.9,Yes
2316-OQUY,Male,0,Yes,Yes,40,Yes,Yes,Fiber optic,No,Yes,No,No,No,No,Two year,No,Bank transfer (automatic),94.19,3769.15,Yes
5206-QWIU,Male,0,Yes,No,38,Yes,No,No,No internet service,No internet service,No internet service,No internet service,No internet service,No internet service,Month-to-month,No,Electronic check,38.17,1458.14,No
8977-ZXTP,Female,0,No,Yes,42,Yes,Yes,No,No internet service,No internet service,No internet service,No internet service,No internet service,No internet service,One year,Yes,Credit card (automatic),51.9,2181.87,No
4197-ZXTP,Female,0,Yes,No,16,Yes,Yes,Fiber optic,No,No,No,Yes,Yes,No,Month-to-month,Yes,Mailed check,111.56,1783.37,No
2447-DJVH,Female,0,No,No,29,No,No phone service,Fiber optic,No,No,No,Yes,No,No,Month-to-month,No,Electronic check,75.7,2200.41,No
9381-VLRX,Female,0,No,No,28,Yes,Yes,Fiber optic,No,Yes,Yes,Yes,No,Yes,Month-to-month,Yes,Electronic check,112.3,3142.07,Yes
6255-XRFT,Female,0,No,No,18,Yes,Yes,DSL,No,No,No,Yes,No,No,Two year,Yes,Electronic check,83.05,1489.0,No
9352-IYEK,Female,1,Yes,No,55,No,No phone service,Fiber optic,No,Yes,Yes,Yes,No,Yes,One year,Yes,Credit card (automatic),82.58,4545.65,Yes
2342-MKGC,Male,1,Yes,No,51,No,No phone service,DSL,No,Yes,No,Yes,No,Yes,Month-to-month,No,Electronic check,64.85,3306.51,Yes
2333-SCWQ,Male,0,Yes,No,58,Yes,No,Fiber optic,No,No,No,No,Yes,No,Month-to-month,Yes,Bank transfer (automatic),95.15,5510.32,No
9213-ZXTP,Male,0,No,No,35,Yes,No,Fiber optic,Yes,Yes,No,Yes,Yes,No,Month-to-month,Yes,Credit card (automatic),117.91,4127.76,Yes
4558-TFDB,Male,0,Yes,No,49,Yes,Yes,Fiber optic,Yes,No,No,Yes,Yes,Yes,Month-to-month,Yes,Electronic check,118.75,5813.53,Yes
6505-EMCS,Male,1,No,Yes,46,Yes,Yes,No,No internet service,No internet service,No internet service,No internet service,No internet service,No internet service,Month-to-month,No,Electronic check,50.57,2328.62,No
7763-EMCS,Female,0,No,No,34,Yes,Yes,Fiber optic,No,Yes,No,Yes,No,No,One year,Yes,Mailed check,104.14,3547.86,No
2167-QWIU,Female,0,No,No,0,Yes,Yes,Fiber optic,No,No,No,Yes,No,No,Two year,No,Mailed check,103.41,0.0,No
4057-AAAA,Male,0,No,No,31,Yes,No,No,No internet service,No internet service,No internet service,No internet service,No internet service,No internet service,Two year,Yes,Mailed check,41.75,1298.42,No
3143-JBLV,Male,0,No,No,62,Yes,Yes,Fiber optic,No,Yes,No,Yes,No,No,Two year,Yes,Electronic check,104.38,6467.85,No
9938-JBLV,Female,0,Yes,No,69,Yes,No,No,No internet service,No internet service,No internet service,No internet service,No internet service,No internet service,Two year,No,Bank transfer (automatic),41.08,2835.33,No
7090-MKGC,Male,0,Yes,Yes,20,Yes,Yes,Fiber optic,No,Yes,No,No,Yes,No,Month-to-month,Yes,Credit card (automatic),99.5,1986.51,Yes
4983-YUME,Female,0,No,No,5,Yes,No,DSL,No,Yes,Yes,No,Yes,Yes,Month-to-month,No,Electronic check,81.69,408.73,Yes
2679-UIKM,Female,1,Yes,No,62,Yes,Yes,Fiber optic,No,No,Yes,Yes,Yes,No,One year,No,Bank transfer (automatic),109.98,6825.79,No
8329-XRFT,Male,0,No,No,67,Yes,Yes,Fiber optic,Yes,No,No,No,Yes,No,Two year,Yes,Mailed check,112.12,7510.94,Yes
9931-XRFT,Male,0,No,Yes,7,No,No phone service,DSL,No,Yes,No,Yes,No,Yes,One year,No,Credit card (automatic),62.09,432.74,Yes
8697-HVXZ,Male,0,No,No,23,Yes,No,Fiber optic,Yes,No,No,No,No,No,Month-to-month,Yes,Credit card (automatic),90.72,2076.92,Yes
4874-RZPF,Male,1,No,No,32,Yes,No,No,No internet service,No internet service,No internet service,No internet service,No internet service,No internet service,Month-to-month,Yes,Bank transfer (automatic),42.28,1352.06,Yes
4766-WOYI,Female,0,No,No,57,Yes,Yes,Fiber optic,No,No,Yes,No,Yes,No,Two year,No,Electronic check,103.54,5903.8,Yes
2865-CGOW,Male,0,Yes,No,11,Yes,No,No,No internet service,No internet service,No internet service,No internet service,No internet service,No internet service,Two year,No,Electronic check,39.78,430.46,No
7949-MKGC,Male,0,No,Yes,45,Yes,No,Fiber optic,Yes,Yes,No,No,Yes,No,Month-to-month,Yes,Bank transfer (automatic),102.68,4625.17,Yes
5655-ZXTP,Male,0,No,No,27,Yes,No,No,No internet service,No internet service,No internet service,No internet service,No internet service,No internet service,Month-to-month,Yes,Mailed check,44.33,1190.87,Yes
3841-XRFT,Female,0,Yes,No,21,Yes,No,Fiber optic,No,No,No,No,No,No,Month-to-month,No,Electronic check,89.17,1877.34,Yes
6233-XRFT,Female,0,No,No,53,Yes,Yes,DSL,No,No,No,Yes,No,No,Two year,Yes,Bank transfer (automatic),78.99,4191.49,No
4191-MKGC,Male,0,Yes,No,64,Yes,Yes,DSL,No,No,Yes,Yes,Yes,No,Month-to-month,Yes,Credit card (automatic),92.02,5881.06,No
7628-LHZR,Female,1,No,Yes,38,Yes,No,Fiber optic,No,Yes,No,Yes,Yes,Yes,Two year,Yes,Electronic check,112.69,4273.01,No
2013-HVXZ,Male,0,No,Yes,71,Yes,No,Fiber optic,Yes,No,No,No,No,No,Two year,Yes,Electronic check,94.2,6688.12,No
7305-PTBJ,Male,0,No,No,67,Yes,Yes,Fiber optic,No,No,Yes,No,Yes,No,Month-to-month,Yes,Electronic check,103.3,6926.27,Yes
3679-OQUY,Male,0,Yes,No,32,Yes,No,No,No internet service,No internet service,No internet service,No internet service,No internet service,No internet service,Month-to-month,No,Mailed check,43.52,1394.95,Yes
9414-YUME,Male,1,No,No,10,Yes,Yes,Fiber optic,Yes,Yes,No,Yes,No,No,Month-to-month,No,Mailed check,113.47,1138.95,Yes
7864-MKGC,Female,0,Yes,No,67,Yes,Yes,DSL,No,Yes,No,No,Yes,No,Month-to-month,No,Mailed check,85.08,5706.38,Yes
7681-NNNN,Female,0,No,No,6,Yes,No,DSL,Yes,No,No,Yes,No,No,Two year,No,Credit card (automatic),84.05,500.02,Yes
8547-HVXZ,Male,0,Yes,Yes,3,Yes,Yes,DSL,Yes,Yes,Yes,No,Yes,No,Month-to-month,Yes,Electronic check,93.21,274.19,Yes
7855-GSQO,Male,0,No,No,46,Yes,No,DSL,No,No,Yes,Yes,Yes,No,Month-to-month,Yes,Electronic check,83.39,3842.19,No
2481-GSQO,Male,0,No,No,43,Yes,Yes,Fiber optic,No,Yes,Yes,Yes,Yes,No,Month-to-month,Yes,Electronic check,112.42,4832.28,No
7047-WOYI,Male,0,No,No,16,Yes,No,No,No internet service,No internet service,No internet service,No internet service,No internet service,No internet service,One year,No,Credit card (automatic),38.52,618.89,No
2179-FPJD,Female,0,Yes,Yes,68,Yes,No,Fiber optic,Yes,No,No,No,Yes,No,Month-to-month,Yes,Credit card (automatic),104.27,7093.67,No
9244-PTBJ,Female,0,Yes,Yes,47,Yes,Yes,No,No internet service,No internet service,No internet service,No internet service,No internet service,No internet service,Month-to-month,No,Mailed check,52.25,2460.51,Yes
9859-NNNN,Male,0,Yes,No,64,Yes,No,DSL,No,Yes,Yes,No,No,No,One year,Yes,Credit card (automatic),68.24,4372.7,No
3795-ZXTP,Male,0,No,No,21,Yes,No,No,No internet service,No internet service,No internet service,No internet service,No internet service,No internet service,Two year,Yes,Credit card (automatic),37.78,784.0,No
5225-EMCS,Female,1,No,No,66,No,No phone service,DSL,No,Yes,No,No,No,Yes,Month-to-month,Yes,Bank transfer (automatic),53.88,3555.92,No
7963-TFDB,Female,0,No,Yes,41,Yes,No,Fiber optic,Yes,No,No,Yes,No,No,Month-to-month,Yes,Mailed check,100.49,4121.49,No
7457-YUME,Female,0,Yes,No,11,Yes,No,Fiber optic,Yes,Yes,Yes,Yes,No,No,Two year,Yes,Electronic check,108.23,1193.73,Yes
3384-UIKM,Female,0,Yes,No,11,Yes,No,DSL,Yes,No,Yes,No,Yes,Yes,Two year,Yes,Credit card (automatic),93.35,1034.43,Yes
7924-NNNN,Male,0,Yes,Yes,17,Yes,No,DSL,No,Yes,No,No,Yes,Yes,One year,Yes,Electronic check,86.92,1476.31,Yes
3558-WOYI,Male,1,Yes,Yes,13,Yes,Yes,No,No internet service,No internet service,No internet service,No internet service,No internet service,No internet service,One year,Yes,Bank transfer (automatic),51.6,668.31,Yes
8206-ZXTP,Female,0,No,No,52,Yes,No,Fiber optic,Yes,No,No,No,Yes,No,One year,Yes,Bank transfer (automatic),103.44,5378.99,No
4862-IYEK,Male,0,No,Yes,37,No,No phone service,Fiber optic,Yes,Yes,No,Yes,No,No,One year,No,Electronic check,82.2,3044.87,No
3437-JBLV,Female,0,No,Yes,41,Yes,Yes,No,No internet service,No internet service,No internet service,No internet service,No internet service,No internet service,Month-to-month,No,Electronic check,48.41,1985.19,No
6603-CGOW,Male,1,Yes,No,56,Yes,Yes,DSL,No,No,Yes,No,Yes,Yes,Month-to-month,No,Bank transfer (automatic),94.62,5298.78,Yes
2012-BDHL,Male,0,No,No,26,Yes,No,No,No internet service,No internet service,No internet service,No internet service,No internet service,No internet service,Month-to-month,Yes,Mailed check,43.15,1124.79,Yes
2283-YUME,Male,0,No,No,71,Yes,Yes,Fiber optic,No,Yes,Yes,No,Yes,No,Two year,Yes,Credit card (automatic),105.12,7468.4,No
1364-AAAA,Female,0,No,No,41,Yes,No,DSL,No,No,No,No,No,Yes,One year,No,Electronic check,76.38,3134.93,No
4672-LHZR,Female,0,Yes,No,57,Yes,Yes,Fiber optic,No,No,No,No,No,No,Month-to-month,No,Mailed check,91.64,5220.36,Yes
3565-ZXTP,Male,0,No,Yes,36,Yes,No,DSL,No,No,Yes,No,Yes,Yes,Month-to-month,Yes,Bank transfer (automatic),87.06,3136.1,No
5550-SCWQ,Male,0,No,No,59,Yes,Yes,Fiber optic,No,Yes,No,Yes,No,No,Month-to-month,Yes,Mailed check,105.91,6243.28,Yes
2553-OQUY,Female,0,Yes,Yes,25,No,No phone service,DSL,No,No,No,No,Yes,Yes,Month-to-month,Yes,Mailed check,68.43,1710.71,Yes
7441-ZXTP,Male,1,No,Yes,58,No,No phone service,Fiber optic,Yes,Yes,Yes,Yes,Yes,No,Month-to-month,No,Bank transfer (automatic),89.24,5179.68,Yes
9758-AAAA,Male,1,No,Yes,21,Yes,No,Fiber optic,No,No,Yes,No,No,Yes,Two year,Yes,Electronic check,96.33,2031.86,Yes
1058-JBLV,Male,0,Yes,No,52,Yes,Yes,DSL,No,Yes,No,Yes,No,Yes,Two year,Yes,Mailed check,95.8,4976.98,No
3125-ZXTP,Male,1,No,No,27,Yes,Yes,DSL,No,No,No,No,Yes,No,Two year,Yes,Mailed check,88.6,2390.58,Yes
7514-CGOW,Male,0,Yes,No,56,Yes,No,No,No internet service,No internet service,No internet service,No internet service,No internet service,No internet service,One year,Yes,Bank transfer (automatic),41.96,2340.48,No
6498-BDHL,Male,0,No,Yes,21,Yes,No,Fiber optic,No,Yes,No,Yes,No,No,One year,No,Mailed check,95.79,2011.6,No
1178-RZPF,Male,0,No,Yes,30,Yes,Yes,DSL,No,Yes,Yes,No,No,Yes,Month-to-month,Yes,Electronic check,82.2,2462.47,Yes
1663-GSQO,Female,0,Yes,Yes,23,Yes,Yes,DSL,Yes,No,Yes,No,No,No,Two year,No,Electronic check,86.38,1993.56,No
4569-WOYI,Male,1,No,No,18,Yes,No,Fiber optic,Yes,No,No,No,No,No,Month-to-month,No,Electronic check,93.51,1687.6,Yes
2269-CGOW,Male,0,No,No,39,Yes,No,Fiber optic,Yes,No,Yes,No,No,Yes,Month-to-month,Yes,Electronic check,105.49,4111.65,Yes
5821-PTBJ,Male,0,Yes,No,22,Yes,No,Fiber optic,No,No,No,No,No,No,Month-to-month,Yes,Mailed check,84.96,1867.77,Yes
4361-RZPF,Female,0,No,No,57,Yes,No,Fiber optic,Yes,No,No,No,Yes,No,Two year,Yes,Mailed check,103.4,5889.47,No
4306-QWIU,Male,0,No,No,58,Yes,No,Fiber optic,Yes,Yes,Yes,Yes,No,No,Two year,No,Mailed check,103.64,6007.0,No
8939-UIKM,Male,0,Yes,No,47,Yes,No,Fiber optic,No,No,Yes,No,Yes,No,Month-to-month,No,Bank transfer (automatic),96.1,4517.66,Yes
7416-CGOW,Female,0,Yes,No,11,Yes,No,DSL,No,No,No,Yes,No,Yes,Month-to-month,No,Credit card (automatic),91.8,1007.19,Yes
9434-BDHL,Male,0,No,No,66,Yes,No,Fiber optic,No,Yes,No,Yes,Yes,No,Month-to-month,No,Bank transfer (automatic),105.96,7000.62,Yes
5159-KESG,Female,0,No,Yes,19,Yes,No,DSL,Yes,Yes,Yes,Yes,No,No,One year,No,Electronic check,80.99,1538.28,No
6694-LHZR,Male,1,No,No,25,Yes,Yes,Fiber optic,Yes,Yes,Yes,No,Yes,No,One year,Yes,Mailed check,113.53,2838.14,Yes
7506-ZXTP,Male,1,No,Yes,30,Yes,No,DSL,No,No,Yes,No,No,No,Month-to-month,Yes,Bank transfer (automatic),63.63,1907.11,No
9026-PTBJ,Male,0,No,No,34,Yes,No,Fiber optic,No,No,No,No,No,No,Month-to-month,Yes,Electronic check,82.15,2800.62,Yes
4854-WOYI,Female,1,Yes,No,66,Yes,No,No,No internet service,No internet service,No internet service,No internet service,No internet service,No internet service,One year,No,Bank transfer (automatic),39.34,2595.86,No
3364-CGOW,Male,0,No,Yes,37,No,No phone service,No,No internet service,No internet service,No internet service,No internet service,No internet service,No internet service,Month-to-month,Yes,Electronic check,20.91,774.8,Yes
4392-ZXTP,Male,0,No,No,56,Yes,No,No,No internet service,No internet service,No internet service,No internet service,No internet service,No internet service,Month-to-month,Yes,Mailed check,39.71,2221.63,No
2856-LHZR,Female,0,No,No,9,Yes,Yes,No,No internet service,No internet service,No internet service,No internet service,No internet service,No internet service,One year,No,Credit card (automatic),48.55,438.28,Yes
4129-GSQO,Female,0,No,No,57,Yes,Yes,Fiber optic,No,No,Yes,No,Yes,Yes,Two year,Yes,Credit card (automatic),113.36,6468.34,No
8493-ZXTP,Female,0,Yes,No,33,No,No phone service,Fiber optic,No,Yes,No,No,No,No,Two year,No,Electronic check,63.6,2097.07,No
6583-OQUY,Male,1,Yes,No,25,Yes,Yes,Fiber optic,Yes,No,No,Yes,No,Yes,Month-to-month,No,Mailed check,118.75,2965.68,Yes
4389-NNNN,Female,0,Yes,No,72,Yes,No,Fiber optic,Yes,Yes,Yes,Yes,No,Yes,Month-to-month,Yes,Bank transfer (automatic),107.37,7729.91,No
8815-ZXTP,Female,1,Yes,Yes,20,No,No phone service,DSL,No,Yes,Yes,No,No,Yes,Month-to-month,Yes,Electronic check,53.78,1078.51,Yes
6534-EMCS,Male,0,No,No,10,Yes,No,DSL,No,No,No,Yes,No,Yes,Month-to-month,No,Mailed check,77.5,773.16,Yes
9532-SCWQ,Female,0,No,Yes,28,Yes,Yes,Fiber optic,Yes,No,Yes,No,Yes,No,Month-to-month,No,Electronic check,114.69,3216.08,Yes
7811-XRFT,Female,1,No,No,46,Yes,No,DSL,No,Yes,No,No,No,No,Month-to-month,Yes,Electronic check,71.71,3296.89,No
1229-UIKM,Female,1,Yes,No,43,Yes,Yes,Fiber optic,No,No,No,No,No,No,Two year,Yes,Electronic check,91.79,3937.87,No
7419-WOYI,Male,0,No,No,21,Yes,Yes,Fiber optic,Yes,Yes,Yes,No,No,Yes,One year,No,Bank transfer (automatic),114.03,2384.9,No
6966-KESG,Female,0,Yes,Yes,17,Yes,No,DSL,Yes,Yes,No,No,No,Yes,Month-to-month,No,Bank transfer (automatic),84.45,1435.69,Yes
2946-DJVH,Male,0,No,No,35,Yes,Yes,No,No internet service,No internet service,No internet service,No internet service,No internet service,No internet service,Month-to-month,Yes,Bank transfer (automatic),50.73,1774.73,Yes
2757-SCWQ,Male,0,Yes,Yes,52,Yes,No,Fiber optic,No,Yes,No,No,No,No,Month-to-month,No,Bank transfer (automatic),82.02,4263.17,No
3854-CGOW,Male,0,No,Yes,32,Yes,No,No,No internet service,No internet service,No internet service,No internet service,No internet service,No internet service,One year,Yes,Electronic check,39.69,1260.12,Yes
3911-QWIU,Female,0,No,No,60,Yes,Yes,Fiber optic,No,No,Yes,No,No,No,Month-to-month,Yes,Electronic check,96.2,5776.52,Yes
7617-VLRX,Male,0,Yes,No,10,Yes,Yes,DSL,Yes,Yes,No,No,Yes,Yes,Two year,Yes,Credit card (automatic),101.22,1017.23,No
6760-NNNN,Female,0,No,No,63,Yes,Yes,DSL,Yes,Yes,No,No,No,No,Two year,Yes,Bank transfer (automatic),82.95,5221.0,No
5507-IYEK,Male,1,Yes,Yes,18,Yes,Yes,DSL,Yes,No,Yes,No,No,No,Month-to-month,Yes,Credit card (automatic),79.7,1436.16,Yes
5200-UIKM,Female,0,No,No,62,Yes,Yes,DSL,Yes,No,No,Yes,No,Yes,Two year,Yes,Bank transfer (automatic),100.71,6247.04,No
7309-YUME,Male,1,No,No,70,Yes,No,Fiber optic,No,No,No,No,No,No,One year,Yes,Electronic check,83.36,5840.09,No
5545-QWIU,Female,1,Yes,No,35,Yes,No,No,No internet service,No internet service,No internet service,No internet service,No internet service,No internet service,Month-to-month,Yes,Bank transfer (automatic),41.33,1442.65,Yes
9006-BDHL,Male,1,No,Yes,38,Yes,No,DSL,No,Yes,No,Yes,Yes,Yes,Two year,Yes,Credit card (automatic),96.63,3671.85,No
4054-EMCS,Male,0,No,No,16,Yes,No,No,No internet service,No internet service,No internet service,No internet service,No internet service,No internet service,Month-to-month,No,Electronic check,36.57,576.52,Yes
1882-MKGC,Male,0,Yes,No,70,Yes,No,DSL,No,Yes,Yes,No,Yes,Yes,Month-to-month,No,Credit card (automatic),77.14,5401.47,Yes
2645-VLRX,Female,1,Yes,Yes,31,No,No phone service,DSL,No,No,No,No,No,No,Month-to-month,Yes,Credit card (automatic),43.52,1350.06,Yes
2218-IYEK,Female,0,Yes,Yes,68,Yes,No,No,No internet service,No internet service,No internet service,No internet service,No internet service,No internet service,Month-to-month,Yes,Bank transfer (automatic),40.53,2765.58,No
7135-JBLV,Male,0,Yes,No,23,Yes,Yes,Fiber optic,No,No,Yes,Yes,No,Yes,Two year,Yes,Credit card (automatic),113.07,2608.47,No
8693-FPJD,Male,0,Yes,Yes,22,Yes,No,Fiber optic,Yes,No,No,Yes,No,Yes,Month-to-month,Yes,Mailed check,111.5,2453.57,Yes
6630-NNNN,Male,0,No,No,26,Yes,No,Fiber optic,No,No,No,Yes,No,Yes,Month-to-month,No,Mailed check,102.42,2657.49,Yes
3623-KESG,Female,0,No,No,11,No,No phone service,DSL,No,No,No,Yes,Yes,Yes,One year,Yes,Electronic check,75.19,827.25,Yes
5651-IYEK,Male,0,Yes,No,29,Yes,No,No,No internet service,No internet service,No internet service,No internet service,No internet service,No internet service,Month-to-month,No,Bank transfer (automatic),40.65,1167.17,Yes
4554-TFDB,Male,0,Yes,No,58,Yes,Yes,No,No internet service,No internet service,No internet service,No internet service,No internet service,No internet service,Month-to-month,No,Mailed check,49.07,2850.0,No
2447-AAAA,Female,0,Yes,No,37,Yes,Yes,Fiber optic,No,Yes,Yes,Yes,No,No,One year,Yes,Credit card (automatic),105.2,3893.09,No
9571-VLRX,Female,0,Yes,Yes,68,Yes,No,Fiber optic,Yes,No,No,Yes,Yes,Yes,Month-to-month,No,Electronic check,118.75,8074.59,Yes
3672-KESG,Male,0,No,No,62,Yes,No,Fiber optic,No,No,No,No,Yes,Yes,Month-to-month,No,Credit card (automatic),101.04,6265.43,Yes
6424-PTBJ,Male,0,Yes,No,9,Yes,Yes,Fiber optic,No,Yes,No,Yes,No,No,Month-to-month,Yes,Electronic check,106.13,952.09,Yes
8910-LHZR,Female,0,No,No,29,Yes,Yes,Fiber optic,Yes,No,No,Yes,No,Yes,Month-to-month,Yes,Bank transfer (automatic),118.75,3436.41,No
2473-XRFT,Male,1,Yes,Yes,55,No,No phone service,DSL,No,Yes,Yes,Yes,No,No,Month-to-month,Yes,Electronic check,54.35,2991.27,No
7318-SCWQ,Female,0,Yes,No,54,Yes,No,Fiber optic,No,Yes,Yes,No,Yes,Yes,One year,No,Credit card (automatic),107.93,5827.07,No
4741-XRFT,Male,0,Yes,No,44,Yes,Yes,Fiber optic,No,No,Yes,No,Yes,Yes,Month-to-month,Yes,Electronic check,114.14,5019.07,Yes
7704-PTBJ,Female,0,No,No,1,No,No phone service,Fiber optic,No,No,Yes,Yes,No,Yes,Month-to-month,No,Electronic check,84.25,74.21,Yes
6423-RZPF,Female,0,Yes,Yes,41,Yes,No,DSL,Yes,No,No,Yes,Yes,Yes,Month-to-month,Yes,Bank transfer (automatic),99.92,4092.19,No
7622-LHZR,Male,1,No,Yes,71,Yes,No,No,No internet service,No internet service,No internet service,No internet service,No internet service,No internet service,One year,Yes,Credit card (automatic),36.57,2593.02,No
8833-VLRX,Male,1,Yes,No,68,No,No phone service,DSL,No,No,Yes,Yes,Yes,No,Month-to-month,Yes,Credit card (automatic),62.81,4261.37,No
3180-RZPF,Male,0,Yes,Yes,61,Yes,Yes,Fiber optic,Yes,Yes,No,No,No,No,Month-to-month,No,Mailed check,98.51,6004.99,Yes
7420-XRFT,Male,0,No,No,30,No,No phone service,DSL,No,No,No,No,No,No,Month-to-month,Yes,Credit card (automatic),42.7,1275.52,Yes
4811-AAAA,Male,0,No,Yes,26,Yes,No,DSL,No,No,No,Yes,No,Yes,Month-to-month,Yes,Electronic check,87.91,2284.3,Yes
1807-UIKM,Female,0,Yes,Yes,34,Yes,No,DSL,Yes,No,No,Yes,Yes,No,One year,No,Credit card (automatic),90.48,3079.07,Yes
1629-CGOW,Male,0,No,No,46,Yes,No,Fiber optic,Yes,Yes,Yes,Yes,Yes,No,Two year,Yes,Bank transfer (automatic),115.81,5329.37,No
2531-KESG,Male,0,Yes,No,63,Yes,No,DSL,No,Yes,No,No,No,Yes,Month-to-month,Yes,Credit card (automatic),74.49,4698.73,No
6540-TFDB,Male,0,No,Yes,38,Yes,Yes,No,No internet service,No internet service,No internet service,No internet service,No internet service,No internet service,Month-to-month,Yes,Bank transfer (automatic),51.04,1936.59,Yes
5311-ZXTP,Male,0,Yes,No,0,Yes,Yes,Fiber optic,No,No,No,No,No,Yes,Two year,No,Mailed check,105.27,0.0,Yes
7349-FPJD,Female,0,No,No,25,Yes,No,DSL,No,No,No,No,No,Yes,Month-to-month,Yes,Bank transfer (automatic),74.73,1865.77,Yes
6355-BDHL,Female,0,No,No,66,Yes,No,Fiber optic,Yes,Yes,No,No,No,No,Two year,Yes,Credit card (automatic),93.9,6194.05,No
4699-KESG,Female,0,No,No,32,Yes,Yes,No,No internet service,No internet service,No internet service,No internet service,No internet service,No internet service,Month-to-month,Yes,Mailed check,48.28,1546.95,Yes
1622-TFDB,Male,0,No,No,12,No,No phone service,DSL,No,No,No,Yes,No,Yes,Month-to-month,Yes,Mailed check,65.88,791.27,No
2174-FPJD,Male,0,No,No,10,Yes,No,DSL,No,No,Yes,No,No,Yes,Two year,Yes,Bank transfer (automatic),79.96,798.15,Yes
9194-XRFT,Male,0,No,No,51,No,No phone service,DSL,Yes,No,No,No,No,Yes,Month-to-month,No,Electronic check,57.26,2923.31,Yes
7992-GSQO,Male,0,Yes,No,18,Yes,No,Fiber optic,Yes,No,No,No,No,No,Month-to-month,No,Electronic check,94.3,1702.72,Yes
3421-QWIU,Male,0,Yes,Yes,35,Yes,No,DSL,No,No,No,Yes,Yes,No,Two year,Yes,Mailed check,84.8,2962.77,No
2401-YUME,Female,0,No,Yes,43,No,No phone service,Fiber optic,No,No,Yes,Yes,No,Yes,Month-to-month,No,Bank transfer (automatic),83.82,3604.92,No
7437-NNNN,Male,0,Yes,No,25,Yes,Yes,DSL,Yes,No,No,Yes,No,Yes,Two year,Yes,Bank transfer (automatic),100.39,2509.97,No
9393-GSQO,Female,0,Yes,Yes,31,No,No phone service,Fiber optic,Yes,Yes,Yes,No,No,No,Month-to-month,Yes,Credit card (automatic),68.82,2131.39,Yes
5567-SCWQ,Male,0,No,No,50,Yes,No,Fiber optic,Yes,Yes,Yes,Yes,No,No,One year,Yes,Electronic check,104.06,5203.27,Yes
8961-SCWQ,Female,0,No,No,8,No,No phone service,DSL,Yes,No,Yes,Yes,No,No,Month-to-month,Yes,Credit card (automatic),57.47,461.91,No
1212-EMCS,Female,0,Yes,Yes,68,No,No phone service,DSL,Yes,No,No,Yes,No,Yes,One year,No,Mailed check,73.49,5002.23,No
6622-WOYI,Male,1,No,Yes,21,No,No phone service,No,No internet service,No internet service,No internet service,No internet service,No internet service,No internet service,One year,Yes,Bank transfer (automatic),18.9,394.17,No
5713-TFDB,Female,0,Yes,Yes,44,No,No phone service,No,No internet service,No internet service,No internet service,No internet service,No internet service,No internet service,Month-to-month,Yes,Mailed check,19.85,874.7,No
2016-KESG,Female,1,No,No,11,Yes,No,Fiber optic,No,No,No,Yes,No,No,One year,Yes,Credit card (automatic),95.68,1052.19,No
9345-AAAA,Female,0,No,Yes,28,Yes,No,No,No internet service,No internet service,No internet service,No internet service,No internet service,No internet service,Two year,Yes,Electronic check,34.81,978.09,No
3989-XRFT,Male,0,No,No,21,No,No phone service,Fiber optic,Yes,Yes,No,No,No,No,Month-to-month,Yes,Credit card (automatic),71.76,1514.14,Yes
2647-KESG,Female,0,No,No,67,No,No phone service,Fiber optic,Yes,No,Yes,Yes,No,No,Two year,Yes,Bank transfer (automatic),83.15,5574.38,No
4267-VLRX,Female,0,No,No,26,Yes,Yes,No,No internet service,No internet service,No internet service,No internet service,No internet service,No internet service,Month-to-month,No,Electronic check,46.51,1213.64,Yes
4754-JBLV,Male,0,No,No,39,Yes,Yes,DSL,No,Yes,No,Yes,Yes,Yes,Month-to-month,Yes,Electronic check,99.66,3892.7,No
2582-PTBJ,Male,0,No,No,44,No,No phone service,Fiber optic,No,No,Yes,No,No,Yes,One year,No,Bank transfer (automatic),72.71,3199.07,No
1517-OQUY,Male,0,No,No,66,No,No phone service,DSL,Yes,Yes,Yes,No,No,No,Month-to-month,Yes,Electronic check,58.0,3828.26,Yes
7297-YUME,Male,0,No,Yes,35,Yes,Yes,Fiber optic,Yes,No,No,No,No,Yes,Month-to-month,No,Credit card (automatic),111.87,3916.97,Yes
6634-IYEK,Female,0,Yes,No,28,Yes,No,Fiber optic,No,No,No,Yes,Yes,Yes,Month-to-month,Yes,Electronic check,114.57,3210.04,No
3705-WOYI,Male,0,Yes,No,37,Yes,No,Fiber optic,No,No,Yes,No,No,Yes,One year,No,Bank transfer (automatic),91.46,3382.17,Yes
4407-NNNN,Male,0,Yes,No,32,Yes,No,No,No internet service,No internet service,No internet service,No internet service,No internet service,No internet service,One year,No,Credit card (automatic),39.03,1255.09,No
5435-YUME,Male,0,No,Yes,66,Yes,Yes,Fiber optic,Yes,Yes,No,Yes,No,No,Two year,Yes,Credit card (automatic),110.7,7304.08,No
9234-FPJD,Female,0,Yes,No,21,Yes,No,DSL,Yes,No,No,No,Yes,No,One year,No,Credit card (automatic),83.99,1759.73,No
9290-QWIU,Male,0,No,Yes,72,Yes,Yes,No,No internet service,No internet service,No internet service,No internet service,No internet service,No internet service,Month-to-month,No,Credit card (automatic),47.64,3430.97,Yes
7868-LHZR,Female,0,No,No,71,Yes,No,No,No internet service,No internet service,No internet service,No internet service,No internet service,No internet service,Two year,Yes,Bank transfer (automatic),41.84,2969.36,Yes
3958-ZXTP,Female,1,No,No,51,Yes,No,DSL,Yes,No,No,No,No,No,Month-to-month,No,Bank transfer (automatic),74.67,3816.92,Yes
9448-MKGC,Male,0,No,No,21,Yes,Yes,DSL,Yes,No,Yes,No,No,No,Month-to-month,No,Credit card (automatic),80.85,1687.39,Yes
6429-FPJD,Male,0,No,No,8,Yes,No,Fiber optic,No,No,No,Yes,No,No,Month-to-month,No,Electronic check,92.87,741.88,Yes
7796-IYEK,Male,1,Yes,No,14,Yes,No,Fiber optic,Yes,Yes,Yes,Yes,No,No,Month-to-month,No,Electronic check,99.43,1389.07,Yes
2820-RZPF,Female,0,No,Yes,56,Yes,No,No,No internet service,No internet service,No internet service,No internet service,No internet service,No internet service,Month-to-month,Yes,Mailed check,40.86,2283.49,No
1648-FPJD,Female,0,Yes,No,46,Yes,No,Fiber optic,No,No,No,No,Yes,Yes,One year,No,Electronic check,109.54,5044.49,No
1899-DJVH,Female,0,No,No,57,Yes,Yes,Fiber optic,No,No,No,Yes,Yes,No,One year,No,Electronic check,111.05,6325.17,No
2279-JBLV,Female,0,No,Yes,59,No,No phone service,No,No internet service,No internet service,No internet service,No internet service,No internet service,No internet service,One year,Yes,Electronic check,21.42,1261.65,No
7865-YUME,Female,0,No,No,21,Yes,No,Fiber optic,No,No,Yes,No,No,No,Two year,Yes,Credit card (automatic),78.83,1656.41,No
9808-OQUY,Male,0,No,No,58,Yes,Yes,No,No internet service,No internet service,No internet service,No internet service,No internet service,No internet service,Month-to-month,Yes,Mailed check,44.05,2561.8,Yes
6575-KESG,Female,0,No,No,25,Yes,Yes,Fiber optic,Yes,Yes,No,No,No,No,Month-to-month,Yes,Mailed check,99.91,2497.9,No
3904-NNNN,Male,0,No,Yes,5,Yes,No,DSL,No,Yes,No,No,No,No,One year,Yes,Electronic check,64.44,318.64,Yes
6393-LHZR,Female,0,Yes,No,8,Yes,No,DSL,No,Yes,No,Yes,No,No,Month-to-month,Yes,Mailed check,72.68,573.78,No
3259-OQUY,Male,0,No,Yes,7,No,No phone service,No,No internet service,No internet service,No internet service,No internet service,No internet service,No internet service,Month-to-month,No,Bank transfer (automatic),18.29,126.21,Yes
9286-SCWQ,Female,0,Yes,No,62,Yes,Yes,No,No internet service,No internet service,No internet service,No internet service,No internet service,No internet service,One year,Yes,Electronic check,50.24,3115.45,No
4748-RZPF,Female,0,No,Yes,0,Yes,No,Fiber optic,Yes,Yes,No,No,No,Yes,Month-to-month,Yes,Electronic check,104.94,0.0,Yes
5976-MKGC,Female,0,Yes,No,40,No,No phone service,DSL,No,Yes,No,Yes,No,No,Two year,Yes,Credit card (automatic),49.34,1961.21,No
4345-NNNN,Male,0,No,Yes,61,Yes,No,DSL,Yes,No,No,No,Yes,Yes,One year,Yes,Mailed check,91.61,5588.18,No
5658-YUME,Female,0,No,Yes,69,Yes,No,No,No internet service,No internet service,No internet service,No internet service,No internet service,No internet service,Month-to-month,Yes,Bank transfer (automatic),38.91,2686.19,No
8385-XRFT,Female,0,No,Yes,53,Yes,Yes,Fiber optic,Yes,No,Yes,Yes,No,Yes,Month-to-month,Yes,Electronic check,118.75,6292.11,Yes
9714-AAAA,Female,1,No,Yes,27,Yes,Yes,DSL,No,Yes,No,Yes,No,No,Month-to-month,No,Bank transfer (automatic),81.11,2184.68,Yes
9569-NNNN,Male,0,Yes,No,70,Yes,Yes,Fiber optic,Yes,No,No,Yes,Yes,No,Two year,No,Bank transfer (automatic),118.75,8314.65,No
9895-HVXZ,Female,0,Yes,No,14,Yes,No,DSL,No,No,No,No,No,No,One year,No,Electronic check,64.89,914.65,Yes
9713-PTBJ,Female,0,Yes,No,27,Yes,No,No,No internet service,No internet service,No internet service,No internet service,No internet service,No internet service,Two year,No,Credit card (automatic),39.74,1071.53,No
4188-HVXZ,Female,1,No,Yes,41,Yes,Yes,Fiber optic,No,Yes,Yes,Yes,Yes,No,Two year,No,Electronic check,113.61,4650.98,Yes
3283-IYEK,Female,0,No,Yes,9,Yes,No,Fiber optic,No,No,No,No,No,No,Month-to-month,No,Bank transfer (automatic),82.68,747.78,Yes
1298-DJVH,Male,1,Yes,No,61,Yes,Yes,Fiber optic,No,No,No,No,Yes,Yes,Month-to-month,No,Electronic check,118.46,7226.26,Yes
2348-QWIU,Male,0,No,No,3,Yes,No,DSL,Yes,No,No,No,No,No,One year,No,Mailed check,74.13,211.61,No
4587-GSQO,Male,0,Yes,Yes,68,Yes,Yes,DSL,Yes,No,Yes,No,Yes,No,One year,No,Electronic check,90.98,6186.93,No
9627-BDHL,Female,0,No,Yes,5,Yes,No,No,No internet service,No internet service,No internet service,No internet service,No internet service,No internet service,Month-to-month,Yes,Electronic check,38.61,192.9,Yes
9073-JBLV,Female,0,No,No,62,Yes,No,Fiber optic,No,Yes,No,Yes,Yes,No,One year,No,Bank transfer (automatic),101.36,6286.89,No
8043-TFDB,Female,0,No,Yes,3,Yes,Yes,DSL,No,No,No,No,Yes,No,Month-to-month,No,Electronic check,89.45,264.65,Yes
2211-CGOW,Female,0,No,No,12,Yes,No,Fiber optic,No,No,Yes,No,No,Yes,Month-to-month,No,Mailed check,100.56,1203.92,Yes
1574-VLRX,Female,0,Yes,Yes,50,Yes,Yes,Fiber optic,No,No,No,No,No,No,Month-to-month,Yes,Mailed check,94.13,4711.97,Yes
7763-BDHL,Female,0,No,No,32,Yes,No,DSL,No,No,Yes,No,No,No,Month-to-month,Yes,Electronic check,66.98,2138.57,Yes
1165-UIKM,Female,0,No,Yes,67,Yes,Yes,No,No internet service,No internet service,No internet service,No internet service,No internet service,No internet service,Month-to-month,Yes,Electronic check,49.95,3352.1,Yes
3489-KESG,Female,0,No,Yes,39,Yes,Yes,Fiber optic,No,No,No,Yes,No,Yes,Month-to-month,Yes,Electronic check,108.3,4234.35,Yes
3606-YUME,Male,0,No,No,10,Yes,No,Fiber optic,Yes,No,No,Yes,Yes,No,Month-to-month,Yes,Electronic check,114.25,1135.58,Yes
9376-FPJD,Female,0,No,Yes,41,Yes,No,Fiber optic,Yes,Yes,No,Yes,No,No,One year,Yes,Bank transfer (automatic),100.77,4137.65,No
5180-UIKM,Male,0,Yes,Yes,50,Yes,Yes,DSL,Yes,Yes,Yes,No,Yes,No,Month-to-month,Yes,Electronic check,88.36,4415.0,Yes
2997-TFDB,Male,0,Yes,No,33,Yes,Yes,No,No internet service,No internet service,No internet service,No internet service,No internet service,No internet service,Month-to-month,No,Electronic check,52.92,1743.7,Yes
9923-XRFT,Female,0,Yes,Yes,21,Yes,Yes,Fiber optic,No,No,Yes,No,No,No,Month-to-month,Yes,Electronic check,92.35,1936.86,Yes
7416-RZPF,Female,0,No,Yes,54,Yes,No,DSL,No,Yes,No,No,Yes,No,Month-to-month,No,Credit card (automatic),71.88,3876.4,No
6341-NNNN,Female,1,Yes,No,46,Yes,Yes,No,No internet service,No internet service,No internet service,No internet service,No internet service,No internet service,One year,No,Credit card (automatic),48.51,2229.84,No
3284-YUME,Male,0,Yes,Yes,68,Yes,Yes,DSL,No,No,Yes,No,Yes,No,Two year,Yes,Credit card (automatic),84.64,5763.79,No
1723-RZPF,Female,0,No,No,30,Yes,Yes,No,No internet service,No internet service,No internet service,No internet service,No internet service,No internet service,One year,No,Bank transfer (automatic),49.74,1489.05,Yes
2168-GSQO,Female,0,No,No,34,Yes,No,DSL,No,Yes,No,Yes,No,No,Month-to-month,No,Bank transfer (automatic),71.11,2420.13,Yes
8737-PTBJ,Female,0,No,No,26,Yes,Yes,No,No internet service,No internet service,No internet service,No internet service,No internet service,No internet service,Month-to-month,Yes,Credit card (automatic),49.58,1282.37,No
8927-LHZR,Female,1,Yes,Yes,38,Yes,No,Fiber optic,No,No,Yes,Yes,Yes,Yes,Month-to-month,No,Mailed check,112.87,4286.93,Yes
2021-BDHL,Male,0,No,No,60,Yes,Yes,DSL,No,No,No,Yes,No,Yes,One year,No,Mailed check,95.6,5740.17,No
9770-MKGC,Male,0,No,No,44,Yes,No,Fiber optic,Yes,No,Yes,No,No,No,Two year,Yes,Electronic check,95.02,4178.92,No
4718-WOYI,Male,0,No,No,65,No,No phone service,No,No internet service,No internet service,No internet service,No internet service,No internet service,No internet service,One year,Yes,Mailed check,19.53,1279.65,No
5460-LHZR,Female,0,Yes,Yes,35,Yes,Yes,No,No internet service,No internet service,No internet service,No internet service,No internet service,No internet service,Two year,Yes,Electronic check,49.6,1740.36,No
1126-HVXZ,Female,0,No,No,6,Yes,Yes,DSL,No,No,No,Yes,Yes,No,Month-to-month,No,Mailed check,97.73,586.81,Yes
3547-AAAA,Female,0,Yes,No,46,Yes,No,DSL,No,Yes,Yes,No,Yes,No,Month-to-month,Yes,Mailed check,77.18,3545.56,Yes
4929-ZXTP,Male,0,No,No,59,Yes,No,No,No internet service,No internet service,No internet service,No internet service,No internet service,No internet service,Month-to-month,No,Bank transfer (automatic),40.29,2378.78,No
5675-UIKM,Male,0,Yes,Yes,54,Yes,No,No,No internet service,No internet service,No internet service,No internet service,No internet service,No internet service,Month-to-month,Yes,Credit card (automatic),36.64,1975.6,Yes
6402-JBLV,Male,1,Yes,No,9,Yes,No,DSL,No,No,No,No,No,No,Two year,Yes,Mailed check,66.35,589.12,Yes
9175-RZPF,Female,0,Yes,No,43,Yes,No,No,No internet service,No internet service,No internet service,No internet service,No internet service,No internet service,Month-to-month,No,Bank transfer (automatic),41.19,1770.58,No
3665-CGOW,Male,0,No,No,9,Yes,Yes,Fiber optic,No,No,Yes,Yes,Yes,Yes,One year,Yes,Bank transfer (automatic),118.75,1068.14,Yes
6409-NNNN,Female,0,Yes,No,45,Yes,Yes,Fiber optic,No,Yes,No,No,No,No,One year,Yes,Mailed check,93.99,4224.83,No
8032-RZPF,Female,0,Yes,Yes,50,Yes,No,No,No internet service,No internet service,No internet service,No internet service,No internet service,No internet service,Month-to-month,Yes,Bank transfer (automatic),36.82,1841.41,Yes
3735-GSQO,Male,0,No,No,33,Yes,No,DSL,No,Yes,No,No,No,No,Month-to-month,Yes,Electronic check,63.69,2093.85,Yes
5243-LHZR,Male,0,No,No,9,Yes,No,DSL,No,Yes,No,Yes,No,No,One year,No,Mailed check,71.8,649.82,Yes
1659-KESG,Male,0,No,No,45,No,No phone service,No,No internet service,No internet service,No internet service,No internet service,No internet service,No internet service,Month-to-month,Yes,Bank transfer (automatic),20.48,914.45,No
6450-SCWQ,Male,0,Yes,No,19,Yes,Yes,DSL,No,Yes,No,No,No,No,Two year,No,Credit card (automatic),72.38,1376.0,Yes
4525-VLRX,Female,0,Yes,No,17,Yes,No,Fiber optic,Yes,No,Yes,Yes,Yes,No,Month-to-month,Yes,Mailed check,112.42,1912.23,Yes
1277-RZPF,Female,1,No,Yes,34,Yes,No,No,No internet service,No internet service,No internet service,No internet service,No internet service,No internet service,Two year,Yes,Mailed check,43.16,1461.78,No
4843-CGOW,Male,0,No,Yes,40,Yes,No,Fiber optic,Yes,Yes,Yes,No,No,No,Month-to-month,No,Electronic check,94.96,3795.69,Yes
8411-ZXTP,Female,0,Yes,No,2,No,No phone service,No,No internet service,No internet service,No internet service,No internet service,No internet service,No internet service,One year,Yes,Mailed check,19.95,43.95,No
6423-KESG,Male,0,No,Yes,64,No,No phone service,Fiber optic,Yes,No,Yes,No,Yes,No,Month-to-month,Yes,Bank transfer (automatic),83.24,5333.08,No
2490-KESG,Male,0,Yes,No,14,Yes,No,Fiber optic,No,Yes,No,No,No,No,Month-to-month,Yes,Mailed check,90.79,1272.35,Yes
6845-HVXZ,Male,0,Yes,No,55,Yes,Yes,Fiber optic,No,Yes,Yes,No,Yes,No,Two year,No,Mailed check,102.61,5635.17,No
7172-SCWQ,Male,0,Yes,Yes,20,Yes,Yes,DSL,No,Yes,No,Yes,No,No,Month-to-month,Yes,Mailed check,83.25,1661.73,Yes
2000-QWIU,Male,0,Yes,No,13,Yes,No,Fiber optic,Yes,No,No,No,Yes,No,Two year,No,Credit card (automatic),101.62,1329.22,No
6529-RZPF,Male,0,No,No,41,Yes,No,No,No internet service,No internet service,No internet service,No internet service,No internet service,No internet service,Month-to-month,Yes,Bank transfer (automatic),39.24,1610.54,No
2132-VLRX,Male,0,No,Yes,29,Yes,No,DSL,No,Yes,Yes,Yes,No,Yes,Month-to-month,Yes,Mailed check,80.82,2334.91,Yes
7707-HVXZ,Female,0,No,No,50,Yes,No,Fiber optic,No,Yes,Yes,Yes,Yes,No,One year,Yes,Bank transfer (automatic),104.76,5235.22,No
4622-OQUY,Female,0,Yes,Yes,3,Yes,No,No,No internet service,No internet service,No internet service,No internet service,No internet service,No internet service,Month-to-month,Yes,Credit card (automatic),43.99,136.87,Yes
1264-WOYI,Male,0,Yes,Yes,72,Yes,Yes,DSL,Yes,No,Yes,No,No,No,Two year,Yes,Credit card (automatic),85.35,6146.95,No
7059-SCWQ,Female,0,Yes,No,44,Yes,Yes,Fiber optic,Yes,No,Yes,No,No,Yes,Month-to-month,Yes,Electronic check,111.26,4888.38,Yes
2524-JBLV,Male,0,No,No,32,Yes,No,Fiber optic,No,Yes,No,No,No,Yes,Month-to-month,No,Electronic check,90.13,2882.38,No
5317-ZXTP,Male,0,No,Yes,7,No,No phone service,No,No internet service,No internet service,No internet service,No internet service,No internet service,No internet service,Month-to-month,Yes,Mailed check,23.01,157.73,Yes
2390-VLRX,Female,0,No,Yes,6,Yes,No,DSL,No,No,No,Yes,No,No,Month-to-month,Yes,Mailed check,69.95,415.26,Yes
9666-RZPF,Male,0,Yes,No,36,Yes,No,No,No internet service,No internet service,No internet service,No internet service,No internet service,No internet service,Month-to-month,Yes,Credit card (automatic),40.67,1466.26,Yes
1557-PTBJ,Male,0,Yes,No,45,Yes,No,DSL,No,No,No,No,No,No,One year,Yes,Bank transfer (automatic),63.85,2874.5,No
7468-IYEK,Male,0,No,Yes,67,Yes,Yes,DSL,No,No,Yes,No,No,No,Two year,Yes,Bank transfer (automatic),75.01,5034.4,No
2541-PTBJ,Male,0,No,No,19,Yes,Yes,Fiber optic,No,Yes,No,Yes,No,No,Two year,No,Electronic check,102.67,1948.41,Yes
9202-AAAA,Male,0,No,No,35,Yes,No,Fiber optic,No,No,No,No,Yes,No,Two year,Yes,Credit card (automatic),98.38,3443.79,No
2909-ZXTP,Female,0,No,No,26,Yes,Yes,Fiber optic,Yes,Yes,Yes,No,No,No,Month-to-month,No,Electronic check,103.05,2685.7,Yes
6482-VLRX,Female,0,Yes,Yes,59,Yes,Yes,Fiber optic,No,No,No,No,No,Yes,Month-to-month,Yes,Credit card (automatic),105.89,6240.39,No
4758-PTBJ,Female,0,No,No,37,No,No phone service,DSL,No,No,No,No,Yes,No,Month-to-month,Yes,Credit card (automatic),57.55,2128.9,Yes
8891-LHZR,Male,0,Yes,No,58,Yes,Yes,Fiber optic,No,No,Yes,No,No,No,Month-to-month,No,Bank transfer (automatic),95.4,5534.81,No
3148-IYEK,Female,0,No,No,38,Yes,No,No,No internet service,No internet service,No internet service,No internet service,No internet service,No internet service,Month-to-month,Yes,Electronic check,31.81,1211.9,No
4173-IYEK,Female,0,Yes,No,44,Yes,No,DSL,No,No,Yes,Yes,Yes,No,Month-to-month,No,Credit card (automatic),80.28,3525.39,Yes
1417-MKGC,Male,1,Yes,No,57,Yes,Yes,Fiber optic,Yes,Yes,Yes,Yes,No,Yes,Two year,No,Electronic check,118.75,6768.17,No
1963-GSQO,Male,0,No,Yes,45,Yes,No,Fiber optic,No,No,Yes,No,Yes,No,Month-to-month,No,Mailed check,95.85,4312.63,No
1453-WOYI,Female,0,No,No,7,Yes,Yes,Fiber optic,No,Yes,Yes,No,No,No,Two year,No,Electronic check,94.92,663.94,Yes
2476-WOYI,Male,1,Yes,Yes,30,Yes,Yes,DSL,Yes,No,Yes,Yes,No,Yes,Two year,No,Mailed check,101.12,3025.49,Yes
2382-NNNN,Female,1,Yes,Yes,22,Yes,No,DSL,Yes,Yes,Yes,No,Yes,No,Month-to-month,No,Bank transfer (automatic),83.1,1820.5,Yes
3243-DJVH,Female,1,No,Yes,40,Yes,No,Fiber optic,No,No,Yes,Yes,No,No,One year,Yes,Mailed check,95.2,3801.88,No
3160-LHZR,Male,1,Yes,Yes,37,Yes,Yes,Fiber optic,Yes,No,Yes,Yes,No,No,Month-to-month,No,Bank transfer (automatic),107.14,3964.06,No
3940-FPJD,Male,0,Yes,No,24,Yes,No,Fiber optic,No,Yes,Yes,Yes,No,Yes,Month-to-month,Yes,Credit card (automatic),101.44,2440.61,Yes
2058-GSQO,Female,0,No,Yes,35,No,No phone service,Fiber optic,Yes,No,No,No,Yes,No,One year,Yes,Credit card (automatic),86.22,3006.07,Yes
8620-KESG,Female,0,Yes,Yes,42,Yes,No,No,No internet service,No internet service,No internet service,No internet service,No internet service,No internet service,Two year,Yes,Electronic check,36.3,1525.14,No
5000-HVXZ,Female,0,No,No,68,Yes,No,Fiber optic,Yes,No,No,No,Yes,Yes,Month-to-month,Yes,Electronic check,113.36,7704.27,No
5316-FPJD,Female,0,Yes,No,12,Yes,Yes,Fiber optic,Yes,No,No,No,No,Yes,Month-to-month,No,Mailed check,116.01,1378.11,No
8204-FPJD,Male,0,No,No,69,Yes,Yes,Fiber optic,No,Yes,Yes,No,Yes,Yes,One year,Yes,Mailed check,111.85,7716.97,No
8101-DJVH,Male,0,No,No,37,Yes,No,No,No internet service,No internet service,No internet service,No internet service,No internet service,No internet service,Month-to-month,Yes,Electronic check,36.23,1334.17,No
8196-EMCS,Female,0,Yes,Yes,57,Yes,Yes,Fiber optic,No,No,Yes,No,No,Yes,Month-to-month,Yes,Credit card (automatic),108.13,6171.67,Yes
1878-RZPF,Male,0,Yes,Yes,42,Yes,Yes,DSL,Yes,No,No,No,No,No,One year,No,Bank transfer (automatic),78.3,3289.44,Yes
6313-ZXTP,Female,0,Yes,No,3,Yes,Yes,DSL,No,Yes,No,No,No,Yes,Two year,No,Bank transfer (automatic),83.01,246.97,No
5361-AAAA,Male,0,No,No,64,Yes,No,DSL,Yes,Yes,Yes,No,Yes,No,Month-to-month,No,Credit card (automatic),82.53,5281.59,Yes
5177-ZXTP,Female,0,Yes,No,46,Yes,Yes,DSL,No,Yes,No,No,No,No,Two year,Yes,Mailed check,72.94,3361.58,No
6343-FPJD,Male,0,Yes,No,37,Yes,Yes,Fiber optic,Yes,No,Yes,Yes,No,Yes,Month-to-month,No,Credit card (automatic),118.75,4386.64,Yes
7183-LHZR,Male,0,No,No,13,No,No phone service,Fiber optic,Yes,No,No,No,Yes,Yes,Two year,No,Bank transfer (automatic),92.96,1215.87,Yes
3799-IYEK,Female,0,No,No,37,No,No phone service,Fiber optic,No,No,No,No,Yes,No,One year,Yes,Credit card (automatic),79.16,2933.49,No
2353-DJVH,Male,0,Yes,Yes,1,Yes,No,Fiber optic,No,No,Yes,No,No,No,Month-to-month,Yes,Electronic check,88.91,83.44,Yes
6906-DJVH,Male,1,No,Yes,26,Yes,No,No,No internet service,No internet service,No internet service,No internet service,No internet service,No internet service,Month-to-month,Yes,Electronic check,41.27,1070.15,No
7368-JBLV,Male,0,Yes,No,14,Yes,Yes,DSL,No,Yes,No,Yes,Yes,No,One year,Yes,Bank transfer (automatic),93.39,1304.92,No
8766-BDHL,Female,0,No,Yes,69,Yes,Yes,DSL,No,Yes,Yes,Yes,No,No,Month-to-month,Yes,Electronic check,87.04,6004.91,No
4743-QWIU,Female,0,No,No,35,Yes,No,DSL,Yes,No,Yes,No,Yes,No,Month-to-month,No,Electronic check,84.07,2942.46,Yes
2693-TFDB,Male,0,Yes,No,54,No,No phone service,No,No internet service,No internet service,No internet service,No internet service,No internet service,No internet service,Two year,Yes,Credit card (automatic),18.25,984.59,No
2974-QWIU,Male,0,Yes,No,42,Yes,No,Fiber optic,No,Yes,Yes,Yes,Yes,Yes,Month-to-month,No,Bank transfer (automatic),111.68,4686.53,No
8216-PTBJ,Male,0,No,No,59,No,No phone service,Fiber optic,No,No,No,No,No,No,Month-to-month,Yes,Electronic check,64.32,3791.34,Yes
4864-GSQO,Male,0,No,No,34,Yes,No,No,No internet service,No internet service,No internet service,No internet service,No internet service,No internet service,One year,Yes,Mailed check,40.98,1389.35,Yes
3539-OQUY,Female,0,Yes,No,2,Yes,No,Fiber optic,No,Yes,No,Yes,Yes,Yes,Two year,Yes,Credit card (automatic),116.8,225.22,No
9697-XRFT,Female,0,Yes,No,54,Yes,No,No,No internet service,No internet service,No internet service,No internet service,No internet service,No internet service,Two year,No,Electronic check,40.79,2195.25,No
8546-MKGC,Female,0,Yes,No,3,Yes,No,Fiber optic,Yes,Yes,Yes,No,Yes,No,Month-to-month,No,Electronic check,101.13,311.53,Yes
4240-PTBJ,Male,0,Yes,No,40,No,No phone service,No,No internet service,No internet service,No internet service,No internet service,No internet service,No internet service,Two year,No,Mailed check,18.26,729.54,No
8409-ZXTP,Male,0,No,No,25,Yes,No,Fiber optic,Yes,Yes,Yes,Yes,Yes,No,Month-to-month,No,Electronic check,111.69,2796.72,Yes
5172-AAAA,Male,0,No,Yes,24,Yes,No,Fiber optic,No,No,No,Yes,No,No,One year,Yes,Mailed check,93.79,2252.34,No
8281-EMCS,Male,0,No,Yes,26,Yes,Yes,No,No internet service,No internet service,No internet service,No internet service,No internet service,No internet service,One year,No,Bank transfer (automatic),51.11,1334.26,Yes
5310-IYEK,Male,0,Yes,No,39,Yes,No,Fiber optic,Yes,No,Yes,No,Yes,Yes,Month-to-month,No,Electronic check,115.07,4480.54,Yes
9881-BDHL,Male,0,Yes,No,40,Yes,No,DSL,Yes,No,No,No,No,Yes,Month-to-month,No,Bank transfer (automatic),83.68,3343.86,No
2054-LHZR,Female,0,No,Yes,17,Yes,Yes,Fiber optic,Yes,Yes,No,Yes,No,No,Month-to-month,No,Electronic check,111.67,1890.88,Yes
7986-YUME,Male,1,Yes,Yes,9,Yes,No,Fiber optic,Yes,No,Yes,No,No,No,One year,No,Bank transfer (automatic),92.48,830.62,Yes
3914-TFDB,Female,0,Yes,No,59,Yes,No,No,No internet service,No internet service,No internet service,No internet service,No internet service,No internet service,One year,Yes,Electronic check,41.58,2451.64,Yes
6402-PTBJ,Female,1,No,No,56,No,No phone service,Fiber optic,No,No,No,No,No,No,Month-to-month,No,Credit card (automatic),65.68,3684.83,Yes
6039-QWIU,Male,0,Yes,No,48,No,No phone service,Fiber optic,Yes,Yes,No,Yes,No,No,Two year,Yes,Bank transfer (automatic),84.68,4064.76,No
1124-LHZR,Female,0,Yes,Yes,11,Yes,No,No,No internet service,No internet service,No internet service,No internet service,No internet service,No internet service,Month-to-month,No,Credit card (automatic),38.5,429.16,Yes
5208-YUME,Female,0,No,No,10,Yes,Yes,Fiber optic,Yes,No,Yes,No,No,Yes,Two year,Yes,Electronic check,109.37,1088.5,No
9397-IYEK,Male,0,No,Yes,62,Yes,No,No,No internet service,No internet service,No internet service,No internet service,No internet service,No internet service,Month-to-month,No,Electronic check,42.78,2651.3,No
7960-OQUY,Female,0,No,No,5,Yes,Yes,No,No internet service,No internet service,No internet service,No internet service,No internet service,No internet service,Month-to-month,Yes,Mailed check,49.04,249.79,Yes
8470-XRFT,Female,0,No,No,67,Yes,No,No,No internet service,No internet service,No internet service,No internet service,No internet service,No internet service,Month-to-month,No,Electronic check,40.05,2678.61,No
9342-HVXZ,Female,1,Yes,No,29,Yes,No,DSL,No,No,Yes,No,Yes,Yes,Month-to-month,Yes,Mailed check,89.74,2608.67,Yes
4552-PTBJ,Female,1,Yes,No,9,Yes,No,No,No internet service,No internet service,No internet service,No internet service,No internet service,No internet service,Month-to-month,Yes,Electronic check,39.51,347.5,Yes
9173-RZPF,Female,0,No,No,12,Yes,Yes,No,No internet service,No internet service,No internet service,No internet service,No internet service,No internet service,Month-to-month,No,Mailed check,53.13,646.46,Yes
2238-PTBJ,Female,0,No,No,39,No,No phone service,Fiber optic,Yes,No,No,Yes,No,No,One year,Yes,Electronic check,80.08,3127.72,Yes
7537-UIKM,Female,0,Yes,No,13,Yes,Yes,DSL,Yes,Yes,Yes,No,No,Yes,Month-to-month,Yes,Bank transfer (automatic),91.99,1195.31,Yes
3466-FPJD,Male,0,Yes,No,26,Yes,No,No,No internet service,No internet service,No internet service,No internet service,No internet service,No internet service,One year,No,Bank transfer (automatic),40.79,1058.13,No
8982-FPJD,Female,0,Yes,Yes,24,Yes,Yes,DSL,No,Yes,No,No,No,Yes,Month-to-month,No,Electronic check,83.3,1999.45,No
4300-ZXTP,Male,1,Yes,Yes,14,Yes,No,Fiber optic,No,Yes,No,Yes,No,No,Two year,Yes,Credit card (automatic),91.29,1279.45,No
4368-PTBJ,Female,0,Yes,No,43,Yes,No,Fiber optic,No,No,No,No,Yes,No,Month-to-month,Yes,Bank transfer (automatic),96.41,4144.32,No
4598-MKGC,Female,1,Yes,No,16,Yes,No,Fiber optic,Yes,Yes,Yes,No,Yes,Yes,One year,Yes,Bank transfer (automatic),111.86,1788.06,No
8950-GSQO,Male,0,Yes,No,54,Yes,Yes,DSL,Yes,Yes,No,No,No,Yes,Two year,Yes,Mailed check,93.83,5069.79,No
9782-DJVH,Male,0,No,No,36,No,No phone service,Fiber optic,Yes,No,No,No,No,No,Month-to-month,Yes,Electronic check,73.05,2639.76,Yes
6346-JBLV,Male,0,Yes,No,41,Yes,Yes,DSL,No,Yes,No,No,No,Yes,Two year,No,Electronic check,87.69,3592.97,No
3832-LHZR,Female,0,No,No,7,No,No phone service,DSL,Yes,Yes,Yes,No,Yes,Yes,Month-to-month,Yes,Bank transfer (automatic),73.51,519.05,Yes
2102-JBLV,Female,0,Yes,No,6,No,No phone service,DSL,Yes,No,No,No,No,No,Month-to-month,No,Credit card (automatic),55.21,323.27,Yes
4830-SCWQ,Female,0,Yes,No,66,Yes,No,Fiber optic,No,No,No,No,Yes,No,Two year,No,Bank transfer (automatic),95.36,6295.09,No
2291-BDHL,Male,0,No,No,18,Yes,Yes,Fiber optic,No,No,Yes,No,Yes,Yes,One year,No,Mailed check,113.67,2055.23,No
8128-IYEK,Male,0,No,No,39,Yes,Yes,DSL,No,No,No,No,No,Yes,Month-to-month,Yes,Mailed check,87.74,3418.95,No
1236-NNNN,Female,0,Yes,No,31,Yes,No,DSL,No,No,No,No,No,No,Month-to-month,No,Mailed check,66.38,2052.07,Yes
4308-XRFT,Female,0,Yes,No,43,Yes,No,DSL,Yes,No,No,No,No,No,Month-to-month,Yes,Electronic check,75.57,3245.42,Yes
3349-OQUY,Male,0,Yes,Yes,32,Yes,No,DSL,No,No,Yes,No,No,No,Two year,Yes,Credit card (automatic),69.87,2235.47,No
6394-KESG,Female,0,No,No,12,Yes,No,DSL,No,No,Yes,Yes,No,No,Month-to-month,Yes,Credit card (automatic),73.57,874.53,Yes
6089-UIKM,Male,0,Yes,No,32,Yes,No,DSL,Yes,Yes,No,Yes,No,Yes,Month-to-month,Yes,Electronic check,93.57,2992.3,No
7257-XRFT,Male,0,No,Yes,42,Yes,Yes,DSL,No,No,Yes,No,Yes,No,Two year,Yes,Bank transfer (automatic),85.07,3569.28,No
1844-VLRX,Male,0,No,No,18,Yes,No,Fiber optic,Yes,No,Yes,No,Yes,No,Month-to-month,No,Mailed check,99.97,1792.41,Yes
8690-GSQO,Female,0,Yes,No,39,Yes,Yes,DSL,No,Yes,Yes,No,Yes,No,One year,Yes,Electronic check,84.59,3302.17,Yes
3353-CGOW,Male,0,Yes,No,18,Yes,No,DSL,Yes,No,No,Yes,No,Yes,One year,Yes,Mailed check,88.61,1600.59,Yes
2080-SCWQ,Female,0,Yes,No,27,Yes,No,Fiber optic,No,No,No,No,No,No,One year,No,Credit card (automatic),82.46,2227.68,Yes
4320-XRFT,Female,0,Yes,Yes,9,No,No phone service,DSL,No,No,Yes,Yes,No,No,One year,Yes,Mailed check,51.9,467.19,Yes
1021-CGOW,Male,1,Yes,No,19,No,No phone service,No,No internet service,No internet service,No internet service,No internet service,No internet service,No internet service,Month-to-month,Yes,Mailed check,22.22,418.48,No
9625-XRFT,Female,0,No,Yes,67,Yes,Yes,DSL,Yes,No,Yes,No,Yes,No,One year,No,Electronic check,91.15,6110.58,Yes
6785-JBLV,Male,1,No,No,66,Yes,Yes,DSL,Yes,No,Yes,No,Yes,No,Month-to-month,No,Electronic check,91.98,6076.45,No
5143-CGOW,Female,0,No,No,21,Yes,Yes,DSL,No,Yes,Yes,No,No,No,Month-to-month,Yes,Electronic check,73.95,1552.67,Yes
8511-VLRX,Male,0,No,No,35,Yes,Yes,DSL,No,No,No,Yes,Yes,No,Month-to-month,No,Mailed check,95.47,3334.52,Yes
7239-OQUY,Female,0,No,Yes,35,Yes,No,DSL,No,Yes,Yes,No,No,Yes,One year,Yes,Bank transfer (automatic),71.14,2493.93,Yes
7799-SCWQ,Female,0,No,No,18,Yes,Yes,Fiber optic,No,No,No,No,Yes,No,Month-to-month,No,Electronic check,105.16,1888.66,Yes
4797-QWIU,Male,1,No,No,14,Yes,Yes,Fiber optic,No,No,No,No,Yes,Yes,Two year,No,Electronic check,118.1,1648.15,No
9498-EMCS,Female,0,Yes,Yes,70,Yes,Yes,Fiber optic,Yes,Yes,No,No,No,Yes,Two year,Yes,Electronic check,116.89,8186.22,No
1627-ZXTP,Female,0,No,No,23,Yes,No,Fiber optic,No,No,No,No,No,No,Two year,No,Electronic check,83.55,1933.05,Yes
1959-HVXZ,Female,0,Yes,No,46,Yes,No,No,No internet service,No internet service,No internet service,No internet service,No internet service,No internet service,One year,No,Electronic check,47.0,2168.73,Yes
3892-JBLV,Male,0,No,Yes,17,Yes,No,Fiber optic,No,No,Yes,Yes,No,Yes,Month-to-month,Yes,Credit card (automatic),101.02,1723.5,No
4863-MKGC,Male,1,Yes,Yes,56,Yes,No,No,No internet service,No internet service,No internet service,No internet service,No internet service,No internet service,Month-to-month,Yes,Bank transfer (automatic),37.77,2111.98,Yes
9646-YUME,Female,0,No,Yes,44,Yes,Yes,No,No internet service,No internet service,No internet service,No internet service,No internet service,No internet service,Month-to-month,No,Bank transfer (automatic),47.67,2093.02,Yes
6269-HVXZ,Male,0,No,Yes,43,Yes,Yes,DSL,Yes,No,Yes,No,No,Yes,Month-to-month,Yes,Bank transfer (automatic),92.74,3986.11,No
9745-AAAA,Female,0,No,No,33,Yes,No,DSL,No,No,Yes,No,Yes,No,One year,Yes,Bank transfer (automatic),79.06,2610.81,No
4977-CGOW,Female,0,No,Yes,11,Yes,No,DSL,Yes,No,Yes,Yes,No,No,Month-to-month,Yes,Electronic check,81.17,894.95,No
9556-ZXTP,Male,0,Yes,No,16,Yes,No,No,No internet service,No internet service,No internet service,No internet service,No internet service,No internet service,One year,Yes,Mailed check,41.18,657.05,Yes
9264-ZXTP,Female,0,No,Yes,29,Yes,Yes,DSL,No,No,Yes,No,No,No,Month-to-month,Yes,Electronic check,78.56,2272.35,Yes
1604-HVXZ,Female,0,No,No,41,Yes,No,DSL,No,No,No,No,No,No,Two year,Yes,Mailed check,66.73,2741.94,No
2620-TFDB,Female,1,No,No,55,No,No phone service,No,No internet service,No internet service,No internet service,No internet service,No internet service,No internet service,One year,No,Bank transfer (automatic),20.72,1142.41,Yes
7782-WOYI,Female,0,Yes,No,17,Yes,No,No,No internet service,No internet service,No internet service,No internet service,No internet service,No internet service,Month-to-month,Yes,Bank transfer (automatic),43.77,731.67,Yes
1769-WOYI,Male,0,No,No,63,No,No phone service,Fiber optic,No,Yes,No,No,No,No,Month-to-month,No,Electronic check,65.59,4130.32,Yes
8420-UIKM,Male,0,No,No,72,Yes,Yes,Fiber optic,Yes,No,No,No,No,No,Month-to-month,Yes,Credit card (automatic),104.58,7527.63,Yes
1526-DJVH,Male,0,No,Yes,17,Yes,Yes,DSL,Yes,No,Yes,No,No,No,Month-to-month,Yes,Electronic check,81.01,1376.35,Yes
1759-SCWQ,Male,0,No,Yes,43,Yes,No,Fiber optic,No,No,No,Yes,No,Yes,Two year,Yes,Credit card (automatic),102.68,4419.51,No
6530-PTBJ,Male,0,Yes,No,58,Yes,No,No,No internet service,No internet service,No internet service,No internet service,No internet service,No internet service,One year,Yes,Electronic check,40.2,2322.49,No
2863-QWIU,Male,0,No,No,34,Yes,Yes,Fiber optic,Yes,No,Yes,No,Yes,No,Month-to-month,No,Credit card (automatic),112.59,3827.83,Yes
5823-MKGC,Male,0,No,No,42,Yes,Yes,Fiber optic,No,No,No,Yes,Yes,No,Month-to-month,Yes,Credit card (automatic),117.32,4928.93,Yes
4521-JBLV,Male,1,Yes,Yes,41,Yes,No,DSL,No,No,No,Yes,Yes,Yes,One year,Yes,Bank transfer (automatic),92.86,3802.38,No
7573-XRFT,Male,0,Yes,No,55,Yes,Yes,DSL,No,No,No,No,Yes,No,Month-to-month,Yes,Bank transfer (automatic),82.76,4553.4,Yes
6048-ZXTP,Male,1,No,Yes,1,Yes,No,Fiber optic,Yes,Yes,Yes,No,Yes,No,Two year,Yes,Bank transfer (automatic),106.47,104.23,No
8795-AAAA,Female,0,No,No,56,Yes,No,DSL,Yes,No,Yes,No,No,Yes,Two year,Yes,Mailed check,85.03,4761.1,No
1224-VLRX,Male,0,Yes,Yes,28,Yes,No,DSL,No,Yes,No,Yes,No,Yes,Month-to-month,No,Credit card (automatic),81.05,2262.5,No
7170-WOYI,Male,0,No,No,63,Yes,Yes,DSL,No,Yes,Yes,Yes,No,Yes,Two year,No,Credit card (automatic),94.34,5950.93,No
2045-VLRX,Female,0,Yes,No,50,Yes,No,DSL,No,No,No,Yes,No,Yes,One year,No,Mailed check,85.38,4275.46,No
6779-OQUY,Male,0,Yes,No,12,Yes,No,DSL,No,Yes,No,No,No,No,Two year,Yes,Credit card (automatic),68.9,826.07,No
5601-TFDB,Female,0,Yes,No,15,Yes,No,No,No internet service,No internet service,No internet service,No internet service,No internet service,No internet service,Month-to-month,Yes,Electronic check,40.61,611.77,Yes
4138-CGOW,Male,0,No,Yes,55,Yes,No,DSL,Yes,No,No,No,No,Yes,One year,Yes,Electronic check,82.81,4554.23,Yes
7600-BDHL,Male,0,Yes,No,36,Yes,Yes,DSL,Yes,No,No,Yes,No,Yes,Two year,Yes,Electronic check,99.91,3594.94,No
7040-VLRX,Female,0,No,Yes,68,Yes,Yes,Fiber optic,No,No,No,No,No,No,Month-to-month,No,Mailed check,95.97,6523.3,No
8667-NNNN,Female,0,Yes,No,35,Yes,Yes,No,No internet service,No internet service,No internet service,No internet service,No internet service,No internet service,Month-to-month,No,Credit card (automatic),52.26,1825.01,Yes
8071-KESG,Female,0,No,Yes,0,Yes,Yes,No,No internet service,No internet service,No internet service,No internet service,No internet service,No internet service,Month-to-month,Yes,Mailed check,52.1,0.0,Yes
3158-VLRX,Male,0,No,No,57,Yes,Yes,Fiber optic,No,Yes,Yes,No,No,No,Month-to-month,Yes,Electronic check,92.64,5272.27,Yes
5780-SCWQ,Male,1,Yes,Yes,10,Yes,No,No,No internet service,No internet service,No internet service,No internet service,No internet service,No internet service,Two year,No,Bank transfer (automatic),34.78,347.05,No
5815-SCWQ,Male,0,No,Yes,60,Yes,Yes,DSL,Yes,No,No,No,No,No,One year,No,Credit card (automatic),85.1,5097.74,No
6136-EMCS,Male,0,Yes,Yes,47,Yes,Yes,No,No internet service,No internet service,No internet service,No internet service,No internet service,No internet service,Month-to-month,No,Bank transfer (automatic),48.22,2265.58,Yes
2173-OQUY,Female,0,Yes,No,13,Yes,No,DSL,No,No,Yes,No,No,Yes,Two year,No,Bank transfer (automatic),72.8,949.53,No
3261-RZPF,Female,0,No,No,23,Yes,Yes,DSL,No,No,No,No,Yes,Yes,Two year,No,Electronic check,97.98,2255.13,Yes
2687-FPJD,Male,0,No,No,23,Yes,No,DSL,No,No,Yes,No,No,Yes,Month-to-month,Yes,Bank transfer (automatic),77.69,1779.78,Yes
5815-LHZR,Male,0,No,No,6,No,No phone service,No,No internet service,No internet service,No internet service,No internet service,No internet service,No internet service,Month-to-month,No,Electronic check,20.97,126.96,Yes
8997-YUME,Male,0,Yes,No,23,Yes,Yes,Fiber optic,No,Yes,No,No,Yes,No,One year,Yes,Electronic check,105.12,2418.88,Yes
7254-IYEK,Male,0,Yes,No,16,Yes,Yes,Fiber optic,No,Yes,Yes,No,No,No,One year,No,Electronic check,93.84,1498.15,Yes
5419-BDHL,Female,0,No,Yes,49,Yes,No,DSL,No,No,No,No,No,No,Month-to-month,Yes,Bank transfer (automatic),68.19,3341.98,Yes
8483-FPJD,Female,1,Yes,Yes,52,Yes,No,DSL,Yes,No,No,No,No,Yes,One year,Yes,Credit card (automatic),80.41,4183.04,No
3336-JBLV,Male,0,Yes,Yes,27,Yes,Yes,Fiber optic,No,Yes,Yes,No,No,No,Month-to-month,Yes,Bank transfer (automatic),94.17,2548.7,Yes
7738-MKGC,Male,0,Yes,Yes,27,Yes,Yes,DSL,Yes,No,No,Yes,Yes,Yes,Month-to-month,No,Mailed check,115.87,3133.38,Yes
1060-MKGC,Male,0,Yes,Yes,17,Yes,No,DSL,Yes,Yes,No,Yes,Yes,Yes,Two year,Yes,Electronic check,103.67,1766.36,No
5146-NNNN,Female,0,No,Yes,33,Yes,No,Fiber optic,Yes,No,No,No,No,Yes,Two year,Yes,Electronic check,105.83,3485.0,No
1790-PTBJ,Male,0,Yes,No,34,No,No phone service,No,No internet service,No internet service,No internet service,No internet service,No internet service,No internet service,One year,Yes,Electronic check,19.96,669.99,Yes
4083-SCWQ,Female,0,Yes,No,28,Yes,Yes,Fiber optic,No,Yes,No,No,No,Yes,Month-to-month,Yes,Bank transfer (automatic),113.27,3171.45,Yes
5780-LHZR,Male,0,No,No,40,Yes,Yes,Fiber optic,No,Yes,Yes,Yes,No,Yes,Month-to-month,No,Mailed check,114.71,4592.75,Yes
6053-GSQO,Male,0,No,No,23,Yes,No,Fiber optic,Yes,No,No,Yes,Yes,Yes,Month-to-month,No,Mailed check,118.75,2740.4,Yes
7609-UIKM,Male,1,Yes,Yes,62,Yes,No,No,No internet service,No internet service,No internet service,No internet service,No internet service,No internet service,Month-to-month,No,Credit card (automatic),39.45,2450.65,No
1495-EMCS,Male,0,Yes,Yes,27,Yes,No,DSL,No,No,No,Yes,Yes,No,One year,No,Electronic check,78.11,2111.17,No
9472-ZXTP,Female,1,Yes,No,0,No,No phone service,DSL,No,No,No,No,No,No,Month-to-month,No,Electronic check,47.21,0.0,Yes
3850-TFDB,Female,0,No,Yes,36,Yes,No,No,No internet service,No internet service,No internet service,No internet service,No internet service,No internet service,Month-to-month,No,Mailed check,40.02,1434.13,Yes
2638-KESG,Male,0,Yes,Yes,49,Yes,No,Fiber optic,No,No,No,No,Yes,Yes,One year,No,Credit card (automatic),102.87,5038.59,Yes
6188-YUME,Male,0,Yes,Yes,38,Yes,No,Fiber optic,No,No,No,No,No,Yes,Month-to-month,No,Mailed check,91.08,3462.06,Yes
8787-BDHL,Male,0,Yes,No,8,Yes,No,No,No internet service,No internet service,No internet service,No internet service,No internet service,No internet service,Month-to-month,No,Credit card (automatic),42.0,332.91,Yes
1145-MKGC,Male,0,Yes,Yes,14,Yes,No,DSL,No,Yes,No,Yes,No,Yes,Month-to-month,Yes,Bank transfer (automatic),82.24,1160.43,No
3711-SCWQ,Female,1,Yes,No,70,Yes,Yes,Fiber optic,Yes,No,No,No,No,Yes,Month-to-month,No,Credit card (automatic),109.74,7681.43,Yes
1727-XRFT,Female,0,Yes,Yes,66,Yes,Yes,Fiber optic,No,Yes,No,Yes,No,No,One year,Yes,Bank transfer (automatic),100.82,6649.48,No
8099-HVXZ,Female,0,No,No,23,Yes,Yes,DSL,No,No,No,Yes,No,No,One year,No,Mailed check,87.82,2016.24,Yes
1923-ZXTP,Male,0,Yes,No,24,Yes,Yes,Fiber optic,No,No,Yes,No,Yes,Yes,Month-to-month,No,Electronic check,109.36,2622.38,Yes
4943-YUME,Male,0,No,No,13,Yes,No,Fiber optic,Yes,Yes,No,No,No,No,Month-to-month,Yes,Credit card (automatic),95.41,1235.68,Yes
5451-FPJD,Female,0,Yes,No,8,Yes,Yes,No,No internet service,No internet service,No internet service,No internet service,No internet service,No internet service,Month-to-month,Yes,Electronic check,49.88,389.34,Yes
2772-PTBJ,Female,0,No,No,45,Yes,No,Fiber optic,No,Yes,No,Yes,No,No,Month-to-month,Yes,Mailed check,90.65,4070.04,No
7163-CGOW,Female,0,No,No,18,Yes,No,Fiber optic,Yes,Yes,Yes,No,No,Yes,Month-to-month,Yes,Electronic check,101.54,1833.32,Yes
8743-MKGC,Female,0,No,Yes,10,Yes,Yes,No,No internet service,No internet service,No internet service,No internet service,No internet service,No internet service,One year,Yes,Credit card (automatic),49.78,497.29,Yes
3120-KESG,Female,0,No,No,36,Yes,Yes,Fiber optic,Yes,No,No,No,Yes,No,Month-to-month,Yes,Bank transfer (automatic),113.41,4091.28,No
2098-WOYI,Female,0,No,No,24,Yes,Yes,DSL,No,Yes,No,Yes,No,No,Month-to-month,No,Credit card (automatic),83.5,2012.38,Yes
8340-GSQO,Female,0,No,No,50,No,No phone service,DSL,No,No,Yes,No,No,No,Month-to-month,No,Electronic check,49.02,2452.07,No
9747-BDHL,Male,0,No,No,31,Yes,No,No,No internet service,No internet service,No internet service,No internet service,No internet service,No internet service,Two year,Yes,Mailed check,39.09,1215.3,No
3092-ZXTP,Female,1,Yes,No,4,Yes,Yes,Fiber optic,Yes,No,No,No,No,No,Month-to-month,Yes,Credit card (automatic),104.01,412.88,Yes
9533-NNNN,Female,0,No,No,72,Yes,No,Fiber optic,Yes,No,No,Yes,No,No,Two year,Yes,Mailed check,102.24,7362.47,No
8478-MKGC,Female,0,No,No,11,Yes,No,No,No internet service,No internet service,No internet service,No internet service,No internet service,No internet service,Month-to-month,No,Credit card (automatic),40.91,449.37,Yes
5278-FPJD,Female,0,No,No,42,No,No phone service,No,No internet service,No internet service,No internet service,No internet service,No internet service,No internet service,Month-to-month,No,Mailed check,18.25,766.95,Yes
1555-DJVH,Female,0,No,Yes,22,Yes,Yes,Fiber optic,Yes,No,No,No,No,No,Two year,Yes,Electronic check,101.78,2240.08,No
4801-LHZR,Male,1,Yes,Yes,57,No,No phone service,Fiber optic,Yes,No,No,No,Yes,No,Month-to-month,Yes,Mailed check,84.83,4834.21,No
9894-NNNN,Female,0,Yes,No,44,Yes,Yes,No,No internet service,No internet service,No internet service,No internet service,No internet service,No internet service,Month-to-month,Yes,Electronic check,56.73,2494.32,No
7115-AAAA,Female,0,No,No,15,Yes,No,No,No internet service,No internet service,No internet service,No internet service,No internet service,No internet service,Month-to-month,No,Electronic check,40.59,608.19,Yes
8610-GSQO,Male,0,No,No,15,Yes,No,DSL,Yes,No,No,No,No,No,Month-to-month,No,Electronic check,69.58,1039.99,Yes
4444-OQUY,Female,0,No,No,62,Yes,Yes,DSL,Yes,No,Yes,Yes,No,Yes,Month-to-month,Yes,Bank transfer (automatic),98.29,6093.46,No
9685-KESG,Female,1,Yes,No,69,Yes,No,Fiber optic,Yes,Yes,No,Yes,Yes,No,Month-to-month,Yes,Mailed check,111.65,7701.06,No
1391-ZXTP,Male,0,Yes,No,68,Yes,Yes,DSL,Yes,Yes,No,Yes,No,No,One year,No,Bank transfer (automatic),92.53,6296.34,No
4553-EMCS,Female,0,No,No,17,Yes,No,DSL,No,Yes,Yes,No,No,Yes,Two year,No,Electronic check,74.24,1256.86,No
3121-EMCS,Female,0,No,No,71,No,No phone service,Fiber optic,No,No,Yes,No,Yes,Yes,Month-to-month,No,Mailed check,86.78,6147.61,Yes
9508-NNNN,Male,0,No,No,51,Yes,No,Fiber optic,No,Yes,Yes,No,No,No,Month-to-month,No,Mailed check,84.31,4300.02,Yes
2438-NNNN,Male,0,No,No,19,Yes,No,No,No internet service,No internet service,No internet service,No internet service,No internet service,No internet service,Two year,No,Mailed check,38.9,741.84,No
5500-PTBJ,Male,0,No,Yes,37,Yes,No,No,No internet service,No internet service,No internet service,No internet service,No internet service,No internet service,One year,No,Credit card (automatic),40.11,1484.12,No
7511-EMCS,Male,0,Yes,Yes,32,Yes,No,Fiber optic,Yes,No,Yes,No,Yes,Yes,One year,Yes,Mailed check,111.75,3577.4,Yes
4385-WOYI,Female,0,Yes,No,17,Yes,No,Fiber optic,No,No,Yes,No,Yes,Yes,Two year,No,Electronic check,107.43,1824.46,Yes
3591-PTBJ,Female,0,Yes,No,18,Yes,No,DSL,No,No,Yes,No,No,Yes,One year,Yes,Credit card (automatic),74.31,1336.97,Yes
8607-UIKM,Male,0,Yes,Yes,48,Yes,No,DSL,No,No,Yes,No,Yes,Yes,One year,No,Mailed check,86.29,4144.58,Yes
9016-TFDB,Female,0,No,No,30,Yes,No,No,No internet service,No internet service,No internet service,No internet service,No internet service,No internet service,Month-to-month,Yes,Bank transfer (automatic),41.31,1243.99,Yes
1260-GSQO,Female,0,No,No,44,No,No phone service,Fiber optic,No,No,No,No,No,Yes,Two year,Yes,Bank transfer (automatic),76.2,3357.3,No
7207-TFDB,Female,0,No,Yes,18,Yes,No,Fiber optic,No,Yes,Yes,Yes,Yes,No,Two year,No,Bank transfer (automatic),103.68,1867.77,Yes
7483-HVXZ,Female,0,Yes,No,16,Yes,Yes,Fiber optic,No,No,Yes,Yes,No,No,Month-to-month,No,Electronic check,102.84,1650.2,Yes
7416-NNNN,Female,0,No,No,22,Yes,No,Fiber optic,No,Yes,No,Yes,No,No,Month-to-month,No,Electronic check,94.59,2080.85,No
8396-AAAA,Female,0,No,No,66,Yes,Yes,Fiber optic,Yes,No,No,No,No,Yes,Two year,Yes,Credit card (automatic),116.64,7685.95,No
7222-SCWQ,Female,0,Yes,No,6,Yes,No,DSL,Yes,No,No,Yes,No,Yes,Month-to-month,Yes,Electronic check,87.91,522.18,No
7488-WOYI,Male,1,No,No,44,No,No phone service,DSL,No,No,No,Yes,No,No,Month-to-month,No,Mailed check,50.76,2227.46,No
4690-CGOW,Male,0,Yes,Yes,3,Yes,Yes,DSL,Yes,Yes,No,No,No,Yes,Two year,Yes,Electronic check,93.17,272.43,Yes
8347-AAAA,Female,0,Yes,Yes,61,Yes,Yes,Fiber optic,No,No,Yes,No,No,No,Month-to-month,Yes,Electronic check,92.94,5664.98,Yes
5943-HVXZ,Female,0,No,No,13,Yes,Yes,DSL,Yes,No,No,Yes,No,No,One year,No,Credit card (automatic),91.35,1179.21,No
3204-UIKM,Male,0,Yes,No,29,Yes,No,Fiber optic,No,No,No,Yes,Yes,Yes,Month-to-month,No,Electronic check,113.39,3285.46,Yes
5235-RZPF,Male,0,Yes,No,70,Yes,Yes,DSL,Yes,No,Yes,No,No,Yes,Month-to-month,No,Electronic check,95.91,6717.86,Yes
2386-HVXZ,Male,1,Yes,No,35,Yes,No,DSL,No,No,No,No,No,No,Month-to-month,Yes,Credit card (automatic),64.78,2272.75,Yes
1950-WOYI,Female,0,Yes,Yes,50,Yes,No,Fiber optic,No,No,No,No,Yes,No,Two year,No,Bank transfer (automatic),92.13,4612.47,No
4555-NNNN,Female,0,Yes,No,49,Yes,No,Fiber optic,No,Yes,Yes,Yes,No,No,Month-to-month,No,Electronic check,89.06,4364.14,Yes
7121-RZPF,Male,1,No,Yes,2,Yes,No,No,No internet service,No internet service,No internet service,No internet service,No internet service,No internet service,One year,No,Credit card (automatic),41.68,87.77,No
1991-YUME,Male,0,Yes,No,55,No,No phone service,DSL,No,No,No,No,Yes,No,Two year,No,Electronic check,57.09,3132.09,No
6611-HVXZ,Male,0,Yes,No,45,No,No phone service,No,No internet service,No internet service,No internet service,No internet service,No internet service,No internet service,Month-to-month,Yes,Credit card (automatic),18.25,819.79,No
3722-CGOW,Male,0,Yes,Yes,25,Yes,No,DSL,Yes,No,No,No,Yes,No,Two year,Yes,Credit card (automatic),84.51,2115.35,No
6162-WOYI,Female,0,No,No,62,Yes,Yes,No,No internet service,No internet service,No internet service,No internet service,No internet service,No internet service,Month-to-month,Yes,Electronic check,48.12,2975.73,No
8119-RZPF,Male,0,Yes,No,59,Yes,Yes,DSL,No,Yes,Yes,No,Yes,Yes,Month-to-month,Yes,Electronic check,95.08,5610.63,Yes
4506-VLRX,Female,0,No,Yes,45,Yes,No,Fiber optic,Yes,Yes,No,No,No,No,Month-to-month,No,Electronic check,91.48,4123.41,Yes
6823-QWIU,Male,0,Yes,Yes,5,Yes,No,No,No internet service,No internet service,No internet service,No internet service,No internet service,No internet service,Two year,No,Electronic check,40.02,197.79,No
8225-GSQO,Male,0,No,No,60,Yes,Yes,DSL,No,No,Yes,No,No,Yes,Month-to-month,No,Mailed check,89.02,5346.46,No
4083-IYEK,Female,0,No,No,20,Yes,Yes,DSL,No,Yes,No,No,No,No,Two year,Yes,Mailed check,73.08,1462.8,No
2779-JBLV,Female,0,Yes,No,17,Yes,No,DSL,No,Yes,Yes,No,No,Yes,Two year,No,Bank transfer (automatic),74.1,1259.07,No
8325-QWIU,Female,0,Yes,Yes,35,Yes,Yes,DSL,Yes,No,No,Yes,No,No,Month-to-month,Yes,Mailed check,89.75,3134.12,No
1638-VLRX,Male,0,No,No,52,Yes,No,DSL,No,No,No,No,No,No,One year,Yes,Electronic check,62.68,3248.59,No
4716-JBLV,Female,0,Yes,No,58,Yes,Yes,DSL,Yes,No,Yes,No,Yes,No,Month-to-month,No,Bank transfer (automatic),93.22,5410.71,Yes
3681-DJVH,Male,0,Yes,No,35,Yes,No,Fiber optic,No,No,No,Yes,No,No,One year,Yes,Credit card (automatic),92.51,3238.24,Yes
3863-MKGC,Male,0,No,No,45,Yes,No,Fiber optic,Yes,No,Yes,Yes,No,Yes,Month-to-month,Yes,Credit card (automatic),110.96,4999.2,Yes
5971-WOYI,Male,1,Yes,Yes,69,Yes,Yes,DSL,No,Yes,No,Yes,Yes,No,Two year,Yes,Electronic check,92.61,6378.79,No
7623-JBLV,Female,0,Yes,No,30,Yes,Yes,Fiber optic,No,No,Yes,No,Yes,No,Two year,Yes,Mailed check,106.57,3191.49,Yes
4642-QWIU,Female,1,No,No,52,No,No phone service,Fiber optic,No,No,No,Yes,Yes,No,Month-to-month,No,Electronic check,78.52,4078.76,Yes
2970-HVXZ,Male,0,Yes,No,51,Yes,No,DSL,Yes,Yes,No,No,No,No,Month-to-month,No,Electronic check,69.07,3524.9,No
9135-LHZR,Female,0,No,Yes,6,Yes,Yes,DSL,Yes,No,No,Yes,No,Yes,Month-to-month,Yes,Electronic check,99.07,594.81,Yes
7303-PTBJ,Male,0,Yes,No,66,Yes,No,DSL,Yes,No,No,No,Yes,No,Month-to-month,Yes,Electronic check,82.73,5466.46,Yes
5670-BDHL,Female,0,Yes,Yes,11,Yes,No,Fiber optic,No,No,No,Yes,No,Yes,Month-to-month,Yes,Electronic check,104.31,1142.85,Yes
2184-RZPF,Female,0,No,No,53,Yes,Yes,DSL,No,Yes,Yes,No,No,Yes,One year,No,Electronic check,84.83,4494.24,No
4697-FPJD,Female,0,No,Yes,43,Yes,No,DSL,No,No,No,Yes,No,Yes,One year,Yes,Bank transfer (automatic),78.29,3369.66,No
5000-QWIU,Female,0,Yes,No,7,Yes,Yes,No,No internet service,No internet service,No internet service,No internet service,No internet service,No internet service,Month-to-month,Yes,Bank transfer (automatic),48.6,338.87,Yes
3295-QWIU,Female,1,No,No,9,Yes,Yes,Fiber optic,Yes,No,No,No,No,Yes,Two year,Yes,Electronic check,111.27,1006.57,No
3064-WOYI,Male,1,Yes,Yes,7,Yes,No,No,No internet service,No internet service,No internet service,No internet service,No internet service,No internet service,Month-to-month,Yes,Mailed check,42.32,301.51,Yes
4389-YUME,Female,0,Yes,No,20,Yes,No,DSL,No,Yes,Yes,No,No,Yes,One year,Yes,Electronic check,72.5,1451.61,Yes
7276-HVXZ,Male,0,Yes,No,16,Yes,Yes,Fiber optic,No,No,No,Yes,Yes,No,Month-to-month,No,Bank transfer (automatic),114.22,1828.98,Yes
2289-NNNN,Male,0,Yes,No,62,Yes,Yes,Fiber optic,Yes,No,No,No,Yes,No,Month-to-month,Yes,Mailed check,114.92,7128.19,Yes
7250-WOYI,Female,0,No,No,47,Yes,No,Fiber optic,Yes,No,No,No,No,No,Month-to-month,Yes,Credit card (automatic),93.4,4384.97,Yes
1314-JBLV,Female,0,No,No,14,Yes,Yes,Fiber optic,No,No,No,No,No,No,Two year,No,Bank transfer (automatic),93.5,1311.44,No
7231-LHZR,Female,0,Yes,No,33,Yes,No,No,No internet service,No internet service,No internet service,No internet service,No internet service,No internet service,Two year,Yes,Mailed check,43.58,1428.2,No
4637-QWIU,Female,0,No,No,4,Yes,No,DSL,No,No,No,No,Yes,Yes,One year,No,Mailed check,86.35,344.6,No
8670-IYEK,Female,0,Yes,No,62,Yes,Yes,No,No internet service,No internet service,No internet service,No internet service,No internet service,No internet service,Two year,No,Electronic check,54.49,3379.33,No
1835-QWIU,Male,1,Yes,No,24,Yes,Yes,DSL,Yes,No,No,No,No,Yes,One year,No,Electronic check,92.14,2212.52,Yes
1279-BDHL,Female,0,Yes,Yes,71,Yes,Yes,DSL,Yes,No,Yes,No,No,No,Month-to-month,No,Electronic check,84.21,5978.31,Yes
3032-IYEK,Male,0,No,No,7,Yes,No,Fiber optic,No,Yes,No,No,Yes,Yes,Two year,Yes,Bank transfer (automatic),100.72,706.53,No
9148-YUME,Male,0,Yes,No,51,Yes,Yes,DSL,No,No,No,Yes,No,No,Month-to-month,Yes,Credit card (automatic),79.61,4060.39,No
8714-PTBJ,Male,0,No,No,70,Yes,Yes,DSL,No,No,Yes,No,No,No,Month-to-month,Yes,Bank transfer (automatic),77.2,5405.08,Yes
1524-PTBJ,Female,0,Yes,Yes,57,Yes,Yes,DSL,Yes,Yes,No,Yes,No,No,Two year,No,Mailed check,93.55,5326.56,No
5781-MKGC,Female,0,Yes,No,38,Yes,No,No,No internet service,No internet service,No internet service,No internet service,No internet service,No internet service,One year,Yes,Bank transfer (automatic),40.0,1521.59,No
5107-FPJD,Female,0,Yes,Yes,29,Yes,Yes,No,No internet service,No internet service,No internet service,No internet service,No internet service,No internet service,Month-to-month,Yes,Bank transfer (automatic),48.43,1404.97,Yes
2141-BDHL,Male,0,No,No,44,Yes,No,DSL,Yes,No,Yes,No,No,Yes,Month-to-month,Yes,Electronic check,85.77,3773.77,Yes
6565-HVXZ,Male,1,No,Yes,60,Yes,Yes,Fiber optic,No,Yes,No,No,Yes,No,Month-to-month,No,Mailed check,102.47,6137.44,No
9311-VLRX,Female,0,No,No,32,Yes,No,Fiber optic,Yes,Yes,Yes,No,No,No,Two year,Yes,Bank transfer (automatic),93.2,2986.26,Yes
9378-RZPF,Male,0,Yes,No,67,Yes,Yes,No,No internet service,No internet service,No internet service,No internet service,No internet service,No internet service,Month-to-month,Yes,Credit card (automatic),53.36,3582.87,Yes
3735-GSQO,Female,0,Yes,Yes,34,Yes,No,Fiber optic,Yes,Yes,No,Yes,No,No,Month-to-month,Yes,Bank transfer (automatic),102.89,3492.28,Yes
5597-KESG,Female,0,Yes,No,54,Yes,No,Fiber optic,Yes,No,Yes,Yes,No,Yes,Two year,Yes,Mailed check,106.43,5740.15,No
4783-SCWQ,Female,0,No,Yes,30,No,No phone service,Fiber optic,Yes,No,No,Yes,No,No,Month-to-month,Yes,Electronic check,76.91,2314.21,Yes
8461-VLRX,Male,1,Yes,Yes,4,Yes,Yes,DSL,Yes,Yes,Yes,Yes,No,No,Month-to-month,Yes,Credit card (automatic),93.83,378.39,Yes
3969-ZXTP,Male,1,No,Yes,71,Yes,No,Fiber optic,Yes,No,Yes,No,No,No,Two year,Yes,Electronic check,88.52,6283.16,No
4190-XRFT,Male,0,No,No,57,Yes,No,Fiber optic,Yes,Yes,No,No,No,No,Month-to-month,No,Electronic check,92.54,5279.54,Yes
8397-GSQO,Female,0,No,No,21,Yes,No,Fiber optic,No,No,Yes,Yes,No,Yes,One year,Yes,Mailed check,105.62,2227.3,Yes
3307-RZPF,Male,1,Yes,No,35,Yes,No,Fiber optic,No,No,No,Yes,No,No,Month-to-month,Yes,Mailed check,89.36,3123.41,No
1579-MKGC,Male,0,Yes,No,31,Yes,Yes,DSL,Yes,No,No,No,Yes,No,Two year,No,Credit card (automatic),89.89,2776.64,No
4799-CGOW,Male,1,No,No,42,Yes,Yes,DSL,No,No,No,Yes,No,Yes,One year,Yes,Bank transfer (automatic),94.4,3960.55,No
4892-JBLV,Male,1,Yes,No,22,Yes,Yes,Fiber optic,Yes,Yes,Yes,Yes,Yes,No,Month-to-month,No,Mailed check,118.75,2608.21,Yes
5005-UIKM,Female,0,No,No,49,Yes,No,DSL,No,No,Yes,Yes,Yes,Yes,Month-to-month,No,Mailed check,90.48,4434.6,Yes
3594-YUME,Male,1,Yes,No,26,Yes,No,Fiber optic,Yes,Yes,No,No,Yes,No,Month-to-month,No,Bank transfer (automatic),104.41,2713.37,No
2044-MKGC,Male,1,No,No,20,Yes,No,Fiber optic,No,Yes,No,No,No,No,Month-to-month,No,Credit card (automatic),81.86,1646.87,Yes
1798-WOYI,Male,0,Yes,No,16,Yes,No,DSL,Yes,Yes,No,No,No,Yes,Month-to-month,No,Electronic check,80.67,1292.31,Yes
6175-BDHL,Female,0,No,No,55,Yes,No,No,No internet service,No internet service,No internet service,No internet service,No internet service,No internet service,One year,Yes,Electronic check,39.53,2169.5,No
8380-OQUY,Male,0,Yes,No,12,Yes,Yes,No,No internet service,No internet service,No internet service,No internet service,No internet service,No internet service,Month-to-month,No,Electronic check,51.76,618.39,Yes
4462-TFDB,Female,0,No,No,57,Yes,No,DSL,Yes,No,Yes,Yes,Yes,No,Month-to-month,Yes,Bank transfer (automatic),90.41,5155.2,No
1539-VLRX,Male,0,No,No,53,Yes,Yes,Fiber optic,No,No,No,No,No,No,One year,No,Electronic check,93.49,4952.93,Yes
3382-PTBJ,Male,0,Yes,Yes,46,Yes,No,No,No internet service,No internet service,No internet service,No internet service,No internet service,No internet service,Month-to-month,Yes,Bank transfer (automatic),39.6,1822.22,No
4249-XRFT,Female,0,No,No,56,Yes,No,Fiber optic,Yes,Yes,No,Yes,No,No,Month-to-month,Yes,Electronic check,100.24,5611.01,No
5396-CGOW,Male,0,Yes,Yes,58,Yes,Yes,No,No internet service,No internet service,No internet service,No internet service,No internet service,No internet service,One year,No,Mailed check,50.06,2893.41,No
7155-KESG,Female,0,No,Yes,29,Yes,No,DSL,Yes,No,No,No,No,Yes,One year,No,Electronic check,87.35,2535.0,Yes
1832-UIKM,Female,0,Yes,No,47,Yes,No,Fiber optic,No,Yes,No,No,No,No,Month-to-month,No,Bank transfer (automatic),84.21,3957.44,Yes
8452-YUME,Male,0,No,No,38,Yes,Yes,No,No internet service,No internet service,No internet service,No internet service,No internet service,No internet service,Month-to-month,No,Mailed check,48.8,1852.59,No
3544-IYEK,Female,0,No,Yes,24,Yes,Yes,Fiber optic,Yes,Yes,No,No,Yes,No,Month-to-month,No,Credit card (automatic),113.75,2732.25,Yes
1386-EMCS,Female,0,No,Yes,23,Yes,No,No,No internet service,No internet service,No internet service,No internet service,No internet service,No internet service,Month-to-month,Yes,Mailed check,43.38,990.9,No
7667-ZXTP,Male,0,No,No,72,Yes,Yes,No,No internet service,No internet service,No internet service,No internet service,No internet service,No internet service,Month-to-month,No,Credit card (automatic),51.42,3693.77,No
9540-NNNN,Male,0,Yes,Yes,28,Yes,Yes,No,No internet service,No internet service,No internet service,No internet service,No internet service,No internet service,Two year,Yes,Credit card (automatic),49.52,1383.53,No
3398-NNNN,Male,1,No,No,47,Yes,Yes,Fiber optic,No,Yes,Yes,Yes,Yes,No,Month-to-month,Yes,Electronic check,114.06,5351.63,Yes
8830-JBLV,Male,0,Yes,Yes,6,Yes,Yes,DSL,Yes,No,No,No,No,No,Month-to-month,No,Bank transfer (automatic),80.57,483.8,Yes
3187-HVXZ,Male,1,Yes,No,20,Yes,Yes,DSL,No,Yes,No,No,No,Yes,Two year,Yes,Electronic check,85.35,1707.79,Yes
4097-KESG,Female,0,Yes,No,41,Yes,Yes,Fiber optic,Yes,No,No,No,No,No,Two year,Yes,Mailed check,101.72,4175.01,No
5452-UIKM,Female,0,No,No,24,Yes,No,Fiber optic,No,Yes,No,Yes,Yes,Yes,Two year,Yes,Credit card (automatic),113.21,2720.8,Yes
2400-HVXZ,Female,0,No,No,47,Yes,No,No,No internet service,No internet service,No internet service,No internet service,No internet service,No internet service,Month-to-month,No,Electronic check,42.6,2001.83,Yes
2460-UIKM,Male,0,No,No,12,Yes,Yes,Fiber optic,Yes,No,No,No,Yes,Yes,One year,Yes,Credit card (automatic),118.75,1424.45,Yes
6536-AAAA,Male,0,No,Yes,22,Yes,No,Fiber optic,No,Yes,No,No,No,No,Two year,Yes,Bank transfer (automatic),87.18,1920.12,No
9792-MKGC,Male,0,Yes,Yes,17,Yes,No,Fiber optic,No,No,No,No,Yes,No,Month-to-month,Yes,Credit card (automatic),95.03,1618.32,Yes
2636-FPJD,Female,0,No,No,18,Yes,No,Fiber optic,No,No,Yes,No,No,Yes,Month-to-month,No,Credit card (automatic),101.12,1814.42,No
6648-BDHL,Female,0,Yes,Yes,21,Yes,No,Fiber optic,No,Yes,No,Yes,No,No,Two year,No,Electronic check,92.98,1954.08,No
5757-EMCS,Female,0,Yes,No,65,No,No phone service,Fiber optic,Yes,No,Yes,No,Yes,No,Month-to-month,Yes,Credit card (automatic),81.18,5279.59,Yes
7140-ZXTP,Male,0,Yes,Yes,17,Yes,No,DSL,No,No,Yes,No,Yes,Yes,Month-to-month,Yes,Credit card (automatic),85.05,1445.32,No
9263-IYEK,Male,0,Yes,Yes,52,Yes,No,No,No internet service,No internet service,No internet service,No internet service,No internet service,No internet service,Two year,Yes,Credit card (automatic),39.8,2066.31,No
2678-XRFT,Female,0,Yes,Yes,55,Yes,Yes,No,No internet service,No internet service,No internet service,No internet service,No internet service,No internet service,One year,No,Mailed check,49.92,2742.9,No
4093-LHZR,Female,0,Yes,No,16,Yes,Yes,No,No internet service,No internet service,No internet service,No internet service,No internet service,No internet service,Month-to-month,No,Electronic check,52.82,844.98,No
7065-EMCS,Male,0,No,No,20,Yes,No,Fiber optic,No,Yes,Yes,No,No,Yes,Two year,Yes,Electronic check,93.99,1887.85,No
2256-QWIU,Male,1,No,Yes,24,No,No phone service,Fiber optic,No,No,Yes,No,Yes,Yes,Month-to-month,No,Credit card (automatic),82.76,1990.7,Yes
7801-MKGC,Male,0,No,No,59,Yes,Yes,No,No internet service,No internet service,No internet service,No internet service,No internet service,No internet service,Month-to-month,Yes,Mailed check,48.88,2885.65,No
8929-VLRX,Female,0,No,No,2,Yes,Yes,Fiber optic,Yes,No,Yes,No,Yes,Yes,One year,No,Credit card (automatic),118.75,232.76,Yes
7082-OQUY,Male,0,No,No,64,Yes,Yes,DSL,No,No,No,No,Yes,No,Month-to-month,No,Credit card (automatic),84.73,5414.44,No
1154-SCWQ,Male,0,Yes,No,32,No,No phone service,Fiber optic,Yes,No,No,No,No,No,Month-to-month,Yes,Bank transfer (automatic),75.75,2425.68,Yes
5976-JBLV,Male,0,Yes,No,9,Yes,Yes,DSL,No,Yes,No,Yes,Yes,Yes,Month-to-month,Yes,Bank transfer (automatic),102.96,930.65,Yes
5773-UIKM,Female,0,No,No,52,Yes,No,DSL,Yes,No,No,No,No,Yes,Two year,No,Credit card (automatic),83.52,4337.57,No
3339-MKGC,Male,0,No,No,32,Yes,No,DSL,No,Yes,No,No,Yes,No,Month-to-month,Yes,Mailed check,71.74,2294.84,No
1695-SCWQ,Male,0,No,No,40,Yes,No,Fiber optic,Yes,No,No,No,Yes,Yes,Month-to-month,No,Electronic check,111.83,4468.74,Yes
2761-QWIU,Male,0,Yes,No,41,Yes,Yes,No,No internet service,No internet service,No internet service,No internet service,No internet service,No internet service,Month-to-month,No,Electronic check,50.1,2049.74,No
6538-JBLV,Male,0,Yes,Yes,33,Yes,No,No,No internet service,No internet service,No internet service,No internet service,No internet service,No internet service,Month-to-month,Yes,Credit card (automatic),41.81,1376.54,Yes
4748-OQUY,Male,1,No,No,29,Yes,No,Fiber optic,No,Yes,No,No,No,No,Month-to-month,Yes,Credit card (automatic),87.18,2528.4,Yes
4856-YUME,Male,0,No,No,27,Yes,Yes,DSL,No,Yes,Yes,Yes,No,Yes,One year,No,Credit card (automatic),92.02,2480.65,Yes
4737-WOYI,Female,0,No,No,69,Yes,No,DSL,No,No,No,No,No,Yes,One year,Yes,Mailed check,73.08,5032.52,No
1574-CGOW,Female,1,No,No,5,Yes,No,DSL,No,Yes,No,Yes,No,No,Month-to-month,Yes,Mailed check,79.15,395.97,Yes
5471-NNNN,Male,0,No,No,50,Yes,No,Fiber optic,Yes,No,Yes,No,No,No,Month-to-month,No,Mailed check,93.93,4697.18,Yes
6342-TFDB,Male,0,No,No,64,Yes,No,Fiber optic,No,Yes,Yes,No,Yes,No,One year,Yes,Credit card (automatic),95.71,6133.74,No
5636-AAAA,Male,0,No,No,22,Yes,Yes,DSL,No,Yes,No,No,No,No,Month-to-month,No,Mailed check,78.91,1737.32,Yes
1159-NNNN,Male,0,No,Yes,1,Yes,No,DSL,Yes,No,Yes,No,No,No,One year,Yes,Electronic check,75.26,71.62,No
4610-UIKM,Female,1,No,No,3,Yes,No,Fiber optic,Yes,No,No,Yes,No,No,Month-to-month,No,Credit card (automatic),102.56,310.65,Yes
3172-GSQO,Female,0,No,No,5,Yes,Yes,No,No internet service,No internet service,No internet service,No internet service,No internet service,No internet service,Month-to-month,Yes,Credit card (automatic),50.48,255.56,Yes
9112-TFDB,Female,1,Yes,No,55,Yes,Yes,Fiber optic,No,No,No,No,No,No,Two year,Yes,Bank transfer (automatic),99.33,5457.25,Yes
1192-MKGC,Female,1,Yes,No,44,Yes,No,Fiber optic,No,Yes,No,Yes,No,Yes,Month-to-month,No,Electronic check,103.4,4547.4,Yes
8194-IYEK,Male,0,No,No,72,Yes,Yes,No,No internet service,No internet service,No internet service,No internet service,No internet service,No internet service,Two year,Yes,Bank transfer (automatic),47.28,3402.62,No
6124-ZXTP,Male,1,No,No,47,Yes,Yes,Fiber optic,Yes,Yes,Yes,Yes,No,No,One year,Yes,Bank transfer (automatic),111.62,5243.73,No
2484-KESG,Female,0,No,No,22,Yes,Yes,No,No internet service,No internet service,No internet service,No internet service,No internet service,No internet service,Two year,No,Credit card (automatic),52.17,1151.31,No
3219-IYEK,Male,0,Yes,No,29,No,No phone service,DSL,No,No,No,Yes,No,Yes,Two year,Yes,Bank transfer (automatic),64.16,1868.95,No
4084-CGOW,Male,0,No,Yes,20,Yes,Yes,No,No internet service,No internet service,No internet service,No internet service,No internet service,No internet service,Two year,Yes,Electronic check,50.94,1017.76,Yes
5883-SCWQ,Male,0,Yes,No,0,Yes,No,No,No internet service,No internet service,No internet service,No internet service,No internet service,No internet service,Month-to-month,Yes,Mailed check,37.85,0.0,Yes
8721-IYEK,Female,0,Yes,Yes,15,Yes,No,No,No internet service,No internet service,No internet service,No internet service,No internet service,No internet service,Two year,Yes,Credit card (automatic),45.01,668.99,No
5603-JBLV,Female,0,No,No,19,Yes,No,DSL,No,Yes,Yes,Yes,Yes,No,Month-to-month,No,Credit card (automatic),87.65,1671.14,Yes
9511-RZPF,Male,0,No,No,47,Yes,Yes,DSL,No,No,No,Yes,No,No,One year,Yes,Credit card (automatic),82.37,3874.41,No
3419-RZPF,Male,0,No,Yes,45,Yes,Yes,Fiber optic,Yes,Yes,Yes,Yes,No,No,One year,Yes,Electronic check,113.3,5088.13,No
7294-ZXTP,Female,0,No,No,40,Yes,No,Fiber optic,No,Yes,Yes,No,No,Yes,Month-to-month,No,Mailed check,95.18,3811.15,Yes
3076-BDHL,Female,0,Yes,No,27,Yes,Yes,DSL,Yes,No,No,No,No,Yes,Month-to-month,No,Bank transfer (automatic),95.54,2575.53,No
9465-QWIU,Female,0,No,No,49,Yes,Yes,Fiber optic,Yes,Yes,No,No,No,Yes,Month-to-month,No,Mailed check,114.21,5592.7,Yes
5041-EMCS,Female,0,No,No,30,Yes,Yes,Fiber optic,No,Yes,Yes,Yes,Yes,No,Month-to-month,Yes,Electronic check,115.44,3458.78,Yes
8328-NNNN,Male,0,Yes,No,19,No,No phone service,DSL,No,No,Yes,Yes,No,Yes,Month-to-month,No,Mailed check,63.32,1197.67,No
2680-FPJD,Female,0,No,No,52,Yes,Yes,Fiber optic,No,No,No,No,Yes,No,Month-to-month,Yes,Electronic check,102.65,5339.02,Yes
2893-WOYI,Female,0,No,No,70,Yes,Yes,DSL,Yes,No,Yes,No,No,No,Month-to-month,No,Bank transfer (automatic),81.24,5688.84,No
2932-HVXZ,Female,0,No,No,44,Yes,No,No,No internet service,No internet service,No internet service,No internet service,No internet service,No internet service,Month-to-month,No,Credit card (automatic),43.5,1911.18,No
8415-QWIU,Female,0,Yes,No,51,Yes,No,Fiber optic,Yes,Yes,Yes,Yes,Yes,Yes,Two year,Yes,Credit card (automatic),118.75,6055.51,No
1122-KESG,Female,0,No,No,1,Yes,No,DSL,Yes,No,No,No,No,No,Two year,No,Electronic check,72.77,79.56,Yes
7400-HVXZ,Female,0,Yes,Yes,40,Yes,No,Fiber optic,No,No,Yes,No,No,No,Month-to-month,Yes,Bank transfer (automatic),84.31,3375.28,No
9624-PTBJ,Male,0,Yes,No,49,Yes,Yes,No,No internet service,No internet service,No internet service,No internet service,No internet service,No internet service,Two year,Yes,Bank transfer (automatic),51.56,2521.83,No
7471-LHZR,Male,1,No,No,53,Yes,No,Fiber optic,No,No,No,Yes,Yes,No,Month-to-month,Yes,Mailed check,102.69,5447.86,No
5402-YUME,Male,1,No,Yes,2,Yes,Yes,No,No internet service,No internet service,No internet service,No internet service,No internet service,No internet service,Month-to-month,No,Electronic check,48.85,96.46,Yes
6717-FPJD,Male,0,No,No,43,Yes,Yes,Fiber optic,No,No,Yes,Yes,No,No,Month-to-month,Yes,Electronic check,100.37,4322.61,Yes
8430-RZPF,Male,0,Yes,No,70,Yes,No,DSL,No,Yes,No,No,No,No,Month-to-month,No,Electronic check,68.4,4796.23,No
5958-LHZR,Male,0,Yes,No,4,No,No phone service,No,No internet service,No internet service,No internet service,No internet service,No internet service,No internet service,Month-to-month,No,Bank transfer (automatic),22.41,80.59,No
7643-IYEK,Male,0,Yes,No,15,Yes,No,DSL,Yes,No,Yes,No,No,Yes,Month-to-month,No,Electronic check,81.07,1220.84,Yes
3912-TFDB,Male,1,No,No,42,Yes,No,Fiber optic,No,Yes,Yes,No,No,Yes,Month-to-month,Yes,Electronic check,93.21,3907.59,Yes
3566-FPJD,Female,0,No,Yes,6,Yes,No,DSL,No,No,No,No,No,Yes,One year,No,Electronic check,73.76,445.04,Yes
1390-GSQO,Male,0,Yes,No,44,Yes,No,No,No internet service,No internet service,No internet service,No internet service,No internet service,No internet service,Two year,No,Credit card (automatic),40.09,1752.48,No
7468-PTBJ,Male,0,No,No,54,Yes,Yes,No,No internet service,No internet service,No internet service,No internet service,No internet service,No internet service,Two year,No,Electronic check,50.02,2701.61,No
2129-YUME,Female,0,No,No,59,Yes,No,DSL,No,No,No,No,No,Yes,One year,No,Electronic check,71.09,4193.48,Yes
3504-PTBJ,Female,0,Yes,No,22,Yes,Yes,DSL,Yes,No,No,No,No,Yes,Month-to-month,No,Mailed check,92.0,2029.78,No
7099-RZPF,Male,0,No,No,4,Yes,No,DSL,Yes,No,No,No,Yes,No,Month-to-month,No,Bank transfer (automatic),85.48,343.87,Yes
4956-OQUY,Male,0,Yes,No,69,Yes,No,DSL,Yes,No,Yes,No,Yes,No,Month-to-month,Yes,Mailed check,83.84,5782.54,Yes
6730-GSQO,Female,0,Yes,Yes,64,Yes,Yes,No,No internet service,No internet service,No internet service,No internet service,No internet service,No internet service,Month-to-month,Yes,Electronic check,48.39,3093.38,Yes
9644-XRFT,Female,0,Yes,Yes,8,Yes,Yes,Fiber optic,No,No,Yes,Yes,Yes,Yes,Month-to-month,No,Credit card (automatic),118.75,952.36,Yes
1975-GSQO,Male,0,Yes,Yes,36,Yes,Yes,DSL,No,No,No,Yes,Yes,No,One year,Yes,Credit card (automatic),93.32,3365.5,No
7519-OQUY,Male,0,Yes,No,25,No,No phone service,DSL,Yes,No,No,No,No,Yes,Month-to-month,Yes,Mailed check,62.94,1573.81,Yes
4818-GSQO,Female,0,No,No,68,Yes,No,DSL,Yes,Yes,Yes,No,No,No,Two year,Yes,Mailed check,76.29,5190.89,No
9134-RZPF,Female,0,No,No,21,Yes,No,Fiber optic,Yes,No,Yes,No,No,No,Month-to-month,Yes,Bank transfer (automatic),94.52,1980.39,Yes
8240-MKGC,Female,0,No,No,52,Yes,Yes,Fiber optic,No,Yes,Yes,Yes,No,Yes,Two year,Yes,Credit card (automatic),111.7,5811.24,No
1954-LHZR,Female,0,Yes,Yes,5,Yes,No,DSL,No,No,No,No,No,No,Month-to-month,Yes,Electronic check,65.9,319.11,Yes
9919-EMCS,Male,0,Yes,Yes,60,Yes,Yes,DSL,Yes,Yes,Yes,Yes,Yes,No,Month-to-month,No,Bank transfer (automatic),99.9,5996.66,Yes
8041-QWIU,Female,0,Yes,No,22,Yes,No,No,No internet service,No internet service,No internet service,No internet service,No internet service,No internet service,Two year,Yes,Credit card (automatic),43.02,942.28,No
5652-DJVH,Female,0,Yes,No,55,No,No phone service,Fiber optic,No,No,No,Yes,Yes,No,One year,Yes,Electronic check,79.1,4350.14,Yes
8037-UIKM,Male,0,No,Yes,49,No,No phone service,Fiber optic,Yes,No,No,No,No,No,Two year,Yes,Mailed check,75.95,3721.28,No
2719-DJVH,Male,0,Yes,Yes,41,Yes,No,No,No internet service,No internet service,No internet service,No internet service,No internet service,No internet service,Two year,Yes,Mailed check,33.88,1384.78,No
6057-FPJD,Female,0,Yes,No,6,Yes,No,No,No internet service,No internet service,No internet service,No internet service,No internet service,No internet service,Month-to-month,Yes,Mailed check,37.95,232.59,Yes
8055-ZXTP,Male,0,Yes,No,34,Yes,No,DSL,No,No,No,No,Yes,Yes,Month-to-month,Yes,Bank transfer (automatic),85.35,2908.33,Yes
1392-GSQO,Female,0,Yes,No,52,Yes,Yes,Fiber optic,No,No,No,Yes,Yes,No,Month-to-month,Yes,Credit card (automatic),113.29,5897.01,No
8778-NNNN,Male,0,No,Yes,37,Yes,Yes,DSL,Yes,No,Yes,No,No,Yes,Month-to-month,Yes,Bank transfer (automatic),94.14,3480.84,No
2664-FPJD,Male,0,No,No,27,Yes,No,Fiber optic,No,No,No,Yes,No,No,Month-to-month,No,Mailed check,91.65,2480.24,No
9411-XRFT,Male,0,Yes,Yes,14,Yes,Yes,DSL,No,No,No,No,No,No,Month-to-month,No,Bank transfer (automatic),70.07,976.06,No
5312-TFDB,Female,0,No,No,38,Yes,Yes,DSL,Yes,Yes,No,Yes,No,Yes,Month-to-month,No,Mailed check,102.1,3872.36,No
5179-HVXZ,Female,0,Yes,No,67,Yes,Yes,DSL,No,Yes,No,No,No,No,Month-to-month,Yes,Mailed check,73.32,4925.24,Yes
2881-RZPF,Male,1,No,No,55,Yes,Yes,No,No internet service,No internet service,No internet service,No internet service,No internet service,No internet service,Month-to-month,No,Mailed check,49.31,2711.46,No
8080-FPJD,Male,0,Yes,No,22,Yes,Yes,No,No internet service,No internet service,No internet service,No internet service,No internet service,No internet service,Month-to-month,No,Electronic check,50.85,1118.03,Yes
2268-UIKM,Male,1,No,Yes,6,Yes,No,No,No internet service,No internet service,No internet service,No internet service,No internet service,No internet service,Month-to-month,No,Electronic check,45.64,271.02,Yes
5082-GSQO,Male,0,Yes,No,12,Yes,No,Fiber optic,Yes,No,No,Yes,No,No,One year,Yes,Bank transfer (automatic),102.05,1221.58,Yes
8111-KESG,Male,0,Yes,Yes,41,Yes,Yes,DSL,No,No,No,No,No,Yes,Two year,Yes,Electronic check,84.48,3465.9,No
1151-CGOW,Male,1,Yes,Yes,10,Yes,Yes,No,No internet service,No internet service,No internet service,No internet service,No internet service,No internet service,Two year,Yes,Mailed check,50.43,506.7,No
6293-LHZR,Female,0,Yes,No,46,No,No phone service,DSL,No,No,Yes,No,No,Yes,Month-to-month,Yes,Mailed check,51.7,2388.82,Yes
3773-SCWQ,Female,0,Yes,No,23,Yes,No,No,No internet service,No internet service,No internet service,No internet service,No internet service,No internet service,Month-to-month,No,Electronic check,34.91,802.43,Yes
7506-IYEK,Female,1,No,No,3,Yes,No,Fiber optic,No,Yes,Yes,Yes,No,Yes,One year,Yes,Electronic check,104.7,314.35,Yes
9411-GSQO,Male,0,No,Yes,40,Yes,Yes,DSL,No,No,No,No,No,No,Two year,Yes,Electronic check,75.9,3037.64,No
1917-PTBJ,Male,0,Yes,No,16,Yes,No,DSL,Yes,Yes,No,Yes,No,No,Two year,Yes,Bank transfer (automatic),82.74,1316.81,No
8478-TFDB,Female,1,Yes,No,58,Yes,No,Fiber optic,Yes,Yes,Yes,No,No,Yes,One year,No,Credit card (automatic),103.99,6038.06,Yes
4051-FPJD,Female,0,No,No,65,Yes,Yes,Fiber optic,Yes,No,Yes,No,Yes,Yes,Month-to-month,Yes,Mailed check,118.75,7721.58,Yes
6585-OQUY,Male,0,Yes,No,54,Yes,No,Fiber optic,No,No,Yes,No,Yes,No,Month-to-month,Yes,Bank transfer (automatic),94.75,5127.02,No
9276-DJVH,Male,0,No,Yes,53,Yes,No,DSL,No,Yes,Yes,No,No,No,Month-to-month,No,Credit card (automatic),64.93,3441.57,Yes
4311-QWIU,Female,0,No,No,33,Yes,Yes,No,No internet service,No internet service,No internet service,No internet service,No internet service,No internet service,Two year,Yes,Mailed check,51.16,1688.71,No
9584-OQUY,Female,1,No,Yes,10,Yes,No,Fiber optic,No,No,No,Yes,No,No,Month-to-month,Yes,Credit card (automatic),94.11,945.49,Yes
8823-IYEK,Male,0,Yes,No,12,Yes,No,DSL,No,No,No,Yes,Yes,Yes,Two year,Yes,Mailed check,95.48,1153.67,No
1466-GSQO,Male,0,No,Yes,3,Yes,No,Fiber optic,No,No,Yes,No,No,No,Two year,Yes,Bank transfer (automatic),83.66,242.43,No
9712-IYEK,Male,0,Yes,Yes,67,Yes,No,DSL,No,Yes,No,No,Yes,No,Month-to-month,Yes,Mailed check,78.91,5290.56,Yes
8130-OQUY,Female,1,Yes,No,35,Yes,Yes,Fiber optic,No,No,Yes,No,Yes,No,Month-to-month,Yes,Mailed check,106.4,3717.69,Yes
1271-LHZR,Male,0,Yes,No,56,Yes,No,No,No internet service,No internet service,No internet service,No internet service,No internet service,No internet service,Month-to-month,Yes,Bank transfer (automatic),42.5,2386.21,No
7924-MKGC,Female,0,Yes,No,59,Yes,No,No,No internet service,No internet service,No internet service,No internet service,No internet service,No internet service,One year,No,Credit card (automatic),37.55,2215.59,No
3433-YUME,Male,0,No,No,21,Yes,No,No,No internet service,No internet service,No internet service,No internet service,No internet service,No internet service,Two year,No,Bank transfer (automatic),39.92,840.36,No
2998-TFDB,Female,0,Yes,No,21,Yes,No,Fiber optic,Yes,Yes,Yes,No,No,No,One year,Yes,Electronic check,93.67,1969.68,Yes
6907-NNNN,Female,0,Yes,No,14,Yes,No,No,No internet service,No internet service,No internet service,No internet service,No internet service,No internet service,Month-to-month,Yes,Bank transfer (automatic),45.03,640.28,Yes
1512-DJVH,Female,0,Yes,No,20,Yes,No,DSL,Yes,No,No,Yes,Yes,No,Month-to-month,Yes,Bank transfer (automatic),89.55,1788.68,Yes
5086-TFDB,Male,0,No,No,1,Yes,Yes,Fiber optic,Yes,No,No,No,No,No,One year,Yes,Electronic check,105.23,105.74,Yes
7782-TFDB,Female,0,Yes,No,59,No,No phone service,Fiber optic,No,No,Yes,Yes,No,No,One year,Yes,Electronic check,71.63,4224.71,Yes
2125-AAAA,Female,0,No,Yes,39,Yes,No,DSL,Yes,No,No,Yes,No,Yes,Month-to-month,No,Bank transfer (automatic),88.13,3433.59,No
2690-BDHL,Female,0,Yes,No,19,Yes,Yes,No,No internet service,No internet service,No internet service,No internet service,No internet service,No internet service,Month-to-month,No,Electronic check,51.74,986.7,Yes
7570-WOYI,Female,0,Yes,Yes,37,Yes,Yes,Fiber optic,Yes,Yes,Yes,Yes,No,No,Month-to-month,No,Credit card (automatic),107.28,3967.04,Yes
3524-IYEK,Male,0,No,No,30,Yes,No,DSL,No,No,No,Yes,No,No,Month-to-month,Yes,Mailed check,75.92,2278.81,No
2312-AAAA,Male,0,Yes,Yes,58,Yes,Yes,Fiber optic,No,No,No,Yes,No,Yes,One year,Yes,Electronic check,112.58,6533.02,No
5599-MKGC,Female,0,No,Yes,37,Yes,No,DSL,No,Yes,Yes,No,No,No,Month-to-month,Yes,Bank transfer (automatic),64.92,2408.66,Yes
2334-QWIU,Female,0,No,No,14,No,No phone service,No,No internet service,No internet service,No internet service,No internet service,No internet service,No internet service,Two year,Yes,Electronic check,22.44,308.9,No
8031-IYEK,Female,0,No,No,56,Yes,No,No,No internet service,No internet service,No internet service,No internet service,No internet service,No internet service,Two year,Yes,Bank transfer (automatic),39.96,2243.14,No
1115-RZPF,Female,0,Yes,No,63,Yes,Yes,Fiber optic,No,No,No,Yes,No,No,Two year,No,Credit card (automatic),103.49,6519.84,No
8674-EMCS,Female,1,No,No,66,Yes,No,DSL,Yes,No,No,Yes,No,No,Month-to-month,No,Bank transfer (automatic),84.56,5587.37,No
6374-OQUY,Male,0,No,No,29,Yes,No,Fiber optic,No,Yes,No,No,No,Yes,Month-to-month,No,Electronic check,93.54,2715.56,Yes
8358-XRFT,Female,0,No,No,23,Yes,No,Fiber optic,No,No,No,No,No,No,One year,No,Credit card (automatic),86.87,1994.52,No
6051-FPJD,Male,0,Yes,No,3,Yes,No,DSL,No,No,No,Yes,No,Yes,Two year,No,Mailed check,85.41,256.95,Yes
9150-YUME,Female,0,No,No,38,Yes,Yes,DSL,No,Yes,Yes,No,No,No,Month-to-month,Yes,Electronic check,76.6,2915.04,Yes
6047-AAAA,Male,0,Yes,No,35,Yes,Yes,No,No internet service,No internet service,No internet service,No internet service,No internet service,No internet service,Month-to-month,No,Credit card (automatic),57.18,2010.06,Yes
5593-TFDB,Male,0,No,No,65,Yes,Yes,No,No internet service,No internet service,No internet service,No internet service,No internet service,No internet service,Two year,Yes,Bank transfer (automatic),45.3,2948.77,No
3871-XRFT,Female,0,No,No,18,Yes,No,Fiber optic,Yes,Yes,Yes,No,No,Yes,Month-to-month,Yes,Electronic check,103.25,1861.43,Yes
5160-WOYI,Female,0,Yes,No,48,Yes,Yes,Fiber optic,Yes,No,No,Yes,No,Yes,Month-to-month,Yes,Bank transfer (automatic),118.75,5696.43,Yes
3307-LHZR,Female,0,Yes,Yes,38,Yes,No,No,No internet service,No internet service,No internet service,No internet service,No internet service,No internet service,Month-to-month,Yes,Mailed check,45.33,1715.53,No
6808-HVXZ,Female,0,No,Yes,9,Yes,No,No,No internet service,No internet service,No internet service,No internet service,No internet service,No internet service,One year,Yes,Electronic check,43.29,399.12,Yes
9333-DJVH,Male,0,No,No,7,Yes,Yes,No,No internet service,No internet service,No internet service,No internet service,No internet service,No internet service,Month-to-month,No,Electronic check,54.88,383.07,Yes
7797-ZXTP,Female,0,No,Yes,40,Yes,No,DSL,No,No,No,Yes,No,No,Two year,Yes,Electronic check,75.68,3025.65,No
1018-YUME,Female,1,No,No,58,Yes,No,Fiber optic,No,No,No,No,Yes,Yes,One year,No,Electronic check,106.22,6161.06,Yes
7947-BDHL,Female,0,No,No,34,Yes,No,DSL,Yes,Yes,No,Yes,Yes,No,Month-to-month,Yes,Mailed check,90.65,3076.31,Yes
4075-MKGC,Female,1,No,No,64,Yes,Yes,Fiber optic,No,No,Yes,No,No,No,Month-to-month,No,Electronic check,92.3,5909.06,No
1021-EMCS,Male,1,No,Yes,36,Yes,Yes,Fiber optic,No,No,No,Yes,No,Yes,Month-to-month,Yes,Mailed check,114.28,4114.8,Yes
4259-PTBJ,Male,0,Yes,No,68,Yes,No,Fiber optic,No,No,No,Yes,No,No,Month-to-month,Yes,Credit card (automatic),91.84,6247.35,Yes
3059-IYEK,Female,1,Yes,No,66,Yes,No,Fiber optic,Yes,Yes,Yes,Yes,Yes,Yes,Two year,Yes,Electronic check,118.75,7842.36,No
1615-RZPF,Female,0,No,No,2,Yes,Yes,DSL,Yes,Yes,No,No,No,No,One year,No,Credit card (automatic),87.51,178.78,Yes
6796-NNNN,Female,0,No,Yes,63,Yes,No,DSL,No,No,No,Yes,No,No,Two year,Yes,Bank transfer (automatic),70.79,4452.25,No
7331-SCWQ,Male,1,No,Yes,42,Yes,Yes,No,No internet service,No internet service,No internet service,No internet service,No internet service,No internet service,Month-to-month,No,Bank transfer (automatic),53.69,2255.52,Yes
8117-YUME,Male,0,Yes,No,17,Yes,No,No,No internet service,No internet service,No internet service,No internet service,No internet service,No internet service,Month-to-month,Yes,Mailed check,39.41,668.42,Yes
7599-AAAA,Female,0,Yes,No,12,No,No phone service,DSL,No,Yes,Yes,Yes,No,No,Month-to-month,Yes,Bank transfer (automatic),56.18,675.72,Yes
3010-YUME,Female,0,Yes,No,21,Yes,No,Fiber optic,Yes,No,No,No,No,No,One year,Yes,Electronic check,91.07,1912.37,Yes
3261-TFDB,Male,0,Yes,No,44,Yes,No,No,No internet service,No internet service,No internet service,No internet service,No internet service,No internet service,Two year,Yes,Electronic check,42.13,1860.05,No
9975-TFDB,Female,0,No,No,7,Yes,Yes,Fiber optic,Yes,Yes,No,No,No,Yes,One year,No,Electronic check,110.99,776.19,Yes
6077-FPJD,Male,0,Yes,No,70,Yes,No,DSL,No,Yes,No,No,No,Yes,One year,Yes,Credit card (automatic),76.21,5332.39,No
4083-AAAA,Female,0,No,No,72,Yes,No,Fiber optic,Yes,Yes,Yes,No,Yes,Yes,Month-to-month,Yes,Electronic check,113.4,8164.37,Yes
6002-QWIU,Female,0,No,Yes,21,Yes,Yes,No,No internet service,No internet service,No internet service,No internet service,No internet service,No internet service,One year,No,Bank transfer (automatic),47.97,995.8,No
3839-MKGC,Female,0,No,No,53,Yes,No,DSL,No,No,No,No,Yes,No,One year,Yes,Electronic check,77.61,4109.46,No
3712-AAAA,Female,0,Yes,No,68,Yes,Yes,Fiber optic,Yes,Yes,No,No,No,Yes,One year,No,Credit card (automatic),113.54,7720.85,No
5538-HVXZ,Male,0,No,No,11,Yes,No,Fiber optic,No,Yes,Yes,Yes,No,No,Month-to-month,Yes,Electronic check,98.09,1069.14,No
2528-HVXZ,Male,0,Yes,No,16,Yes,No,DSL,Yes,No,Yes,Yes,Yes,No,Month-to-month,Yes,Mailed check,94.17,1500.89,No
5263-VLRX,Female,0,No,No,7,Yes,No,No,No internet service,No internet service,No internet service,No internet service,No internet service,No internet service,Two year,Yes,Credit card (automatic),45.92,328.33,No
1969-XRFT,Male,0,No,No,51,No,No phone service,No,No internet service,No internet service,No internet service,No internet service,No internet service,No internet service,One year,Yes,Bank transfer (automatic),20.07,1020.34,No
1276-NNNN,Female,1,No,Yes,45,Yes,Yes,DSL,Yes,No,No,No,Yes,No,Month-to-month,Yes,Electronic check,94.95,4267.01,Yes
2203-YUME,Male,0,Yes,No,48,Yes,Yes,DSL,Yes,No,Yes,Yes,No,No,Month-to-month,No,Credit card (automatic),91.45,4384.87,No
1154-YUME,Male,0,No,No,42,Yes,No,DSL,Yes,No,Yes,No,No,No,Month-to-month,No,Bank transfer (automatic),75.07,3148.65,No
8081-XRFT,Female,0,Yes,No,26,Yes,Yes,DSL,No,No,No,Yes,No,No,One year,Yes,Bank transfer (automatic),83.19,2154.84,Yes
3468-KESG,Male,0,No,No,49,No,No phone service,Fiber optic,No,Yes,Yes,Yes,Yes,No,One year,No,Electronic check,85.21,4174.18,No
8933-VLRX,Male,0,Yes,No,23,Yes,No,DSL,No,No,No,No,Yes,No,Month-to-month,Yes,Mailed check,75.27,1722.32,Yes
9921-GSQO,Male,0,Yes,No,12,Yes,No,Fiber optic,Yes,No,Yes,Yes,No,No,Month-to-month,No,Electronic check,100.82,1209.21,Yes
1809-DJVH,Male,0,No,No,59,Yes,Yes,DSL,Yes,No,No,Yes,No,No,Month-to-month,No,Bank transfer (automatic),90.38,5332.03,No
3243-ZXTP,Male,0,Yes,No,46,Yes,Yes,Fiber optic,Yes,Yes,No,Yes,No,Yes,Month-to-month,No,Bank transfer (automatic),118.75,5463.63,Yes
9598-XRFT,Male,0,Yes,Yes,14,Yes,Yes,DSL,Yes,Yes,No,Yes,No,Yes,Month-to-month,Yes,Mailed check,98.86,1388.76,Yes
6415-DJVH,Male,0,Yes,No,21,Yes,No,DSL,Yes,No,No,No,Yes,No,Month-to-month,Yes,Credit card (automatic),81.71,1713.79,Yes
3642-ZXTP,Female,0,No,No,59,Yes,No,Fiber optic,No,No,Yes,Yes,No,Yes,Month-to-month,Yes,Credit card (automatic),103.87,6130.53,Yes
1018-OQUY,Female,0,Yes,No,49,No,No phone service,Fiber optic,No,No,No,No,Yes,No,Month-to-month,Yes,Bank transfer (automatic),76.37,3740.2,Yes
6254-SCWQ,Female,0,No,No,27,Yes,No,No,No internet service,No internet service,No internet service,No internet service,No internet service,No internet service,Month-to-month,No,Electronic check,36.74,974.81,No
1818-ZXTP,Male,0,Yes,No,65,No,No phone service,No,No internet service,No internet service,No internet service,No internet service,No internet service,No internet service,Month-to-month,No,Electronic check,18.72,1209.9,No
1228-WOYI,Female,1,No,Yes,58,Yes,Yes,DSL,No,Yes,Yes,No,Yes,No,Month-to-month,No,Electronic check,87.21,5053.85,Yes
2104-FPJD,Female,0,Yes,Yes,48,Yes,No,Fiber optic,No,Yes,No,Yes,No,Yes,Two year,No,Electronic check,102.12,4904.33,No
4672-UIKM,Male,1,No,Yes,1,Yes,Yes,No,No internet service,No internet service,No internet service,No internet service,No internet service,No internet service,Two year,No,Electronic check,50.34,42.74,No
4192-PTBJ,Male,0,Yes,Yes,23,Yes,Yes,DSL,No,No,Yes,No,Yes,No,Two year,Yes,Electronic check,86.23,1983.82,No
6223-NNNN,Female,0,No,No,34,Yes,No,No,No internet service,No internet service,No internet service,No internet service,No internet service,No internet service,Month-to-month,No,Bank transfer (automatic),40.37,1373.37,No
5677-RZPF,Male,0,No,Yes,23,Yes,Yes,No,No internet service,No internet service,No internet service,No internet service,No internet service,No internet service,Month-to-month,No,Bank transfer (automatic),53.28,1215.32,No
7190-LHZR,Male,0,Yes,Yes,3,Yes,Yes,DSL,No,Yes,Yes,Yes,Yes,No,Month-to-month,Yes,Mailed check,94.68,290.43,Yes
6570-ZXTP,Male,0,No,Yes,25,No,No phone service,Fiber optic,No,Yes,No,Yes,No,Yes,Month-to-month,No,Bank transfer (automatic),85.03,2122.72,Yes
1191-VLRX,Female,0,Yes,No,29,No,No phone service,DSL,Yes,Yes,No,No,No,Yes,Month-to-month,No,Electronic check,64.78,1872.77,Yes
3233-BDHL,Male,0,No,Yes,12,Yes,No,Fiber optic,No,Yes,No,No,Yes,No,Month-to-month,Yes,Electronic check,92.97,1105.21,Yes
3350-BDHL,Female,0,Yes,Yes,50,Yes,No,DSL,Yes,No,No,Yes,No,No,Month-to-month,No,Bank transfer (automatic),88.47,4423.01,Yes
3896-DJVH,Female,0,No,No,54,Yes,Yes,DSL,No,Yes,Yes,Yes,No,Yes,Month-to-month,Yes,Mailed check,90.57,4885.43,Yes
8570-CGOW,Female,0,No,No,19,Yes,Yes,No,No internet service,No internet service,No internet service,No internet service,No internet service,No internet service,Month-to-month,No,Bank transfer (automatic),47.5,906.17,No
8082-OQUY,Female,0,No,No,3,Yes,Yes,DSL,No,Yes,Yes,Yes,No,Yes,One year,Yes,Bank transfer (automatic),91.63,275.24,Yes
7219-WOYI,Female,0,Yes,No,40,Yes,Yes,DSL,Yes,No,No,Yes,Yes,No,Two year,No,Mailed check,97.4,3900.79,No
8099-UIKM,Male,0,No,No,45,Yes,No,Fiber optic,Yes,Yes,No,No,No,No,One year,Yes,Mailed check,95.17,4281.54,No
4195-BDHL,Female,0,Yes,No,52,Yes,Yes,Fiber optic,No,No,Yes,No,No,No,One year,No,Credit card (automatic),98.31,5102.35,Yes
3197-AAAA,Male,0,Yes,Yes,52,Yes,No,No,No internet service,No internet service,No internet service,No internet service,No internet service,No internet service,Month-to-month,Yes,Bank transfer (automatic),39.5,2051.53,No
6796-CGOW,Female,0,Yes,No,31,Yes,No,No,No internet service,No internet service,No internet service,No internet service,No internet service,No internet service,One year,Yes,Credit card (automatic),37.08,1150.72,No
4078-UIKM,Male,0,No,Yes,58,Yes,No,Fiber optic,Yes,No,Yes,Yes,Yes,Yes,One year,Yes,Credit card (automatic),118.75,6889.04,No
5243-KESG,Female,1,No,No,2,Yes,No,DSL,No,Yes,No,No,No,No,One year,Yes,Mailed check,67.02,122.15,Yes
3635-AAAA,Male,0,Yes,No,29,Yes,Yes,DSL,Yes,No,Yes,No,Yes,Yes,Month-to-month,Yes,Bank transfer (automatic),106.33,3084.47,Yes
1125-AAAA,Female,1,Yes,No,67,Yes,Yes,DSL,No,No,No,No,Yes,No,Two year,Yes,Electronic check,82.29,5513.7,No
2689-DJVH,Male,1,Yes,No,38,Yes,Yes,DSL,No,No,Yes,Yes,No,Yes,Month-to-month,Yes,Electronic check,96.44,3666.75,Yes
4191-TFDB,Male,0,Yes,No,0,Yes,Yes,Fiber optic,No,No,Yes,No,Yes,No,One year,Yes,Credit card (automatic),105.95,0.0,Yes
7860-XRFT,Male,0,No,No,27,Yes,Yes,Fiber optic,No,No,No,No,No,No,One year,Yes,Bank transfer (automatic),97.44,2630.37,Yes
6876-TFDB,Male,0,Yes,No,54,Yes,No,Fiber optic,No,Yes,No,Yes,No,No,Month-to-month,Yes,Bank transfer (automatic),95.1,5143.2,No
8035-JBLV,Female,0,No,No,71,Yes,No,DSL,No,No,No,Yes,Yes,No,Two year,Yes,Electronic check,81.76,5806.15,No
9566-BDHL,Female,1,No,Yes,50,Yes,Yes,Fiber optic,No,No,No,Yes,No,Yes,Two year,Yes,Credit card (automatic),116.34,5819.09,No
1711-YUME,Male,1,Yes,No,72,Yes,No,No,No internet service,No internet service,No internet service,No internet service,No internet service,No internet service,One year,No,Mailed check,39.93,2874.28,No
1628-VLRX,Female,0,No,No,45,Yes,Yes,Fiber optic,No,No,No,No,No,No,One year,No,Credit card (automatic),94.31,4236.47,Yes
2276-SCWQ,Female,0,No,No,25,Yes,Yes,Fiber optic,Yes,No,No,Yes,Yes,No,Month-to-month,Yes,Electronic check,118.64,2967.31,Yes
9512-NNNN,Male,0,No,No,30,Yes,No,DSL,Yes,No,No,No,Yes,Yes,Month-to-month,Yes,Credit card (automatic),91.03,2727.62,Yes
8099-JBLV,Male,0,No,No,61,Yes,Yes,DSL,Yes,No,No,No,Yes,No,Month-to-month,Yes,Mailed check,96.54,5882.48,Yes
9691-UIKM,Male,0,No,Yes,35,Yes,No,No,No internet service,No internet service,No internet service,No internet service,No internet service,No internet service,Two year,Yes,Credit card (automatic),42.86,1497.6,Yes
1969-QWIU,Male,0,No,No,40,Yes,Yes,No,No internet service,No internet service,No internet service,No internet service,No internet service,No internet service,Month-to-month,No,Credit card (automatic),50.37,2008.81,No
3618-VLRX,Male,0,No,No,20,Yes,No,No,No internet service,No internet service,No internet service,No internet service,No internet service,No internet service,Month-to-month,Yes,Electronic check,38.49,765.3,Yes
7159-UIKM,Male,0,No,Yes,53,Yes,Yes,No,No internet service,No internet service,No internet service,No internet service,No internet service,No internet service,Two year,No,Electronic check,54.4,2878.3,No
1224-UIKM,Female,0,Yes,No,67,Yes,Yes,No,No internet service,No internet service,No internet service,No internet service,No internet service,No internet service,One year,Yes,Credit card (automatic),49.24,3298.62,No
4839-AAAA,Female,0,No,No,10,Yes,No,Fiber optic,No,Yes,Yes,No,No,No,Month-to-month,No,Electronic check,86.11,857.56,Yes
9557-TFDB,Male,0,No,No,26,Yes,Yes,DSL,No,No,No,Yes,Yes,Yes,Month-to-month,Yes,Electronic check,102.11,2657.91,Yes
3866-NNNN,Male,0,Yes,No,12,No,No phone service,DSL,No,No,No,Yes,Yes,No,Two year,No,Electronic check,65.04,785.57,No
3355-RZPF,Female,0,No,No,28,Yes,Yes,DSL,Yes,Yes,Yes,Yes,No,No,Month-to-month,Yes,Electronic check,92.82,2601.59,Yes
5331-RZPF,Female,0,Yes,No,71,Yes,Yes,No,No internet service,No internet service,No internet service,No internet service,No internet service,No internet service,Two year,No,Credit card (automatic),47.84,3398.87,No
2777-SCWQ,Female,0,No,No,50,Yes,No,Fiber optic,No,No,Yes,Yes,Yes,Yes,Two year,No,Mailed check,114.97,5749.74,No
2265-UIKM,Female,0,No,Yes,7,Yes,Yes,DSL,No,Yes,No,No,No,Yes,Month-to-month,Yes,Credit card (automatic),84.64,589.45,Yes
5906-SCWQ,Female,0,Yes,No,18,Yes,No,Fiber optic,No,Yes,No,Yes,Yes,No,Two year,No,Bank transfer (automatic),101.64,1828.2,No
4277-PTBJ,Female,1,Yes,No,20,Yes,Yes,DSL,No,No,No,No,No,No,Two year,Yes,Credit card (automatic),78.33,1574.44,Yes
8833-EMCS,Female,0,No,Yes,29,Yes,Yes,DSL,No,Yes,No,No,No,No,Two year,No,Bank transfer (automatic),77.43,2247.09,No
4456-MKGC,Female,0,Yes,Yes,31,No,No phone service,No,No internet service,No internet service,No internet service,No internet service,No internet service,No internet service,Month-to-month,No,Mailed check,18.25,564.73,Yes
1867-KESG,Male,0,Yes,No,25,Yes,Yes,DSL,No,No,No,No,No,No,Two year,Yes,Electronic check,79.85,1990.5,No
8406-BDHL,Male,0,Yes,Yes,4,Yes,Yes,DSL,No,No,No,No,Yes,No,One year,No,Credit card (automatic),90.49,367.65,No
7542-ZXTP,Female,0,No,No,51,Yes,No,DSL,Yes,No,No,No,No,Yes,One year,No,Mailed check,83.52,4262.45,No
2627-DJVH,Male,0,No,No,29,Yes,No,Fiber optic,Yes,Yes,Yes,Yes,Yes,No,Month-to-month,Yes,Bank transfer (automatic),110.85,3209.31,Yes
6624-FPJD,Female,0,Yes,No,3,Yes,Yes,No,No internet service,No internet service,No internet service,No internet service,No internet service,No internet service,Month-to-month,No,Bank transfer (automatic),49.36,147.22,Yes
6367-JBLV,Female,0,Yes,No,30,No,No phone service,DSL,No,Yes,No,No,Yes,No,One year,Yes,Credit card (automatic),53.39,1600.19,Yes
3743-MKGC,Female,0,Yes,Yes,28,Yes,No,Fiber optic,Yes,No,No,No,No,No,One year,No,Electronic check,92.17,2590.76,No
1436-ZXTP,Male,0,No,Yes,20,No,No phone service,DSL,No,No,No,No,No,No,Month-to-month,Yes,Bank transfer (automatic),44.4,879.54,No
6578-AAAA,Female,0,Yes,Yes,54,Yes,No,Fiber optic,No,No,No,No,No,No,Month-to-month,No,Mailed check,84.88,4583.98,No
6650-UIKM,Female,0,No,No,16,No,No phone service,Fiber optic,Yes,No,Yes,No,Yes,No,Month-to-month,Yes,Electronic check,83.8,1338.0,Yes
6520-NNNN,Female,0,Yes,No,67,Yes,No,DSL,No,Yes,Yes,No,No,Yes,Month-to-month,Yes,Electronic check,74.82,5020.85,No
7116-SCWQ,Male,0,Yes,No,63,Yes,Yes,Fiber optic,No,Yes,No,Yes,Yes,No,Month-to-month,Yes,Mailed check,112.29,7078.63,Yes
3394-QWIU,Male,0,Yes,Yes,72,Yes,Yes,DSL,No,No,Yes,No,No,No,Month-to-month,Yes,Mailed check,75.13,5409.43,No
9080-JBLV,Male,0,Yes,No,2,Yes,No,No,No internet service,No internet service,No internet service,No internet service,No internet service,No internet service,Month-to-month,Yes,Electronic check,42.56,80.85,Yes
8569-CGOW,Male,0,Yes,No,45,Yes,Yes,Fiber optic,No,No,No,Yes,No,No,Month-to-month,No,Electronic check,104.86,4726.09,Yes
9790-HVXZ,Female,1,No,No,19,Yes,No,No,No internet service,No internet service,No internet service,No internet service,No internet service,No internet service,Month-to-month,No,Bank transfer (automatic),45.55,866.76,Yes
5232-GSQO,Male,0,Yes,No,37,Yes,Yes,DSL,Yes,Yes,No,No,Yes,Yes,Month-to-month,Yes,Electronic check,106.32,3933.03,Yes
7314-PTBJ,Male,0,Yes,No,19,Yes,Yes,No,No internet service,No internet service,No internet service,No internet service,No internet service,No internet service,Two year,Yes,Mailed check,47.87,917.27,No
1769-LHZR,Male,1,No,No,47,No,No phone service,Fiber optic,No,No,No,No,No,No,Month-to-month,No,Mailed check,64.62,3039.05,Yes
1660-PTBJ,Female,0,Yes,No,27,Yes,No,Fiber optic,Yes,Yes,No,No,No,Yes,Month-to-month,Yes,Mailed check,107.16,2901.92,Yes
4308-IYEK,Male,0,No,No,69,Yes,No,Fiber optic,Yes,Yes,No,Yes,Yes,Yes,One year,Yes,Electronic check,118.75,8195.41,Yes
8125-EMCS,Female,1,No,No,41,No,No phone service,Fiber optic,No,No,Yes,No,No,No,Two year,No,Electronic check,62.19,2548.51,No
5283-HVXZ,Female,0,No,Yes,52,Yes,Yes,Fiber optic,Yes,Yes,Yes,No,Yes,No,One year,No,Mailed check,112.02,5832.24,Yes
5402-BDHL,Female,0,Yes,No,55,Yes,Yes,Fiber optic,Yes,No,No,Yes,Yes,Yes,Month-to-month,No,Bank transfer (automatic),118.75,6525.68,No
1545-RZPF,Female,1,No,Yes,10,Yes,No,Fiber optic,Yes,No,Yes,No,No,Yes,Month-to-month,Yes,Mailed check,98.67,983.3,Yes
1552-UIKM,Female,0,Yes,No,72,No,No phone service,Fiber optic,No,No,Yes,No,Yes,Yes,One year,Yes,Credit card (automatic),90.3,6497.54,No
8723-DJVH,Female,0,No,No,14,Yes,Yes,No,No internet service,No internet service,No internet service,No internet service,No internet service,No internet service,Two year,No,Bank transfer (automatic),50.12,707.01,No
2913-NNNN,Male,0,No,No,42,Yes,Yes,DSL,Yes,Yes,No,Yes,Yes,No,One year,Yes,Electronic check,102.25,4298.98,No
2802-AAAA,Male,0,No,No,37,Yes,Yes,Fiber optic,No,Yes,No,Yes,Yes,Yes,One year,Yes,Bank transfer (automatic),118.75,4398.9,No
6182-OQUY,Male,0,Yes,No,64,Yes,Yes,Fiber optic,Yes,Yes,No,No,No,No,One year,Yes,Electronic check,106.47,6810.84,No
5670-YUME,Male,0,No,No,63,Yes,Yes,Fiber optic,No,Yes,Yes,No,Yes,Yes,Two year,Yes,Electronic check,111.94,7046.84,No
8490-TFDB,Female,0,No,No,10,Yes,Yes,Fiber optic,No,No,Yes,No,No,No,Month-to-month,Yes,Credit card (automatic),96.89,969.1,Yes
2673-BDHL,Female,0,Yes,No,18,Yes,No,Fiber optic,No,Yes,Yes,No,Yes,No,Month-to-month,Yes,Mailed check,93.15,1661.33,Yes
2912-MKGC,Female,0,No,No,43,Yes,No,Fiber optic,No,Yes,No,No,No,No,Month-to-month,Yes,Bank transfer (automatic),86.22,3702.73,Yes
2734-RZPF,Female,0,Yes,No,19,Yes,No,Fiber optic,Yes,Yes,Yes,No,No,Yes,Two year,No,Electronic check,104.27,1982.71,No
5445-QWIU,Male,0,No,No,31,Yes,No,DSL,No,Yes,No,Yes,No,Yes,Two year,Yes,Credit card (automatic),80.18,2489.42,No
3744-XRFT,Female,1,No,No,61,Yes,No,Fiber optic,No,No,No,Yes,No,No,Month-to-month,Yes,Mailed check,92.24,5629.2,No
7985-GSQO,Male,0,Yes,No,60,Yes,Yes,No,No internet service,No internet service,No internet service,No internet service,No internet service,No internet service,Two year,No,Credit card (automatic),50.87,3054.82,No
9490-JBLV,Female,0,No,No,21,No,No phone service,DSL,Yes,No,Yes,Yes,Yes,No,Two year,Yes,Electronic check,66.46,1384.77,No
7825-ZXTP,Female,0,Yes,No,47,Yes,No,DSL,No,No,Yes,No,Yes,Yes,Month-to-month,Yes,Electronic check,84.27,3958.96,No
3567-YUME,Female,0,Yes,Yes,69,Yes,No,DSL,Yes,Yes,No,No,No,No,One year,No,Mailed check,72.96,5036.4,No
2526-AAAA,Female,0,No,No,19,Yes,Yes,DSL,Yes,Yes,No,No,No,Yes,Month-to-month,Yes,Credit card (automatic),94.82,1802.1,Yes
8003-BDHL,Male,0,Yes,No,59,Yes,No,DSL,Yes,No,No,No,No,Yes,Two year,Yes,Electronic check,84.9,5010.27,No
7229-YUME,Male,0,No,No,1,Yes,No,Fiber optic,No,No,No,No,Yes,No,Month-to-month,Yes,Mailed check,88.98,87.44,Yes
9056-UIKM,Female,0,Yes,No,56,No,No phone service,DSL,Yes,Yes,Yes,No,Yes,No,Month-to-month,Yes,Credit card (automatic),65.29,3656.34,No
9228-SCWQ,Male,0,No,No,0,No,No phone service,Fiber optic,Yes,No,Yes,Yes,Yes,No,One year,Yes,Credit card (automatic),88.06,0.0,Yes
8804-DJVH,Female,0,No,No,46,Yes,No,DSL,No,No,Yes,No,Yes,No,Month-to-month,No,Mailed check,70.73,3255.63,Yes
8737-DJVH,Female,0,Yes,No,50,Yes,No,No,No internet service,No internet service,No internet service,No internet service,No internet service,No internet service,Month-to-month,Yes,Mailed check,38.47,1919.46,Yes
8349-JBLV,Male,0,Yes,Yes,21,Yes,No,Fiber optic,Yes,No,No,No,No,No,One year,Yes,Mailed check,93.03,1945.75,Yes
2129-CGOW,Female,0,Yes,No,60,Yes,No,Fiber optic,Yes,No,No,Yes,No,Yes,One year,Yes,Electronic check,110.85,6645.67,No
1235-VLRX,Male,0,No,Yes,5,Yes,No,No,No internet service,No internet service,No internet service,No internet service,No internet service,No internet service,Month-to-month,No,Credit card (automatic),43.83,218.76,Yes
7671-NNNN,Male,0,Yes,No,0,No,No phone service,No,No internet service,No internet service,No internet service,No internet service,No internet service,No internet service,Month-to-month,Yes,Bank transfer (automatic),19.11,0.0,No
4241-QWIU,Female,0,No,Yes,43,Yes,No,Fiber optic,No,No,No,No,No,No,Month-to-month,Yes,Electronic check,85.88,3690.29,Yes
7910-PTBJ,Female,0,Yes,No,58,No,No phone service,No,No internet service,No internet service,No internet service,No internet service,No internet service,No internet service,Month-to-month,No,Mailed check,21.87,1268.68,Yes
3159-MKGC,Female,0,No,Yes,71,Yes,Yes,No,No internet service,No internet service,No internet service,No internet service,No internet service,No internet service,Month-to-month,No,Credit card (automatic),50.46,3590.57,Yes
2930-FPJD,Female,0,No,No,9,Yes,No,Fiber optic,No,Yes,No,Yes,No,No,One year,Yes,Electronic check,94.52,850.2,Yes
1693-FPJD,Male,0,No,Yes,18,Yes,No,No,No internet service,No internet service,No internet service,No internet service,No internet service,No internet service,Month-to-month,No,Electronic check,38.3,690.45,Yes
5213-PTBJ,Male,0,Yes,No,58,Yes,Yes,No,No internet service,No internet service,No internet service,No internet service,No internet service,No internet service,One year,No,Bank transfer (automatic),47.03,2727.04,Yes
1575-LHZR,Female,0,Yes,Yes,27,Yes,No,Fiber optic,Yes,Yes,No,Yes,No,Yes,Two year,Yes,Mailed check,116.71,3151.53,Yes
7941-JBLV,Male,0,Yes,Yes,53,Yes,Yes,Fiber optic,No,Yes,No,Yes,No,No,Month-to-month,Yes,Mailed check,107.01,5663.59,Yes
1570-MKGC,Male,0,No,No,47,Yes,Yes,DSL,No,Yes,No,No,Yes,No,Month-to-month,Yes,Credit card (automatic),84.43,3973.26,Yes
3983-VLRX,Female,0,Yes,Yes,57,Yes,Yes,No,No internet service,No internet service,No internet service,No internet service,No internet service,No internet service,One year,No,Mailed check,47.98,2736.6,Yes
5904-JBLV,Female,0,No,No,41,Yes,Yes,No,No internet service,No internet service,No internet service,No internet service,No internet service,No internet service,Month-to-month,Yes,Credit card (automatic),47.57,1948.09,No
3196-RZPF,Female,0,Yes,No,40,Yes,No,Fiber optic,Yes,No,Yes,No,No,No,Month-to-month,Yes,Bank transfer (automatic),93.69,3747.4,No
8607-ZXTP,Male,0,Yes,No,21,Yes,Yes,Fiber optic,Yes,No,Yes,Yes,No,No,Month-to-month,No,Credit card (automatic),115.57,2426.3,Yes
9800-HVXZ,Female,0,No,No,0,No,No phone service,DSL,Yes,No,Yes,No,No,Yes,One year,Yes,Electronic check,63.57,0.0,No
3747-ZXTP,Female,0,No,No,43,Yes,No,No,No internet service,No internet service,No internet service,No internet service,No internet service,No internet service,Two year,No,Bank transfer (automatic),41.18,1772.44,No
9767-HVXZ,Male,1,No,No,66,Yes,No,Fiber optic,No,Yes,Yes,No,No,No,Month-to-month,No,Credit card (automatic),89.54,5902.93,No
4935-IYEK,Female,0,No,Yes,57,Yes,No,Fiber optic,Yes,Yes,No,Yes,No,Yes,Month-to-month,Yes,Bank transfer (automatic),110.85,6327.5,Yes
1726-FPJD,Male,0,No,No,26,Yes,Yes,Fiber optic,No,No,Yes,Yes,No,Yes,Two year,Yes,Electronic check,110.54,2871.71,No
3433-NNNN,Male,1,No,No,26,No,No phone service,DSL,Yes,No,No,No,Yes,No,Month-to-month,No,Credit card (automatic),65.6,1701.18,Yes
8968-CGOW,Female,0,No,Yes,60,Yes,Yes,Fiber optic,No,No,No,No,No,No,Two year,Yes,Bank transfer (automatic),94.93,5692.47,Yes
5970-PTBJ,Female,0,No,No,1,Yes,Yes,No,No internet service,No internet service,No internet service,No internet service,No internet service,No internet service,Month-to-month,Yes,Mailed check,49.66,44.08,Yes
4230-IYEK,Female,1,No,No,1,Yes,Yes,No,No internet service,No internet service,No internet service,No internet service,No internet service,No internet service,Month-to-month,No,Mailed check,52.46,54.38,Yes
8980-MKGC,Male,0,Yes,No,64,Yes,Yes,Fiber optic,No,No,No,Yes,No,No,Two year,Yes,Mailed check,101.29,6480.76,No
7287-HVXZ,Female,0,No,No,32,Yes,Yes,Fiber optic,No,No,No,Yes,No,Yes,One year,Yes,Electronic check,110.7,3535.96,No
1572-KESG,Female,0,Yes,No,52,Yes,Yes,Fiber optic,Yes,No,No,Yes,No,Yes,One year,No,Electronic check,118.57,6166.34,No
8027-LHZR,Male,0,No,Yes,33,Yes,Yes,DSL,No,No,No,Yes,Yes,No,Two year,No,Credit card (automatic),93.7,3097.33,No
6102-BDHL,Male,0,Yes,No,6,Yes,No,No,No internet service,No internet service,No internet service,No internet service,No internet service,No internet service,Month-to-month,Yes,Bank transfer (automatic),40.04,236.3,Yes
3557-ZXTP,Female,0,No,Yes,43,Yes,Yes,No,No internet service,No internet service,No internet service,No internet service,No internet service,No internet service,One year,Yes,Bank transfer (automatic),45.78,1965.2,No
3800-CGOW,Male,0,No,No,10,Yes,Yes,Fiber optic,No,No,No,No,Yes,No,One year,No,Bank transfer (automatic),102.42,1022.87,Yes
1865-DJVH,Male,0,No,No,39,Yes,No,No,No internet service,No internet service,No internet service,No internet service,No internet service,No internet service,One year,Yes,Credit card (automatic),34.59,1347.67,No
1142-IYEK,Female,0,No,Yes,33,Yes,Yes,DSL,No,No,Yes,Yes,No,No,Month-to-month,Yes,Mailed check,83.76,2757.27,Yes
3479-BDHL,Female,0,Yes,No,27,Yes,Yes,Fiber optic,No,No,Yes,Yes,No,No,Month-to-month,Yes,Electronic check,103.03,2778.73,Yes
9041-QWIU,Female,0,No,No,70,Yes,No,No,No internet service,No internet service,No internet service,No internet service,No internet service,No internet service,Two year,Yes,Mailed check,39.16,2739.03,No
7901-CGOW,Female,0,No,No,34,Yes,No,Fiber optic,Yes,No,Yes,No,No,Yes,Two year,No,Mailed check,107.75,3660.15,No
6398-PTBJ,Female,0,Yes,No,1,Yes,No,Fiber optic,Yes,No,Yes,No,No,Yes,Two year,Yes,Credit card (automatic),101.23,99.65,No
7726-GSQO,Female,0,Yes,Yes,12,Yes,No,No,No internet service,No internet service,No internet service,No internet service,No internet service,No internet service,Month-to-month,Yes,Credit card (automatic),36.11,437.61,Yes
6698-CGOW,Female,0,Yes,No,29,Yes,Yes,Fiber optic,Yes,Yes,No,No,No,Yes,Month-to-month,No,Mailed check,111.4,3225.73,Yes
1754-NNNN,Male,0,No,No,54,Yes,No,DSL,No,Yes,No,No,Yes,No,Month-to-month,No,Credit card (automatic),74.58,4027.5,No
2154-RZPF,Male,0,Yes,No,16,Yes,No,DSL,No,Yes,Yes,No,Yes,No,Two year,Yes,Mailed check,71.68,1146.25,No
8116-JBLV,Male,1,No,No,67,No,No phone service,DSL,No,Yes,No,Yes,No,Yes,Month-to-month,Yes,Mailed check,65.3,4380.47,No
3569-DJVH,Female,0,No,No,2,Yes,Yes,DSL,No,Yes,No,No,Yes,Yes,One year,Yes,Mailed check,91.97,186.85,Yes
3923-EMCS,Male,0,Yes,No,52,No,No phone service,Fiber optic,No,Yes,Yes,No,Yes,Yes,Two year,No,Electronic check,81.57,4240.64,No
3797-HVXZ,Female,0,Yes,Yes,30,Yes,No,DSL,No,No,No,Yes,Yes,Yes,Two year,Yes,Credit card (automatic),92.56,2774.33,No
7781-NNNN,Male,0,Yes,Yes,52,Yes,No,Fiber optic,No,No,No,No,No,No,Month-to-month,Yes,Electronic check,87.67,4545.61,Yes
5868-AAAA,Male,0,Yes,No,52,Yes,Yes,Fiber optic,Yes,Yes,No,Yes,No,No,Two year,Yes,Credit card (automatic),110.92,5767.61,No
7748-LHZR,Female,0,No,No,13,Yes,No,No,No internet service,No internet service,No internet service,No internet service,No internet service,No internet service,One year,No,Electronic check,40.27,520.83,No
7200-MKGC,Female,0,No,No,68,Yes,No,DSL,No,No,No,No,Yes,No,One year,Yes,Credit card (automatic),73.94,5025.68,No
6031-DJVH,Female,0,No,No,47,Yes,No,Fiber optic,No,Yes,No,No,Yes,No,Two year,Yes,Mailed check,94.38,4426.08,No
2466-XRFT,Male,0,Yes,No,5,Yes,Yes,DSL,No,No,No,No,No,No,Month-to-month,No,Electronic check,75.77,378.32,Yes
6797-IYEK,Male,0,Yes,Yes,72,Yes,Yes,Fiber optic,No,Yes,Yes,Yes,No,No,Month-to-month,Yes,Credit card (automatic),99.58,7166.38,No
2337-VLRX,Male,0,No,Yes,31,Yes,No,DSL,No,No,No,No,No,No,Month-to-month,Yes,Electronic check,64.8,2007.09,Yes
3875-CGOW,Female,1,No,No,51,Yes,Yes,Fiber optic,No,No,No,No,No,No,Two year,Yes,Credit card (automatic),91.48,4660.63,Yes
4553-OQUY,Female,0,Yes,No,42,Yes,No,Fiber optic,No,No,Yes,No,Yes,No,Month-to-month,Yes,Electronic check,95.39,4011.55,No
7911-PTBJ,Female,0,Yes,No,10,No,No phone service,DSL,No,No,No,No,Yes,No,One year,Yes,Bank transfer (automatic),55.09,556.17,Yes
5986-FPJD,Female,0,No,Yes,44,Yes,Yes,No,No internet service,No internet service,No internet service,No internet service,No internet service,No internet service,Month-to-month,No,Bank transfer (automatic),50.33,2220.14,No
1075-KESG,Female,0,Yes,No,14,Yes,No,Fiber optic,Yes,Yes,Yes,No,No,No,One year,Yes,Bank transfer (automatic),96.29,1349.52,No
5788-JBLV,Female,1,No,No,69,Yes,Yes,No,No internet service,No internet service,No internet service,No internet service,No internet service,No internet service,One year,No,Bank transfer (automatic),52.83,3641.36,No
2810-CGOW,Female,0,No,No,12,Yes,Yes,No,No internet service,No internet service,No internet service,No internet service,No internet service,No internet service,Month-to-month,Yes,Mailed check,50.0,603.93,Yes
6116-QWIU,Male,1,No,No,14,Yes,Yes,Fiber optic,Yes,No,Yes,Yes,Yes,No,One year,Yes,Electronic check,118.75,1662.69,Yes
1203-AAAA,Male,0,No,No,29,Yes,No,Fiber optic,No,No,No,Yes,Yes,Yes,One year,No,Electronic check,110.3,3196.11,No
9378-VLRX,Female,0,No,No,57,Yes,Yes,DSL,No,Yes,Yes,No,Yes,Yes,Month-to-month,Yes,Mailed check,96.34,5497.68,No
3523-YUME,Male,0,Yes,No,72,Yes,Yes,DSL,No,No,Yes,Yes,Yes,Yes,Month-to-month,No,Electronic check,103.54,7455.14,Yes
3643-BDHL,Female,1,Yes,No,57,No,No phone service,Fiber optic,Yes,No,Yes,Yes,No,No,Two year,No,Bank transfer (automatic),78.23,4449.94,No
1961-EMCS,Male,1,Yes,No,43,Yes,Yes,DSL,No,Yes,Yes,No,No,No,One year,No,Credit card (automatic),73.46,3152.76,No
4530-RZPF,Female,0,No,Yes,36,Yes,No,DSL,No,No,No,Yes,No,Yes,Month-to-month,Yes,Electronic check,83.27,2992.92,Yes
2708-HVXZ,Male,1,Yes,Yes,63,Yes,Yes,Fiber optic,No,No,No,No,Yes,No,One year,Yes,Mailed check,104.54,6593.21,No
6083-GSQO,Male,0,No,No,51,Yes,No,No,No internet service,No internet service,No internet service,No internet service,No internet service,No internet service,One year,Yes,Credit card (automatic),39.76,2027.84,No
9320-XRFT,Male,0,No,Yes,20,Yes,Yes,No,No internet service,No internet service,No internet service,No internet service,No internet service,No internet service,One year,No,Mailed check,56.5,1129.55,Yes
9587-HVXZ,Female,0,No,No,27,Yes,Yes,Fiber optic,Yes,No,No,No,No,No,Two year,No,Electronic check,100.55,2707.76,No
8367-GSQO,Male,0,No,No,48,Yes,No,DSL,No,No,No,Yes,No,Yes,One year,No,Electronic check,79.96,3838.08,No
3736-SCWQ,Female,0,No,No,70,Yes,No,Fiber optic,Yes,No,No,No,Yes,No,Month-to-month,Yes,Mailed check,99.32,6953.22,Yes
7999-SCWQ,Female,0,No,No,27,Yes,Yes,DSL,Yes,Yes,No,Yes,Yes,No,Month-to-month,No,Credit card (automatic),100.14,2710.29,No
5150-TFDB,Male,0,Yes,No,6,Yes,Yes,Fiber optic,Yes,No,No,No,No,Yes,Month-to-month,Yes,Electronic check,114.81,684.82,Yes
6541-SCWQ,Male,0,Yes,Yes,67,Yes,No,No,No internet service,No internet service,No internet service,No internet service,No internet service,No internet service,Month-to-month,No,Mailed check,38.95,2603.14,Yes
6166-JBLV,Male,0,No,No,63,Yes,No,Fiber optic,No,No,No,No,No,No,Month-to-month,Yes,Mailed check,88.27,5552.73,Yes
1754-MKGC,Female,0,Yes,Yes,22,Yes,Yes,Fiber optic,No,No,No,Yes,No,No,Two year,Yes,Credit card (automatic),103.93,2278.1,Yes
9399-VLRX,Female,1,No,No,40,Yes,Yes,DSL,No,Yes,Yes,Yes,Yes,Yes,Month-to-month,Yes,Bank transfer (automatic),103.33,4137.36,Yes
4259-ZXTP,Male,0,Yes,No,61,Yes,Yes,Fiber optic,No,No,Yes,No,Yes,No,Month-to-month,Yes,Credit card (automatic),103.26,6294.06,No
6319-TFDB,Female,0,Yes,No,13,Yes,Yes,Fiber optic,No,Yes,No,Yes,Yes,No,Month-to-month,Yes,Electronic check,111.83,1454.78,Yes
7364-AAAA,Female,0,No,No,5,Yes,No,Fiber optic,No,No,No,No,No,No,One year,Yes,Mailed check,83.72,413.78,No
5492-VLRX,Female,0,Yes,Yes,61,Yes,Yes,Fiber optic,No,No,Yes,Yes,No,No,Month-to-month,Yes,Mailed check,105.8,6457.7,Yes
3155-GSQO,Male,0,Yes,Yes,21,Yes,No,No,No internet service,No internet service,No internet service,No internet service,No internet service,No internet service,Month-to-month,Yes,Mailed check,39.23,823.74,Yes
9890-ZXTP,Female,0,Yes,No,50,Yes,Yes,Fiber optic,Yes,Yes,No,No,No,No,One year,Yes,Mailed check,105.96,5290.92,Yes
9032-KESG,Female,1,Yes,No,37,No,No phone service,DSL,No,No,No,No,No,Yes,One year,No,Bank transfer (automatic),56.07,2072.85,Yes
3198-TFDB,Male,1,Yes,Yes,19,No,No phone service,DSL,Yes,No,Yes,Yes,No,No,One year,Yes,Electronic check,62.22,1188.83,No
5615-AAAA,Male,1,No,Yes,51,Yes,No,DSL,No,No,No,Yes,Yes,No,Month-to-month,No,Mailed check,83.66,4259.7,No
5270-GSQO,Male,0,Yes,No,56,Yes,Yes,No,No internet service,No internet service,No internet service,No internet service,No internet service,No internet service,One year,No,Credit card (automatic),46.6,2614.9,No
4174-EMCS,Female,0,Yes,No,65,Yes,Yes,Fiber optic,No,Yes,Yes,Yes,No,No,One year,No,Credit card (automatic),102.06,6641.57,No
2733-AAAA,Female,0,Yes,No,20,No,No phone service,DSL,No,Yes,No,Yes,No,Yes,Month-to-month,No,Electronic check,61.86,1241.05,Yes
3972-OQUY,Female,0,No,No,62,Yes,Yes,No,No internet service,No internet service,No internet service,No internet service,No internet service,No internet service,Two year,Yes,Credit card (automatic),51.29,3182.81,No
6276-YUME,Female,0,No,No,46,Yes,Yes,Fiber optic,No,No,No,No,No,Yes,Month-to-month,No,Electronic check,109.69,5050.24,Yes
6510-ZXTP,Female,1,No,No,2,Yes,No,Fiber optic,No,No,No,Yes,Yes,No,Two year,Yes,Mailed check,98.06,197.22,No
2764-MKGC,Male,0,Yes,No,22,Yes,No,No,No internet service,No internet service,No internet service,No internet service,No internet service,No internet service,One year,No,Credit card (automatic),41.54,909.65,No
8036-WOYI,Female,0,Yes,Yes,3,No,No phone service,Fiber optic,No,No,No,No,Yes,No,Two year,Yes,Mailed check,74.05,219.94,No
2742-WOYI,Female,0,Yes,No,63,Yes,Yes,Fiber optic,No,No,No,Yes,No,Yes,Month-to-month,Yes,Bank transfer (automatic),111.56,7022.69,Yes
8996-EMCS,Female,0,No,No,60,Yes,No,DSL,No,No,No,Yes,No,Yes,Two year,No,Credit card (automatic),83.27,4989.7,No
6229-YUME,Female,1,Yes,No,19,Yes,No,Fiber optic,Yes,Yes,No,Yes,Yes,No,One year,Yes,Mailed check,107.73,2046.33,Yes
7774-SCWQ,Female,0,Yes,No,11,Yes,Yes,No,No internet service,No internet service,No internet service,No internet service,No internet service,No internet service,Month-to-month,Yes,Electronic check,48.76,536.32,No
1941-RZPF,Female,0,Yes,No,61,Yes,No,DSL,Yes,No,No,No,No,Yes,Month-to-month,Yes,Credit card (automatic),80.36,4892.0,Yes
7875-LHZR,Male,0,No,Yes,40,Yes,No,No,No internet service,No internet service,No internet service,No internet service,No internet service,No internet service,Month-to-month,No,Bank transfer (automatic),41.94,1674.86,No
6110-FPJD,Male,1,No,No,51,Yes,Yes,Fiber optic,No,No,Yes,No,Yes,No,One year,No,Electronic check,103.88,5297.55,No
8460-TFDB,Female,0,No,No,36,Yes,Yes,Fiber optic,Yes,Yes,Yes,Yes,No,No,One year,Yes,Electronic check,107.67,3875.84,Yes
3843-UIKM,Female,0,No,No,50,Yes,Yes,DSL,No,No,Yes,No,No,No,One year,Yes,Mailed check,73.75,3688.2,Yes
1129-EMCS,Female,0,Yes,No,54,Yes,Yes,No,No internet service,No internet service,No internet service,No internet service,No internet service,No internet service,Month-to-month,Yes,Bank transfer (automatic),48.73,2641.39,Yes
2164-RZPF,Male,1,No,Yes,40,Yes,Yes,No,No internet service,No internet service,No internet service,No internet service,No internet service,No internet service,One year,No,Mailed check,50.44,2012.03,Yes
8568-EMCS,Female,0,Yes,No,51,Yes,No,DSL,Yes,No,Yes,No,Yes,No,Two year,Yes,Electronic check,81.53,4160.38,No
3961-FPJD,Male,0,Yes,Yes,9,Yes,No,DSL,Yes,Yes,No,No,No,Yes,Month-to-month,No,Electronic check,82.97,751.3,Yes
7477-EMCS,Male,1,Yes,No,63,Yes,No,Fiber optic,No,Yes,Yes,No,No,No,Month-to-month,Yes,Bank transfer (automatic),83.53,5260.66,Yes
1808-VLRX,Male,1,No,No,54,Yes,Yes,No,No internet service,No internet service,No internet service,No internet service,No internet service,No internet service,One year,No,Bank transfer (automatic),52.41,2825.27,No
2184-WOYI,Male,0,No,Yes,16,Yes,Yes,Fiber optic,Yes,Yes,Yes,Yes,Yes,No,One year,No,Mailed check,118.75,1900.14,No
4496-TFDB,Male,0,No,No,63,Yes,Yes,DSL,No,Yes,Yes,Yes,Yes,Yes,Two year,Yes,Electronic check,103.83,6547.92,No
8937-UIKM,Male,0,Yes,Yes,70,Yes,Yes,Fiber optic,No,Yes,No,Yes,Yes,Yes,Month-to-month,No,Electronic check,118.75,8306.05,Yes
7899-DJVH,Male,1,No,No,66,Yes,No,No,No internet service,No internet service,No internet service,No internet service,No internet service,No internet service,Month-to-month,Yes,Mailed check,40.76,2689.26,No
7274-FPJD,Female,0,No,No,16,Yes,No,DSL,No,Yes,No,Yes,Yes,No,Two year,Yes,Credit card (automatic),80.63,1284.76,Yes
3137-PTBJ,Male,0,No,No,39,Yes,Yes,Fiber optic,No,No,Yes,No,No,No,One year,Yes,Electronic check,95.19,3713.2,Yes
4786-LHZR,Female,0,Yes,No,36,Yes,Yes,Fiber optic,Yes,No,Yes,Yes,Yes,No,Two year,Yes,Credit card (automatic),116.22,4182.98,No
7166-UIKM,Female,0,No,No,31,Yes,No,No,No internet service,No internet service,No internet service,No internet service,No internet service,No internet service,One year,Yes,Bank transfer (automatic),37.05,1141.61,No
3349-XRFT,Male,0,No,No,50,Yes,Yes,No,No internet service,No internet service,No internet service,No internet service,No internet service,No internet service,Month-to-month,Yes,Credit card (automatic),49.14,2460.35,Yes
1419-QWIU,Female,0,Yes,Yes,53,Yes,Yes,DSL,Yes,No,No,Yes,No,Yes,Month-to-month,Yes,Credit card (automatic),103.55,5482.65,No
3415-IYEK,Male,1,Yes,No,5,Yes,Yes,No,No internet service,No internet service,No internet service,No internet service,No internet service,No internet service,Month-to-month,No,Credit card (automatic),51.43,260.49,Yes
1471-EMCS,Female,0,No,Yes,48,Yes,Yes,Fiber optic,No,Yes,Yes,No,No,No,Month-to-month,Yes,Bank transfer (automatic),95.39,4585.9,Yes
5008-IYEK,Female,0,No,No,44,Yes,Yes,No,No internet service,No internet service,No internet service,No internet service,No internet service,No internet service,Month-to-month,No,Electronic check,53.53,2355.84,No
9468-LHZR,Female,0,No,No,68,No,No phone service,Fiber optic,No,No,Yes,No,Yes,Yes,Month-to-month,Yes,Electronic check,85.58,5825.94,Yes
5444-EMCS,Female,1,Yes,No,49,Yes,No,Fiber optic,No,No,Yes,No,No,Yes,Month-to-month,No,Electronic check,94.57,4643.17,No
7500-OQUY,Female,0,No,Yes,35,Yes,Yes,No,No internet service,No internet service,No internet service,No internet service,No internet service,No internet service,Two year,Yes,Electronic check,48.58,1700.28,Yes
7858-DJVH,Female,0,Yes,No,51,No,No phone service,Fiber optic,No,Yes,Yes,No,No,No,Two year,Yes,Mailed check,62.1,3164.48,Yes
7016-KESG,Male,1,Yes,No,13,Yes,Yes,DSL,Yes,Yes,Yes,No,Yes,No,Two year,No,Mailed check,95.42,1242.31,No
7380-HVXZ,Male,0,Yes,Yes,22,Yes,No,No,No internet service,No internet service,No internet service,No internet service,No internet service,No internet service,One year,Yes,Electronic check,41.94,924.1,No
7628-EMCS,Female,0,No,No,11,No,No phone service,Fiber optic,Yes,No,No,Yes,No,Yes,Month-to-month,No,Bank transfer (automatic),91.4,1003.47,Yes
2100-NNNN,Female,0,No,No,54,Yes,Yes,Fiber optic,Yes,No,No,Yes,Yes,No,Month-to-month,No,Credit card (automatic),118.75,6405.61,No
1512-HVXZ,Female,0,Yes,Yes,22,Yes,No,DSL,No,No,No,No,No,No,One year,No,Mailed check,66.12,1459.01,Yes
2887-RZPF,Female,1,No,No,30,Yes,Yes,Fiber optic,No,Yes,No,No,Yes,No,One year,Yes,Bank transfer (automatic),105.94,3178.91,Yes
4893-JBLV,Female,0,No,Yes,61,Yes,No,No,No internet service,No internet service,No internet service,No internet service,No internet service,No internet service,Month-to-month,Yes,Mailed check,40.08,2441.77,Yes
4605-KESG,Male,1,No,No,44,Yes,Yes,DSL,No,No,Yes,No,No,No,Month-to-month,No,Credit card (automatic),73.38,3226.43,Yes
6233-LHZR,Female,0,Yes,No,11,Yes,No,Fiber optic,No,Yes,Yes,Yes,Yes,No,Month-to-month,Yes,Credit card (automatic),104.8,1154.32,Yes
4153-GSQO,Female,0,No,No,44,Yes,No,DSL,No,No,Yes,Yes,No,No,Month-to-month,No,Credit card (automatic),69.34,3053.34,Yes
7677-DJVH,Female,0,No,No,69,Yes,No,Fiber optic,No,Yes,Yes,No,No,No,One year,No,Electronic check,81.45,5623.35,Yes
9243-PTBJ,Female,1,No,Yes,6,Yes,Yes,Fiber optic,No,No,No,Yes,No,No,Two year,No,Mailed check,105.78,625.32,No
9690-YUME,Female,0,No,Yes,46,Yes,No,DSL,Yes,No,No,No,No,Yes,Month-to-month,No,Mailed check,90.12,4151.07,Yes
5211-BDHL,Female,0,No,Yes,33,Yes,Yes,DSL,Yes,No,No,No,No,No,Two year,No,Mailed check,81.33,2679.23,No
8257-LHZR,Male,0,Yes,No,37,Yes,No,DSL,Yes,No,Yes,No,Yes,Yes,One year,No,Credit card (automatic),89.46,3307.35,No
8548-NNNN,Male,0,No,No,41,Yes,No,DSL,Yes,No,Yes,No,Yes,No,Month-to-month,Yes,Mailed check,81.71,3354.56,No
5369-BDHL,Male,0,No,Yes,24,Yes,No,DSL,No,Yes,No,Yes,Yes,No,One year,Yes,Bank transfer (automatic),84.98,2039.85,Yes
3136-SCWQ,Male,0,Yes,Yes,48,Yes,Yes,DSL,No,No,Yes,Yes,Yes,Yes,Month-to-month,No,Mailed check,105.03,5045.97,Yes
1536-FPJD,Female,0,No,No,49,Yes,Yes,Fiber optic,No,No,No,Yes,No,Yes,Month-to-month,No,Mailed check,115.92,5673.64,Yes
6637-FPJD,Female,0,No,Yes,29,No,No phone service,DSL,No,No,No,No,No,No,Month-to-month,No,Mailed check,40.51,1174.8,Yes
7016-AAAA,Male,0,Yes,No,70,Yes,No,No,No internet service,No internet service,No internet service,No internet service,No internet service,No internet service,Month-to-month,Yes,Electronic check,40.3,2819.69,No
7396-LHZR,Male,0,No,No,17,Yes,Yes,Fiber optic,Yes,Yes,Yes,No,Yes,Yes,Month-to-month,Yes,Mailed check,118.75,2027.05,Yes
4766-NNNN,Male,1,No,Yes,12,Yes,No,Fiber optic,Yes,No,No,Yes,Yes,Yes,Month-to-month,Yes,Electronic check,118.75,1423.51,Yes
3824-SCWQ,Female,0,No,No,55,Yes,Yes,Fiber optic,Yes,No,No,No,No,Yes,Month-to-month,Yes,Electronic check,117.45,6461.38,Yes
2196-IYEK,Female,0,Yes,Yes,43,Yes,No,Fiber optic,Yes,No,No,No,No,Yes,One year,Yes,Mailed check,103.17,4439.29,No
8482-ZXTP,Female,1,No,No,69,Yes,No,Fiber optic,Yes,Yes,No,No,No,Yes,Month-to-month,Yes,Bank transfer (automatic),105.07,7240.98,Yes
7230-JBLV,Male,0,No,Yes,23,Yes,No,DSL,No,Yes,No,No,Yes,No,Month-to-month,No,Mailed check,77.1,1772.32,Yes
5988-EMCS,Female,0,Yes,No,16,Yes,No,Fiber optic,Yes,No,No,No,No,No,Month-to-month,Yes,Electronic check,94.08,1508.62,No
6275-CGOW,Male,0,No,Yes,70,Yes,No,DSL,No,Yes,No,No,No,Yes,Month-to-month,No,Electronic check,73.44,5136.32,Yes
8659-UIKM,Female,0,Yes,No,5,No,No phone service,Fiber optic,No,No,Yes,No,Yes,Yes,Month-to-month,No,Mailed check,83.06,400.23,Yes
4225-RZPF,Female,0,No,Yes,16,Yes,No,DSL,Yes,Yes,Yes,Yes,No,Yes,Month-to-month,Yes,Electronic check,90.33,1448.74,Yes
1861-CGOW,Female,0,No,No,8,No,No phone service,Fiber optic,No,Yes,No,No,Yes,No,Month-to-month,No,Credit card (automatic),79.11,629.78,No
4687-OQUY,Female,0,Yes,Yes,11,Yes,No,Fiber optic,No,No,No,No,No,Yes,One year,Yes,Mailed check,94.67,1050.22,Yes
5753-CGOW,Female,0,No,No,2,No,No phone service,DSL,No,No,Yes,No,No,Yes,Month-to-month,No,Mailed check,56.51,120.34,Yes
2030-BDHL,Male,0,Yes,No,62,Yes,Yes,No,No internet service,No internet service,No internet service,No internet service,No internet service,No internet service,Month-to-month,Yes,Bank transfer (automatic),54.39,3372.78,No
9445-IYEK,Female,0,No,No,61,Yes,Yes,DSL,No,Yes,No,No,No,No,Month-to-month,Yes,Credit card (automatic),80.56,4913.1,No
8054-EMCS,Male,0,No,No,70,Yes,Yes,Fiber optic,Yes,Yes,Yes,No,No,Yes,Two year,No,Bank transfer (automatic),112.72,7890.79,No
8164-YUME,Male,0,No,No,33,Yes,Yes,Fiber optic,Yes,No,No,Yes,Yes,Yes,Month-to-month,Yes,Mailed check,118.75,3917.82,Yes
8326-EMCS,Female,1,Yes,Yes,4,Yes,Yes,Fiber optic,No,Yes,Yes,No,No,Yes,One year,No,Bank transfer (automatic),105.46,417.53,Yes
5612-JBLV,Male,0,No,No,44,Yes,No,No,No internet service,No internet service,No internet service,No internet service,No internet service,No internet service,Month-to-month,No,Mailed check,40.29,1770.94,No
7331-UIKM,Female,0,Yes,No,58,Yes,No,Fiber optic,No,No,No,No,Yes,No,One year,Yes,Electronic check,97.1,5637.38,Yes
3322-AAAA,Male,0,Yes,No,55,Yes,No,DSL,No,No,No,No,No,No,Two year,Yes,Bank transfer (automatic),63.2,3466.77,No
7737-OQUY,Male,0,Yes,No,18,Yes,No,Fiber optic,No,No,Yes,No,Yes,Yes,Month-to-month,Yes,Electronic check,108.05,1941.26,Yes
1692-EMCS,Male,0,Yes,No,45,Yes,Yes,Fiber optic,No,No,Yes,Yes,Yes,Yes,Month-to-month,No,Electronic check,118.75,5347.04,Yes
4561-LHZR,Female,1,Yes,No,42,Yes,No,DSL,No,No,No,No,No,Yes,Month-to-month,Yes,Electronic check,70.97,2978.2,Yes
5376-OQUY,Female,0,No,No,60,Yes,No,No,No internet service,No internet service,No internet service,No internet service,No internet service,No internet service,Two year,No,Electronic check,37.75,2268.32,No
4331-ZXTP,Female,0,No,No,36,Yes,No,No,No internet service,No internet service,No internet service,No internet service,No internet service,No internet service,Two year,Yes,Mailed check,44.51,1597.99,No
8876-UIKM,Male,1,Yes,Yes,16,Yes,No,DSL,Yes,Yes,Yes,No,No,No,Month-to-month,Yes,Credit card (automatic),72.7,1165.28,Yes
9415-FPJD,Male,1,Yes,No,51,Yes,Yes,Fiber optic,No,Yes,No,No,No,No,Two year,Yes,Credit card (automatic),98.17,5000.54,No
2673-DJVH,Male,0,No,Yes,32,Yes,No,No,No internet service,No internet service,No internet service,No internet service,No internet service,No internet service,One year,Yes,Electronic check,38.42,1221.47,No
2988-QWIU,Male,0,No,No,2,Yes,Yes,DSL,Yes,No,No,No,Yes,No,Month-to-month,No,Bank transfer (automatic),95.51,183.97,Yes
2036-CGOW,Male,0,No,No,24,Yes,No,No,No internet service,No internet service,No internet service,No internet service,No internet service,No internet service,Month-to-month,Yes,Bank transfer (automatic),43.24,1041.77,Yes
1064-AAAA,Male,0,No,No,42,No,No phone service,DSL,Yes,Yes,No,No,No,No,Two year,Yes,Bank transfer (automatic),51.09,2153.68,No
8114-RZPF,Female,0,Yes,No,42,Yes,No,DSL,Yes,No,No,Yes,No,No,Month-to-month,Yes,Mailed check,82.49,3464.26,No
2751-PTBJ,Female,0,Yes,No,48,Yes,Yes,Fiber optic,Yes,No,Yes,No,Yes,No,Month-to-month,No,Electronic check,116.58,5596.07,Yes
6983-IYEK,Male,1,Yes,Yes,0,Yes,No,DSL,No,Yes,No,No,Yes,No,Two year,No,Mailed check,74.32,0.0,No
4720-BDHL,Female,0,No,No,4,Yes,Yes,Fiber optic,Yes,No,Yes,No,No,Yes,One year,Yes,Electronic check,115.07,464.24,Yes
2537-MKGC,Male,0,No,No,68,Yes,Yes,Fiber optic,No,No,No,No,No,No,Month-to-month,Yes,Credit card (automatic),96.79,6583.02,Yes
1386-CGOW,Male,0,No,No,60,Yes,No,DSL,Yes,Yes,Yes,Yes,No,Yes,Month-to-month,No,Credit card (automatic),90.65,5433.92,Yes
8011-UIKM,Female,0,Yes,Yes,2,Yes,Yes,Fiber optic,No,No,Yes,No,No,Yes,One year,No,Mailed check,101.52,196.11,Yes
9383-TFDB,Male,0,Yes,No,1,Yes,Yes,No,No internet service,No internet service,No internet service,No internet service,No internet service,No internet service,Month-to-month,Yes,Bank transfer (automatic),54.03,59.38,Yes
6690-TFDB,Female,0,No,No,40,Yes,Yes,DSL,Yes,No,Yes,No,Yes,No,One year,No,Electronic check,90.99,3643.44,No
9536-RZPF,Female,0,No,No,3,Yes,Yes,Fiber optic,No,Yes,No,Yes,No,Yes,One year,No,Bank transfer (automatic),112.41,343.3,Yes
8029-MKGC,Female,0,Yes,No,46,Yes,No,No,No internet service,No internet service,No internet service,No internet service,No internet service,No internet service,Month-to-month,Yes,Credit card (automatic),38.61,1773.84,No
8489-HVXZ,Female,1,Yes,No,69,Yes,No,Fiber optic,No,Yes,No,Yes,Yes,Yes,Two year,No,Electronic check,114.19,7879.0,No
9007-LHZR,Female,0,No,No,12,No,No phone service,Fiber optic,Yes,No,Yes,No,No,No,Month-to-month,No,Mailed check,72.4,867.16,Yes
7278-OQUY,Female,0,No,No,57,Yes,Yes,DSL,Yes,Yes,No,Yes,No,Yes,Month-to-month,Yes,Bank transfer (automatic),103.47,5903.3,No
7054-LHZR,Female,0,No,No,29,Yes,Yes,Fiber optic,No,Yes,No,Yes,No,No,Month-to-month,Yes,Electronic check,104.49,3032.67,Yes
3999-ZXTP,Male,1,No,No,44,Yes,No,No,No internet service,No internet service,No internet service,No internet service,No internet service,No internet service,Month-to-month,No,Electronic check,41.23,1816.0,Yes
2380-EMCS,Male,0,No,No,0,No,No phone service,Fiber optic,Yes,Yes,No,Yes,Yes,No,Month-to-month,Yes,Electronic check,89.71,0.0,Yes
9346-DJVH,Female,0,Yes,Yes,25,Yes,Yes,Fiber optic,No,No,Yes,Yes,Yes,No,One year,No,Electronic check,112.58,2803.35,No
4121-LHZR,Male,0,Yes,Yes,2,Yes,Yes,DSL,Yes,Yes,No,No,No,No,Month-to-month,Yes,Mailed check,86.01,170.84,No
2467-XRFT,Female,0,Yes,No,56,Yes,Yes,DSL,No,No,No,No,No,No,Month-to-month,No,Electronic check,72.39,4050.17,Yes
2378-SCWQ,Female,0,No,No,39,Yes,No,DSL,Yes,No,Yes,Yes,No,No,Month-to-month,No,Credit card (automatic),73.15,2850.84,No
2306-JBLV,Female,0,Yes,No,23,Yes,No,DSL,No,Yes,No,Yes,No,No,One year,No,Bank transfer (automatic),76.96,1764.5,Yes
5994-VLRX,Male,0,Yes,Yes,60,Yes,No,DSL,Yes,No,Yes,Yes,No,Yes,Month-to-month,No,Mailed check,91.73,5504.87,No
9933-CGOW,Female,1,No,No,50,Yes,No,DSL,No,Yes,Yes,No,No,Yes,Month-to-month,Yes,Credit card (automatic),71.0,3543.66,No
8993-JBLV,Female,1,Yes,No,45,Yes,Yes,DSL,Yes,No,No,No,No,No,Month-to-month,Yes,Electronic check,82.74,3719.7,Yes
4419-KESG,Male,0,Yes,No,31,Yes,No,DSL,No,No,No,Yes,No,No,Two year,Yes,Credit card (automatic),76.15,2359.96,No
5933-OQUY,Female,0,Yes,No,51,Yes,No,Fiber optic,No,Yes,No,No,No,Yes,Month-to-month,Yes,Bank transfer (automatic),97.11,4957.1,Yes
2991-EMCS,Male,1,Yes,Yes,24,Yes,Yes,No,No internet service,No internet service,No internet service,No internet service,No internet service,No internet service,One year,No,Mailed check,49.05,1174.24,No
5025-NNNN,Female,1,No,No,59,No,No phone service,Fiber optic,Yes,No,No,No,Yes,No,Two year,No,Mailed check,86.21,5082.86,Yes
6457-FPJD,Male,1,Yes,Yes,17,Yes,Yes,Fiber optic,No,Yes,No,No,No,No,Two year,No,Electronic check,94.98,1618.83,Yes
9597-TFDB,Female,0,No,No,17,No,No phone service,No,No internet service,No internet service,No internet service,No internet service,No internet service,No internet service,Two year,Yes,Mailed check,18.58,314.39,No
3385-PTBJ,Female,0,No,No,56,Yes,Yes,DSL,Yes,No,No,Yes,Yes,No,One year,Yes,Credit card (automatic),100.42,5622.31,No
9579-KESG,Female,0,No,No,51,Yes,No,Fiber optic,No,Yes,No,No,Yes,No,Two year,Yes,Credit card (automatic),96.56,4928.24,No
1918-CGOW,Female,0,No,No,45,Yes,Yes,Fiber optic,Yes,No,Yes,Yes,Yes,Yes,Month-to-month,Yes,Mailed check,118.75,5340.94,Yes
6305-VLRX,Female,0,No,No,62,Yes,No,No,No internet service,No internet service,No internet service,No internet service,No internet service,No internet service,Month-to-month,Yes,Mailed check,41.22,2550.85,No
4042-SCWQ,Male,0,No,No,47,Yes,No,No,No internet service,No internet service,No internet service,No internet service,No internet service,No internet service,Month-to-month,Yes,Bank transfer (automatic),39.96,1871.39,No
5327-EMCS,Male,0,No,No,45,Yes,Yes,Fiber optic,No,No,Yes,Yes,Yes,No,Month-to-month,Yes,Mailed check,118.37,5329.59,Yes
3761-AAAA,Female,1,Yes,No,55,Yes,No,No,No internet service,No internet service,No internet service,No internet service,No internet service,No internet service,Month-to-month,Yes,Mailed check,34.89,1912.48,Yes
2134-IYEK,Male,0,Yes,No,23,Yes,Yes,Fiber optic,No,No,No,Yes,Yes,Yes,One year,Yes,Bank transfer (automatic),118.75,2725.41,Yes
7516-TFDB,Female,0,No,No,72,Yes,No,DSL,No,Yes,Yes,No,No,Yes,Month-to-month,No,Credit card (automatic),76.17,5490.54,No
5911-SCWQ,Male,0,Yes,No,70,Yes,No,Fiber optic,No,No,No,Yes,No,Yes,Month-to-month,Yes,Mailed check,98.99,6931.54,Yes
9226-VLRX,Male,0,Yes,Yes,42,Yes,Yes,DSL,No,No,Yes,No,No,No,One year,No,Mailed check,72.27,3035.49,No
2412-IYEK,Male,0,Yes,Yes,45,Yes,Yes,No,No internet service,No internet service,No internet service,No internet service,No internet service,No internet service,One year,No,Credit card (automatic),47.41,2129.06,No
6074-IYEK,Male,0,No,No,24,Yes,No,DSL,No,No,Yes,No,Yes,Yes,One year,Yes,Credit card (automatic),89.57,2149.85,No
8069-PTBJ,Male,0,No,Yes,33,Yes,No,DSL,No,No,Yes,No,No,No,Two year,Yes,Mailed check,66.2,2190.21,No
2381-SCWQ,Male,0,No,No,31,Yes,Yes,Fiber optic,Yes,Yes,No,Yes,No,Yes,Two year,Yes,Mailed check,118.75,3681.17,No
9849-PTBJ,Female,0,No,No,37,Yes,No,No,No internet service,No internet service,No internet service,No internet service,No internet service,No internet service,Month-to-month,No,Mailed check,40.16,1479.72,No
7652-QWIU,Male,0,No,No,61,Yes,Yes,Fiber optic,No,No,No,No,No,Yes,Month-to-month,No,Electronic check,103.42,6303.6,Yes
4466-AAAA,Female,0,Yes,No,27,Yes,No,No,No internet service,No internet service,No internet service,No internet service,No internet service,No internet service,Two year,Yes,Bank transfer (automatic),37.09,999.5,No
6416-KESG,Female,0,No,No,6,Yes,Yes,DSL,Yes,No,No,No,Yes,No,Two year,No,Credit card (automatic),93.63,556.19,No
7541-WOYI,Female,0,Yes,No,24,Yes,No,Fiber optic,No,No,No,No,Yes,No,Month-to-month,Yes,Mailed check,96.37,2311.35,Yes
1785-MKGC,Male,0,Yes,Yes,45,Yes,Yes,Fiber optic,No,No,Yes,No,Yes,Yes,One year,No,Mailed check,113.24,5087.31,No
2365-TFDB,Female,0,Yes,Yes,39,Yes,No,No,No internet service,No internet service,No internet service,No internet service,No internet service,No internet service,Two year,Yes,Credit card (automatic),42.92,1679.32,No
5813-VLRX,Male,1,Yes,No,7,Yes,No,No,No internet service,No internet service,No internet service,No internet service,No internet service,No internet service,Month-to-month,Yes,Electronic check,43.86,309.28,Yes
9716-FPJD,Male,0,Yes,No,52,Yes,No,Fiber optic,No,No,No,No,No,No,One year,No,Mailed check,87.28,4539.53,Yes
2075-YUME,Male,0,No,No,65,Yes,No,Fiber optic,Yes,No,No,No,No,Yes,Month-to-month,Yes,Credit card (automatic),103.22,6712.1,Yes
7447-LHZR,Female,0,No,No,31,Yes,No,Fiber optic,No,Yes,Yes,No,No,Yes,Month-to-month,No,Credit card (automatic),99.28,3072.69,Yes
1919-SCWQ,Female,1,No,No,62,Yes,Yes,DSL,Yes,No,No,Yes,No,No,Month-to-month,No,Electronic check,94.83,5880.57,Yes
3176-PTBJ,Female,0,No,No,28,Yes,Yes,Fiber optic,No,No,No,Yes,Yes,No,One year,Yes,Credit card (automatic),108.92,3050.8,Yes
8548-LHZR,Male,1,No,Yes,47,Yes,No,DSL,No,No,No,No,No,No,Month-to-month,No,Credit card (automatic),62.98,2957.99,No
6606-NNNN,Male,0,Yes,No,5,Yes,Yes,Fiber optic,No,No,No,No,No,No,One year,No,Electronic check,93.89,465.77,Yes
2986-TFDB,Male,0,Yes,No,34,Yes,Yes,No,No internet service,No internet service,No internet service,No internet service,No internet service,No internet service,One year,Yes,Bank transfer (automatic),53.4,1816.81,Yes
4167-GSQO,Male,0,No,No,64,No,No phone service,DSL,No,No,Yes,No,No,Yes,Two year,Yes,Electronic check,57.12,3650.77,No
6951-LHZR,Female,1,No,Yes,3,Yes,Yes,Fiber optic,Yes,No,No,No,No,Yes,One year,No,Mailed check,112.63,338.99,Yes
8000-GSQO,Female,1,Yes,No,60,Yes,No,DSL,Yes,Yes,No,No,No,No,Two year,No,Electronic check,74.72,4477.54,No
9624-XRFT,Male,0,Yes,No,22,Yes,Yes,Fiber optic,No,Yes,No,Yes,Yes,No,Month-to-month,Yes,Bank transfer (automatic),106.68,2349.95,Yes
2881-OQUY,Female,0,Yes,No,50,Yes,Yes,DSL,No,Yes,No,Yes,No,Yes,Month-to-month,Yes,Electronic check,93.59,4679.54,Yes
1371-MKGC,Female,0,No,Yes,3,Yes,Yes,DSL,No,Yes,No,No,Yes,Yes,Month-to-month,Yes,Electronic check,93.6,284.2,Yes
8143-HVXZ,Male,0,Yes,Yes,30,Yes,No,DSL,No,Yes,No,No,No,Yes,Month-to-month,No,Mailed check,74.0,2210.07,Yes
7892-GSQO,Female,0,Yes,Yes,4,Yes,No,DSL,No,No,Yes,Yes,No,No,Two year,No,Mailed check,75.57,302.1,No
7042-GSQO,Male,0,No,No,53,Yes,Yes,Fiber optic,No,No,Yes,Yes,Yes,No,Month-to-month,No,Electronic check,113.08,6003.31,No
7565-VLRX,Male,0,No,No,23,Yes,No,Fiber optic,No,No,Yes,Yes,Yes,No,Month-to-month,No,Mailed check,102.6,2361.89,Yes
4170-EMCS,Male,0,Yes,Yes,10,Yes,No,DSL,No,Yes,No,Yes,No,No,One year,Yes,Credit card (automatic),72.57,722.24,Yes
3745-DJVH,Female,0,No,Yes,59,Yes,No,Fiber optic,Yes,Yes,No,No,No,No,One year,Yes,Mailed check,89.91,5310.49,Yes
8169-LHZR,Male,0,No,No,51,No,No phone service,DSL,No,No,Yes,Yes,Yes,Yes,Two year,Yes,Mailed check,71.23,3640.15,No
5500-ZXTP,Female,0,No,No,42,Yes,Yes,Fiber optic,No,No,No,No,No,Yes,Two year,No,Mailed check,108.38,4550.13,Yes
7318-DJVH,Female,0,Yes,No,53,Yes,No,DSL,No,Yes,No,No,No,Yes,Month-to-month,Yes,Mailed check,71.31,3775.03,No
2273-DJVH,Male,0,Yes,Yes,56,Yes,No,Fiber optic,No,Yes,Yes,Yes,No,No,Two year,Yes,Bank transfer (automatic),91.52,5128.11,No
5426-HVXZ,Male,0,Yes,No,21,Yes,No,DSL,Yes,No,Yes,Yes,No,No,Month-to-month,No,Mailed check,82.21,1723.53,Yes
3670-ZXTP,Male,0,No,No,46,Yes,No,DSL,No,No,No,Yes,No,No,Month-to-month,Yes,Credit card (automatic),69.35,3187.9,Yes
7168-EMCS,Male,0,No,No,72,Yes,No,DSL,Yes,No,No,No,Yes,No,One year,Yes,Electronic check,84.51,6079.54,No
3775-KESG,Female,1,No,No,6,No,No phone service,Fiber optic,No,Yes,No,No,No,No,Month-to-month,Yes,Mailed check,65.41,388.82,Yes
2252-TFDB,Female,0,Yes,No,58,Yes,Yes,Fiber optic,Yes,Yes,No,Yes,Yes,No,Month-to-month,No,Bank transfer (automatic),118.75,6881.72,Yes
3500-CGOW,Female,0,No,Yes,33,Yes,No,Fiber optic,No,No,Yes,Yes,No,Yes,One year,No,Credit card (automatic),103.76,3415.08,Yes
8314-CGOW,Male,0,Yes,No,27,No,No phone service,No,No internet service,No internet service,No internet service,No internet service,No internet service,No internet service,One year,Yes,Bank transfer (automatic),18.25,489.02,No
2135-ZXTP,Male,0,No,No,41,Yes,Yes,No,No internet service,No internet service,No internet service,No internet service,No internet service,No internet service,Month-to-month,Yes,Credit card (automatic),49.76,2041.18,No
6506-UIKM,Male,0,No,No,69,Yes,No,Fiber optic,No,No,Yes,No,No,Yes,One year,No,Credit card (automatic),92.62,6389.09,Yes
3792-IYEK,Male,1,Yes,No,0,Yes,Yes,Fiber optic,No,Yes,No,No,No,No,Two year,Yes,Credit card (automatic),94.89,0.0,Yes
2235-XRFT,Male,0,No,Yes,13,Yes,No,Fiber optic,Yes,No,Yes,No,Yes,No,Two year,Yes,Mailed check,104.59,1360.33,Yes
7078-GSQO,Female,0,No,Yes,22,Yes,No,Fiber optic,Yes,Yes,No,No,No,Yes,One year,Yes,Mailed check,102.63,2269.62,Yes
4177-JBLV,Female,1,Yes,Yes,15,Yes,Yes,Fiber optic,No,No,No,Yes,Yes,No,Month-to-month,No,Electronic check,112.88,1696.76,Yes
3994-TFDB,Female,0,No,No,57,Yes,Yes,Fiber optic,No,Yes,No,Yes,Yes,No,One year,No,Electronic check,115.22,6564.96,No
4374-YUME,Female,0,Yes,No,54,Yes,Yes,Fiber optic,No,No,Yes,No,No,No,Month-to-month,Yes,Electronic check,94.82,5123.13,Yes
7719-XRFT,Female,0,No,No,24,Yes,No,Fiber optic,No,No,No,No,No,No,Month-to-month,Yes,Bank transfer (automatic),84.66,2031.81,Yes
7571-LHZR,Male,0,No,No,12,Yes,No,Fiber optic,No,No,No,No,No,Yes,One year,No,Credit card (automatic),93.98,1126.87,Yes
8190-VLRX,Female,0,No,Yes,0,Yes,No,DSL,Yes,No,No,No,No,Yes,Two year,Yes,Bank transfer (automatic),81.53,0.0,Yes
5869-ZXTP,Female,0,No,No,27,Yes,No,DSL,No,No,Yes,No,No,Yes,Two year,Yes,Electronic check,76.01,2048.64,Yes
6420-IYEK,Male,0,No,No,58,Yes,No,DSL,Yes,No,No,No,No,No,One year,No,Mailed check,71.86,4171.8,No
2607-VLRX,Male,0,No,Yes,61,Yes,Yes,No,No internet service,No internet service,No internet service,No internet service,No internet service,No internet service,Month-to-month,Yes,Mailed check,50.56,3084.44,No
7658-QWIU,Male,0,Yes,Yes,30,Yes,No,No,No internet service,No internet service,No internet service,No internet service,No internet service,No internet service,Month-to-month,Yes,Credit card (automatic),38.35,1143.1,No
1141-SCWQ,Female,0,Yes,No,69,Yes,No,DSL,No,Yes,No,No,Yes,No,Month-to-month,Yes,Credit card (automatic),70.59,4873.62,No
6881-FPJD,Male,0,Yes,No,38,Yes,No,No,No internet service,No internet service,No internet service,No internet service,No internet service,No internet service,Two year,Yes,Electronic check,38.71,1465.1,Yes
6150-WOYI,Male,0,Yes,No,11,Yes,Yes,Fiber optic,Yes,No,No,No,No,Yes,Two year,Yes,Bank transfer (automatic),114.5,1263.6,Yes
8057-ZXTP,Male,0,Yes,No,38,Yes,No,DSL,No,No,No,No,No,No,Month-to-month,No,Credit card (automatic),63.9,2422.37,Yes
4823-YUME,Male,0,No,Yes,23,Yes,No,DSL,Yes,Yes,Yes,No,No,No,Two year,Yes,Electronic check,75.21,1733.46,Yes
3708-DJVH,Male,0,No,No,57,No,No phone service,DSL,Yes,No,Yes,Yes,No,No,Two year,Yes,Mailed check,58.0,3303.9,No
4258-TFDB,Female,0,No,Yes,18,Yes,No,Fiber optic,No,Yes,No,Yes,Yes,Yes,Month-to-month,No,Credit card (automatic),113.61,2045.0,Yes
3410-QWIU,Female,1,Yes,No,24,Yes,No,DSL,Yes,Yes,No,No,Yes,Yes,Month-to-month,Yes,Electronic check,91.86,2197.86,Yes
5271-EMCS,Male,0,No,Yes,27,Yes,Yes,No,No internet service,No internet service,No internet service,No internet service,No internet service,No internet service,Month-to-month,Yes,Mailed check,49.31,1326.86,Yes
5835-EMCS,Female,0,Yes,Yes,16,Yes,Yes,Fiber optic,Yes,Yes,Yes,Yes,Yes,No,Month-to-month,Yes,Electronic check,118.75,1906.34,No
1984-AAAA,Female,0,Yes,No,0,Yes,No,Fiber optic,No,No,Yes,No,No,No,Month-to-month,Yes,Electronic check,85.26,0.0,Yes
8980-CGOW,Female,0,No,No,50,Yes,Yes,No,No internet service,No internet service,No internet service,No internet service,No internet service,No internet service,One year,Yes,Mailed check,52.35,2610.72,No
9954-IYEK,Male,0,No,Yes,2,Yes,Yes,No,No internet service,No internet service,No internet service,No internet service,No internet service,No internet service,Two year,Yes,Mailed check,52.82,101.35,No
9319-EMCS,Female,0,No,No,4,Yes,No,Fiber optic,Yes,Yes,No,Yes,No,No,Two year,Yes,Mailed check,101.3,409.88,Yes
9597-FPJD,Female,1,No,Yes,19,Yes,No,DSL,No,No,No,No,Yes,No,Two year,No,Credit card (automatic),77.18,1462.95,No
1748-FPJD,Female,0,No,Yes,13,Yes,Yes,No,No internet service,No internet service,No internet service,No internet service,No internet service,No internet service,Month-to-month,No,Bank transfer (automatic),48.69,637.76,No
5951-HVXZ,Male,1,No,No,21,No,No phone service,Fiber optic,No,No,Yes,Yes,No,No,One year,No,Mailed check,77.61,1623.18,Yes
7837-NNNN,Male,0,Yes,No,58,Yes,Yes,DSL,No,Yes,Yes,No,No,No,Month-to-month,No,Bank transfer (automatic),75.22,4364.65,Yes
7901-YUME,Female,0,Yes,No,48,Yes,No,DSL,Yes,Yes,Yes,Yes,Yes,Yes,Month-to-month,No,Electronic check,103.52,4960.78,Yes
4560-XRFT,Female,0,No,No,9,Yes,Yes,No,No internet service,No internet service,No internet service,No internet service,No internet service,No internet service,Month-to-month,Yes,Electronic check,52.52,474.79,Yes
9569-DJVH,Male,0,No,No,49,Yes,No,Fiber optic,No,Yes,No,No,No,No,One year,No,Bank transfer (automatic),80.97,3969.57,Yes
4987-NNNN,Female,0,Yes,No,17,Yes,Yes,Fiber optic,Yes,Yes,Yes,No,No,No,One year,Yes,Electronic check,107.66,1833.27,Yes
6811-MKGC,Male,1,Yes,No,45,Yes,No,Fiber optic,Yes,No,Yes,No,Yes,No,Month-to-month,No,Bank transfer (automatic),103.03,4636.78,No
7598-LHZR,Female,0,Yes,No,62,Yes,No,No,No internet service,No internet service,No internet service,No internet service,No internet service,No internet service,Month-to-month,Yes,Mailed check,38.06,2359.86,No
1160-JBLV,Male,0,No,Yes,52,Yes,Yes,Fiber optic,Yes,No,Yes,No,Yes,No,One year,No,Electronic check,115.42,5992.59,Yes
4261-KESG,Female,0,Yes,No,54,Yes,No,DSL,Yes,No,No,Yes,No,No,One year,Yes,Bank transfer (automatic),82.03,4441.96,No
6136-MKGC,Male,0,Yes,No,63,Yes,No,DSL,No,Yes,Yes,No,No,Yes,Two year,No,Electronic check,76.59,4825.5,No
6185-FPJD,Female,0,No,Yes,0,Yes,No,Fiber optic,No,Yes,Yes,No,Yes,Yes,Two year,Yes,Electronic check,102.63,0.0,Yes
7687-GSQO,Male,0,No,Yes,6,Yes,Yes,Fiber optic,Yes,No,No,No,No,No,Two year,Yes,Electronic check,105.15,634.52,No
3933-GSQO,Male,0,No,No,37,Yes,No,Fiber optic,Yes,Yes,No,Yes,Yes,No,Two year,No,Mailed check,111.67,4138.64,Yes
8875-FPJD,Male,0,No,No,34,Yes,Yes,Fiber optic,No,No,Yes,Yes,Yes,Yes,Month-to-month,Yes,Electronic check,118.75,4029.39,Yes
1190-XRFT,Female,0,No,No,62,Yes,No,Fiber optic,No,Yes,Yes,Yes,Yes,No,Two year,No,Electronic check,104.88,6504.66,No
6366-DJVH,Female,0,Yes,Yes,57,Yes,No,No,No internet service,No internet service,No internet service,No internet service,No internet service,No internet service,Two year,Yes,Mailed check,42.59,2422.39,No
3460-RZPF,Female,0,Yes,No,33,Yes,Yes,Fiber optic,Yes,No,Yes,No,No,Yes,One year,Yes,Mailed check,117.14,3865.7,Yes
4631-RZPF,Male,0,No,No,42,Yes,No,No,No internet service,No internet service,No internet service,No internet service,No internet service,No internet service,Month-to-month,Yes,Electronic check,41.67,1751.63,No
8084-SCWQ,Male,0,No,No,26,Yes,No,Fiber optic,No,No,No,Yes,No,Yes,Two year,No,Electronic check,101.62,2650.96,No
1192-MKGC,Female,1,Yes,No,25,Yes,Yes,Fiber optic,No,No,No,Yes,Yes,No,Month-to-month,Yes,Electronic check,111.9,2796.36,Yes
6161-UIKM,Female,1,Yes,No,58,Yes,No,DSL,Yes,No,No,No,No,No,Month-to-month,No,Electronic check,70.85,4114.01,Yes
4273-AAAA,Male,1,No,No,25,Yes,No,DSL,No,Yes,Yes,Yes,No,No,Two year,Yes,Mailed check,74.32,1862.5,Yes
7616-DJVH,Male,1,Yes,No,66,No,No phone service,DSL,Yes,No,No,Yes,No,No,One year,Yes,Bank transfer (automatic),60.76,4007.37,No
1258-ZXTP,Female,0,No,No,36,Yes,Yes,No,No internet service,No internet service,No internet service,No internet service,No internet service,No internet service,Two year,Yes,Credit card (automatic),42.66,1540.31,No
6791-LHZR,Male,0,Yes,No,65,Yes,Yes,DSL,Yes,Yes,No,No,Yes,Yes,One year,No,Mailed check,105.97,6890.76,Yes
5384-UIKM,Female,0,Yes,No,47,Yes,Yes,Fiber optic,Yes,Yes,Yes,No,Yes,No,Month-to-month,No,Electronic check,108.88,5114.91,Yes
5569-KESG,Male,0,No,No,18,Yes,No,Fiber optic,No,Yes,No,Yes,Yes,Yes,Two year,Yes,Electronic check,114.73,2067.14,No
5305-OQUY,Male,0,Yes,Yes,19,Yes,No,Fiber optic,No,No,No,Yes,No,No,One year,No,Mailed check,95.89,1824.0,Yes
3775-BDHL,Male,0,Yes,No,15,Yes,Yes,No,No internet service,No internet service,No internet service,No internet service,No internet service,No internet service,One year,Yes,Electronic check,51.54,777.28,Yes
2548-IYEK,Female,0,Yes,No,61,Yes,Yes,Fiber optic,No,Yes,No,No,No,No,Two year,No,Electronic check,93.06,5673.8,Yes
5567-SCWQ,Male,0,No,No,10,Yes,No,Fiber optic,Yes,No,No,Yes,No,No,Month-to-month,Yes,Bank transfer (automatic),100.59,1006.13,Yes
8099-TFDB,Male,0,Yes,No,58,Yes,No,Fiber optic,No,Yes,Yes,Yes,Yes,No,Month-to-month,No,Bank transfer (automatic),104.9,6080.09,Yes
4257-FPJD,Male,0,Yes,Yes,51,Yes,No,Fiber optic,No,Yes,No,Yes,Yes,No,Month-to-month,No,Electronic check,100.9,5148.02,Yes
6055-HVXZ,Male,0,Yes,No,8,Yes,No,DSL,Yes,Yes,Yes,No,No,Yes,Month-to-month,Yes,Credit card (automatic),80.77,644.04,Yes
9442-QWIU,Male,0,No,No,41,Yes,No,Fiber optic,Yes,No,No,No,No,Yes,Month-to-month,Yes,Mailed check,103.27,4238.81,No
7048-RZPF,Female,0,Yes,Yes,32,Yes,No,Fiber optic,No,Yes,Yes,No,No,Yes,Month-to-month,No,Electronic check,95.7,3064.16,Yes
8208-XRFT,Male,0,Yes,No,10,Yes,No,DSL,No,No,Yes,Yes,No,No,Month-to-month,Yes,Bank transfer (automatic),68.86,683.8,Yes
1178-JBLV,Male,0,No,Yes,2,Yes,Yes,Fiber optic,No,No,No,Yes,No,Yes,Two year,No,Bank transfer (automatic),112.39,223.68,Yes
7129-IYEK,Male,0,Yes,No,33,Yes,Yes,No,No internet service,No internet service,No internet service,No internet service,No internet service,No internet service,Two year,Yes,Credit card (automatic),51.59,1702.8,No
5956-DJVH,Male,0,Yes,No,43,No,No phone service,DSL,Yes,Yes,No,No,No,Yes,Month-to-month,Yes,Bank transfer (automatic),65.79,2836.42,Yes
9984-QWIU,Female,1,No,No,5,No,No phone service,No,No internet service,No internet service,No internet service,No internet service,No internet service,No internet service,Month-to-month,Yes,Mailed check,19.92,101.41,Yes
7898-QWIU,Male,1,Yes,No,42,Yes,Yes,Fiber optic,Yes,No,No,No,No,No,Month-to-month,Yes,Credit card (automatic),103.63,4352.03,No
8097-NNNN,Female,0,Yes,Yes,22,Yes,No,No,No internet service,No internet service,No internet service,No internet service,No internet service,No internet service,Two year,No,Mailed check,41.29,911.21,No
6303-WOYI,Male,0,Yes,Yes,9,Yes,No,DSL,Yes,Yes,Yes,No,No,Yes,Month-to-month,Yes,Mailed check,85.64,778.6,No
3454-NNNN,Female,1,Yes,Yes,28,Yes,No,DSL,No,No,No,Yes,No,No,One year,Yes,Electronic check,71.93,2017.12,Yes
2737-SCWQ,Male,0,No,No,1,Yes,No,No,No internet service,No internet service,No internet service,No internet service,No internet service,No internet service,Two year,No,Bank transfer (automatic),38.5,28.22,No
6875-DJVH,Male,1,No,Yes,14,No,No phone service,DSL,No,Yes,No,No,No,No,Two year,Yes,Credit card (automatic),45.58,637.96,No
5027-SCWQ,Male,0,No,Yes,12,Yes,No,Fiber optic,Yes,Yes,No,Yes,No,No,Two year,No,Electronic check,96.53,1162.96,No
4920-MKGC,Female,0,No,No,66,Yes,Yes,Fiber optic,No,No,No,No,Yes,Yes,Month-to-month,No,Mailed check,113.66,7502.98,Yes
4990-OQUY,Female,0,No,No,12,Yes,No,DSL,Yes,No,No,Yes,Yes,No,Month-to-month,No,Bank transfer (automatic),92.04,1108.48,Yes
1824-AAAA,Female,0,No,Yes,29,No,No phone service,DSL,Yes,No,Yes,No,No,No,Month-to-month,Yes,Credit card (automatic),48.88,1415.26,No
2098-ZXTP,Female,1,Yes,Yes,32,Yes,No,DSL,Yes,Yes,No,Yes,No,No,Month-to-month,No,Electronic check,86.02,2750.58,Yes
4119-PTBJ,Female,0,Yes,No,65,No,No phone service,Fiber optic,Yes,Yes,No,No,Yes,No,Two year,Yes,Electronic check,85.81,5576.95,No
6419-QWIU,Female,0,No,Yes,65,Yes,Yes,DSL,No,No,No,Yes,Yes,Yes,Month-to-month,No,Credit card (automatic),101.38,6581.45,Yes
6818-PTBJ,Male,0,Yes,No,65,Yes,No,DSL,Yes,No,Yes,No,No,Yes,One year,No,Bank transfer (automatic),87.71,5712.23,No
7272-PTBJ,Female,0,No,No,1,Yes,No,Fiber optic,No,Yes,Yes,Yes,No,No,Month-to-month,Yes,Electronic check,91.69,91.25,Yes
3553-IYEK,Female,0,No,No,56,Yes,No,DSL,No,No,No,No,No,No,Two year,Yes,Electronic check,63.47,3566.55,No
1698-KESG,Female,0,No,No,17,Yes,Yes,DSL,Yes,Yes,No,No,No,No,Month-to-month,No,Electronic check,86.65,1475.76,Yes
9609-SCWQ,Male,0,No,Yes,41,Yes,Yes,Fiber optic,No,No,Yes,Yes,Yes,Yes,One year,Yes,Mailed check,118.75,4867.66,Yes
2841-EMCS,Female,1,No,No,12,No,No phone service,Fiber optic,Yes,No,No,No,No,No,Two year,No,Mailed check,70.07,840.62,Yes
2387-NNNN,Male,0,Yes,No,62,Yes,Yes,No,No internet service,No internet service,No internet service,No internet service,No internet service,No internet service,Month-to-month,Yes,Electronic check,51.7,3197.15,Yes
8246-LHZR,Male,0,No,No,39,Yes,No,Fiber optic,No,Yes,Yes,Yes,Yes,No,One year,Yes,Bank transfer (automatic),102.08,3984.66,Yes
7996-EMCS,Female,0,Yes,No,46,Yes,Yes,DSL,No,Yes,No,Yes,No,No,One year,Yes,Bank transfer (automatic),84.56,3890.49,No
3165-HVXZ,Female,1,Yes,No,42,Yes,Yes,DSL,No,No,Yes,Yes,No,Yes,Month-to-month,Yes,Electronic check,97.13,4086.23,Yes
9278-IYEK,Female,0,No,No,11,Yes,No,Fiber optic,No,No,No,No,No,Yes,One year,No,Mailed check,94.69,1041.51,Yes
5428-BDHL,Female,1,Yes,Yes,3,Yes,Yes,DSL,No,No,Yes,Yes,Yes,No,Two year,No,Electronic check,94.04,288.84,Yes
5232-KESG,Male,0,Yes,No,12,Yes,Yes,DSL,No,No,No,No,Yes,Yes,Month-to-month,Yes,Electronic check,97.45,1172.58,Yes
8124-EMCS,Female,1,No,No,45,No,No phone service,No,No internet service,No internet service,No internet service,No internet service,No internet service,No internet service,Month-to-month,Yes,Electronic check,20.45,918.84,Yes
1049-LHZR,Male,0,No,No,59,Yes,Yes,No,No internet service,No internet service,No internet service,No internet service,No internet service,No internet service,One year,No,Electronic check,52.13,3068.57,No
5992-YUME,Female,0,Yes,No,51,Yes,Yes,Fiber optic,Yes,No,No,Yes,Yes,Yes,Month-to-month,Yes,Electronic check,118.75,6054.44,Yes
3824-QWIU,Male,0,No,No,11,Yes,No,DSL,No,Yes,No,No,No,No,Month-to-month,Yes,Bank transfer (automatic),63.28,699.62,No
5657-AAAA,Female,1,Yes,No,26,Yes,Yes,DSL,Yes,No,Yes,No,Yes,No,Month-to-month,Yes,Mailed check,92.87,2415.89,Yes
5131-DJVH,Female,0,Yes,No,29,Yes,Yes,Fiber optic,No,No,No,No,Yes,Yes,Month-to-month,No,Electronic check,114.0,3303.08,Yes
3396-ZXTP,Female,0,No,No,18,Yes,No,DSL,No,No,No,No,Yes,Yes,Month-to-month,No,Electronic check,83.44,1502.22,Yes
1515-IYEK,Male,0,Yes,No,50,Yes,Yes,DSL,No,No,No,Yes,Yes,Yes,Two year,Yes,Electronic check,101.3,5061.16,Yes
9740-NNNN,Female,0,No,No,32,Yes,No,DSL,No,Yes,Yes,No,Yes,No,Two year,No,Credit card (automatic),77.55,2487.36,No
4267-QWIU,Male,0,No,No,31,Yes,No,DSL,No,No,No,No,No,Yes,One year,Yes,Mailed check,74.85,2321.41,No
7919-CGOW,Female,0,Yes,No,8,Yes,Yes,DSL,Yes,No,No,No,No,No,Month-to-month,Yes,Credit card (automatic),83.35,661.01,Yes
7313-NNNN,Male,0,No,No,8,Yes,No,Fiber optic,No,No,Yes,No,No,No,Month-to-month,Yes,Electronic check,85.74,687.51,Yes
6415-QWIU,Male,1,Yes,Yes,9,Yes,No,DSL,No,No,No,Yes,No,No,One year,No,Credit card (automatic),70.29,627.59,No
7233-WOYI,Female,0,Yes,No,8,Yes,No,DSL,Yes,Yes,No,Yes,No,No,Month-to-month,Yes,Mailed check,83.65,672.9,Yes
5931-TFDB,Female,0,No,No,29,Yes,No,Fiber optic,Yes,No,No,No,No,No,Two year,No,Bank transfer (automatic),89.46,2587.26,Yes
9905-UIKM,Male,0,Yes,No,6,Yes,Yes,No,No internet service,No internet service,No internet service,No internet service,No internet service,No internet service,One year,Yes,Bank transfer (automatic),50.54,308.02,Yes
6390-CGOW,Female,0,No,No,18,Yes,No,No,No internet service,No internet service,No internet service,No internet service,No internet service,No internet service,Month-to-month,No,Electronic check,40.51,723.63,Yes
8798-JBLV,Male,1,No,No,54,Yes,Yes,DSL,No,Yes,Yes,Yes,No,Yes,Month-to-month,Yes,Electronic check,92.16,4975.31,No
5330-AAAA,Female,0,Yes,No,46,Yes,Yes,No,No internet service,No internet service,No internet service,No internet service,No internet service,No internet service,Month-to-month,No,Mailed check,49.92,2295.59,Yes
3017-HVXZ,Male,0,Yes,Yes,44,Yes,Yes,Fiber optic,Yes,No,Yes,Yes,No,No,Month-to-month,Yes,Electronic check,113.12,4981.53,Yes
2074-NNNN,Female,0,No,Yes,12,No,No phone service,DSL,No,Yes,No,No,No,No,Month-to-month,No,Bank transfer (automatic),41.0,495.44,Yes
5973-EMCS,Female,0,Yes,No,13,Yes,Yes,Fiber optic,Yes,No,Yes,Yes,No,Yes,Two year,Yes,Credit card (automatic),118.75,1539.93,Yes
4151-CGOW,Male,0,No,No,42,Yes,Yes,No,No internet service,No internet service,No internet service,No internet service,No internet service,No internet service,Month-to-month,Yes,Electronic check,47.07,1977.89,Yes
1143-FPJD,Female,0,Yes,No,14,Yes,No,DSL,No,No,Yes,No,Yes,No,Two year,Yes,Bank transfer (automatic),75.11,1056.32,No
6625-HVXZ,Male,0,No,No,56,Yes,No,Fiber optic,No,Yes,Yes,No,No,No,Month-to-month,Yes,Bank transfer (automatic),80.48,4500.21,Yes
7981-EMCS,Female,0,Yes,No,48,Yes,No,Fiber optic,No,No,No,No,No,Yes,Two year,Yes,Bank transfer (automatic),93.04,4460.98,No
2478-KESG,Female,0,Yes,No,22,Yes,No,DSL,No,No,No,No,No,No,Month-to-month,Yes,Electronic check,67.78,1484.87,Yes
9595-MKGC,Male,0,Yes,No,8,Yes,Yes,Fiber optic,No,Yes,Yes,No,No,Yes,Month-to-month,Yes,Mailed check,103.75,824.53,Yes
6560-OQUY,Male,0,No,Yes,16,Yes,Yes,No,No internet service,No internet service,No internet service,No internet service,No internet service,No internet service,Month-to-month,No,Bank transfer (automatic),50.63,819.04,Yes
4318-XRFT,Male,0,No,No,41,No,No phone service,No,No internet service,No internet service,No internet service,No internet service,No internet service,No internet service,Month-to-month,Yes,Mailed check,18.25,747.72,No
1687-IYEK,Female,0,No,Yes,40,Yes,No,No,No internet service,No internet service,No internet service,No internet service,No internet service,No internet service,Two year,Yes,Electronic check,39.47,1585.45,No
7221-XRFT,Male,0,No,Yes,3,Yes,No,No,No internet service,No internet service,No internet service,No internet service,No internet service,No internet service,One year,Yes,Electronic check,36.97,112.65,Yes
5000-LHZR,Male,0,Yes,No,39,Yes,Yes,Fiber optic,Yes,No,No,No,No,No,One year,Yes,Credit card (automatic),102.43,3995.86,No
5766-VLRX,Male,0,Yes,No,21,Yes,Yes,DSL,No,Yes,Yes,No,No,No,Month-to-month,Yes,Mailed check,73.07,1524.29,Yes
6063-TFDB,Female,0,No,No,6,Yes,No,Fiber optic,No,No,Yes,Yes,Yes,Yes,Month-to-month,Yes,Electronic check,112.53,676.32,Yes
9841-IYEK,Female,0,No,Yes,25,Yes,No,DSL,Yes,No,Yes,No,No,No,Two year,No,Electronic check,75.03,1866.44,No
2286-SCWQ,Male,0,No,Yes,9,Yes,Yes,Fiber optic,No,Yes,Yes,No,No,Yes,Two year,Yes,Bank transfer (automatic),102.64,914.39,Yes
2716-HVXZ,Male,1,No,No,48,Yes,No,DSL,No,Yes,No,No,Yes,No,Month-to-month,Yes,Credit card (automatic),78.46,3754.94,No
5225-NNNN,Male,0,Yes,Yes,45,Yes,No,Fiber optic,No,Yes,Yes,No,No,No,Month-to-month,No,Bank transfer (automatic),86.45,3895.87,Yes
1112-XRFT,Male,0,Yes,Yes,57,Yes,Yes,DSL,No,No,No,No,No,No,One year,No,Credit card (automatic),75.52,4297.69,No
6085-QWIU,Male,0,Yes,No,14,No,No phone service,No,No internet service,No internet service,No internet service,No internet service,No internet service,No internet service,Two year,Yes,Credit card (automatic),24.38,346.36,No
7297-KESG,Female,0,No,No,12,No,No phone service,No,No internet service,No internet service,No internet service,No internet service,No internet service,No internet service,Month-to-month,No,Mailed check,18.47,215.66,No
3220-TFDB,Female,0,No,No,41,Yes,Yes,Fiber optic,No,No,Yes,No,No,No,Month-to-month,Yes,Credit card (automatic),96.45,3965.1,Yes
5178-HVXZ,Male,0,No,No,61,Yes,No,Fiber optic,Yes,Yes,Yes,No,Yes,Yes,Two year,Yes,Bank transfer (automatic),113.78,6949.34,No
4970-VLRX,Female,0,Yes,No,9,Yes,Yes,DSL,No,No,No,No,No,No,One year,No,Electronic check,75.12,677.31,Yes
9386-QWIU,Female,1,No,No,22,Yes,Yes,No,No internet service,No internet service,No internet service,No internet service,No internet service,No internet service,Month-to-month,No,Electronic check,47.08,1032.47,Yes
3985-XRFT,Female,0,Yes,Yes,25,No,No phone service,Fiber optic,Yes,No,No,Yes,Yes,Yes,Two year,No,Bank transfer (automatic),106.05,2653.42,No
6052-VLRX,Male,0,No,No,61,No,No phone service,Fiber optic,No,Yes,No,Yes,No,No,Month-to-month,No,Bank transfer (automatic),71.33,4345.24,No
7711-XRFT,Male,0,Yes,No,46,Yes,No,No,No internet service,No internet service,No internet service,No internet service,No internet service,No internet service,One year,Yes,Mailed check,39.64,1815.34,No
2709-HVXZ,Male,0,No,No,29,Yes,No,DSL,Yes,No,Yes,No,No,Yes,Month-to-month,Yes,Mailed check,85.28,2476.32,Yes
7474-KESG,Female,0,No,No,35,Yes,No,No,No internet service,No internet service,No internet service,No internet service,No internet service,No internet service,Two year,No,Bank transfer (automatic),40.33,1404.7,No
7770-QWIU,Male,0,No,No,60,No,No phone service,Fiber optic,No,No,No,No,No,Yes,Two year,Yes,Electronic check,73.51,4408.24,Yes
1193-NNNN,Female,0,Yes,No,42,Yes,No,DSL,Yes,No,No,No,No,No,One year,No,Mailed check,73.34,3077.64,Yes
9719-UIKM,Male,0,Yes,No,43,Yes,Yes,Fiber optic,No,No,Yes,No,No,No,Two year,Yes,Mailed check,93.51,4017.45,No
8494-WOYI,Male,0,Yes,Yes,25,Yes,Yes,No,No internet service,No internet service,No internet service,No internet service,No internet service,No internet service,Two year,Yes,Electronic check,48.64,1220.3,No
5662-KESG,Female,0,Yes,No,34,Yes,Yes,DSL,Yes,Yes,Yes,No,Yes,Yes,Month-to-month,No,Bank transfer (automatic),106.74,3628.21,Yes
3051-EMCS,Female,0,Yes,No,23,Yes,Yes,No,No internet service,No internet service,No internet service,No internet service,No internet service,No internet service,Two year,No,Credit card (automatic),48.32,1113.34,No
2262-IYEK,Female,1,No,No,70,Yes,Yes,Fiber optic,No,Yes,No,No,No,No,Two year,No,Electronic check,94.7,6632.19,No
8373-CGOW,Male,0,No,No,44,Yes,Yes,DSL,No,No,Yes,No,Yes,Yes,Month-to-month,No,Bank transfer (automatic),96.24,4239.53,Yes
9264-MKGC,Female,0,No,No,1,Yes,Yes,Fiber optic,Yes,No,No,Yes,No,No,Month-to-month,Yes,Electronic check,110.36,112.15,Yes
7894-KESG,Female,0,Yes,No,25,Yes,No,No,No internet service,No internet service,No internet service,No internet service,No internet service,No internet service,Two year,No,Mailed check,42.4,1057.6,No
7103-WOYI,Female,0,No,No,29,Yes,No,Fiber optic,No,Yes,Yes,No,No,Yes,One year,Yes,Bank transfer (automatic),91.42,2657.24,No
1972-DJVH,Female,0,Yes,Yes,29,Yes,Yes,Fiber optic,No,Yes,No,No,No,No,Month-to-month,No,Mailed check,99.4,2874.43,Yes
8357-LHZR,Male,0,No,No,20,Yes,Yes,Fiber optic,No,Yes,No,Yes,No,No,One year,Yes,Mailed check,106.07,2125.18,No
8832-OQUY,Female,0,Yes,No,72,Yes,Yes,DSL,No,No,No,Yes,No,Yes,Month-to-month,Yes,Credit card (automatic),90.68,6530.21,Yes
1441-NNNN,Female,0,No,No,43,Yes,No,DSL,Yes,No,No,Yes,No,No,Month-to-month,Yes,Mailed check,81.25,3497.79,Yes
7574-ZXTP,Male,0,Yes,No,28,No,No phone service,Fiber optic,No,No,No,Yes,Yes,No,Month-to-month,Yes,Bank transfer (automatic),83.75,2345.43,Yes
7031-OQUY,Female,0,No,Yes,57,Yes,No,Fiber optic,No,No,No,Yes,No,No,Month-to-month,Yes,Electronic check,99.72,5680.06,Yes
5566-FPJD,Male,0,No,No,16,No,No phone service,No,No internet service,No internet service,No internet service,No internet service,No internet service,No internet service,Two year,Yes,Credit card (automatic),20.07,327.12,No
1551-PTBJ,Female,0,Yes,No,16,Yes,No,DSL,No,Yes,Yes,No,Yes,No,Month-to-month,No,Mailed check,73.22,1177.13,No
7146-JBLV,Male,0,No,Yes,6,Yes,Yes,Fiber optic,No,No,No,Yes,No,Yes,Month-to-month,Yes,Bank transfer (automatic),111.7,669.97,No
1100-BDHL,Male,0,Yes,No,23,Yes,Yes,Fiber optic,No,No,No,No,Yes,No,Month-to-month,No,Electronic check,105.94,2440.13,Yes
2997-EMCS,Female,0,No,No,34,Yes,Yes,DSL,No,No,No,No,No,Yes,Month-to-month,No,Mailed check,84.65,2872.03,Yes
1189-AAAA,Female,0,Yes,No,62,Yes,Yes,No,No internet service,No internet service,No internet service,No internet service,No internet service,No internet service,Month-to-month,Yes,Electronic check,46.63,2888.87,No
7841-TFDB,Male,0,No,No,49,No,No phone service,DSL,No,Yes,No,No,Yes,Yes,One year,No,Credit card (automatic),68.76,3355.69,No
3967-CGOW,Male,1,No,No,2,Yes,Yes,DSL,No,No,Yes,Yes,Yes,No,One year,Yes,Electronic check,92.73,176.49,No
3721-VLRX,Male,0,Yes,Yes,70,Yes,No,DSL,No,No,No,No,No,Yes,Month-to-month,Yes,Credit card (automatic),76.32,5340.21,Yes
7519-KESG,Female,0,Yes,No,55,Yes,No,DSL,No,No,No,No,No,No,Month-to-month,No,Electronic check,66.61,3652.87,Yes
1140-JBLV,Male,0,Yes,No,50,Yes,No,DSL,Yes,No,No,No,Yes,Yes,One year,Yes,Mailed check,90.4,4517.17,Yes
5214-BDHL,Male,0,Yes,Yes,23,Yes,No,Fiber optic,Yes,Yes,No,No,No,Yes,Two year,Yes,Credit card (automatic),101.68,2332.98,No
4152-WOYI,Male,0,No,Yes,11,Yes,No,No,No internet service,No internet service,No internet service,No internet service,No internet service,No internet service,Two year,No,Electronic check,38.97,426.62,Yes
5107-IYEK,Female,0,Yes,No,34,Yes,No,Fiber optic,Yes,Yes,No,No,Yes,Yes,Month-to-month,Yes,Bank transfer (automatic),108.73,3692.98,Yes
6501-FPJD,Male,0,No,Yes,23,Yes,No,DSL,Yes,Yes,No,No,No,No,Month-to-month,No,Bank transfer (automatic),75.0,1716.9,Yes
7654-SCWQ,Female,0,No,Yes,31,Yes,Yes,Fiber optic,No,Yes,No,No,Yes,No,One year,No,Bank transfer (automatic),101.97,3166.29,No
3330-VLRX,Male,0,No,Yes,61,Yes,No,DSL,Yes,Yes,Yes,No,Yes,Yes,Month-to-month,Yes,Credit card (automatic),90.11,5486.57,Yes
3979-PTBJ,Male,0,No,No,65,Yes,Yes,No,No internet service,No internet service,No internet service,No internet service,No internet service,No internet service,Month-to-month,No,Mailed check,47.95,3121.23,Yes
3497-WOYI,Female,0,Yes,No,64,No,No phone service,Fiber optic,No,No,No,No,No,No,Month-to-month,Yes,Bank transfer (automatic),64.57,4135.19,Yes
7039-PTBJ,Male,0,Yes,Yes,10,Yes,Yes,Fiber optic,Yes,Yes,No,No,Yes,No,One year,No,Electronic check,111.33,1121.0,Yes
3251-JBLV,Female,0,No,Yes,56,Yes,Yes,DSL,No,Yes,No,Yes,No,Yes,Month-to-month,Yes,Bank transfer (automatic),92.26,5171.11,No
1813-TFDB,Female,0,No,No,18,Yes,Yes,No,No internet service,No internet service,No internet service,No internet service,No internet service,No internet service,One year,No,Bank transfer (automatic),45.71,821.55,Yes
6839-NNNN,Female,0,No,No,39,Yes,No,Fiber optic,No,No,Yes,Yes,Yes,Yes,Month-to-month,No,Bank transfer (automatic),114.45,4458.61,Yes
5749-WOYI,Female,1,No,No,52,Yes,Yes,Fiber optic,No,Yes,No,No,Yes,Yes,Month-to-month,No,Credit card (automatic),118.31,6151.38,Yes
8552-VLRX,Male,0,Yes,No,24,Yes,Yes,No,No internet service,No internet service,No internet service,No internet service,No internet service,No internet service,Month-to-month,No,Bank transfer (automatic),50.43,1202.86,Yes
6445-LHZR,Male,1,No,Yes,13,Yes,Yes,Fiber optic,No,Yes,Yes,Yes,Yes,No,Month-to-month,Yes,Credit card (automatic),112.01,1455.79,No
9895-XRFT,Female,1,Yes,No,45,Yes,Yes,DSL,Yes,No,No,Yes,No,No,Month-to-month,Yes,Mailed check,92.91,4176.72,Yes
4709-QWIU,Male,0,No,No,26,Yes,Yes,No,No internet service,No internet service,No internet service,No internet service,No internet service,No internet service,Month-to-month,No,Electronic check,48.93,1270.42,Yes
8382-AAAA,Female,0,Yes,Yes,30,Yes,No,DSL,No,No,No,No,No,No,Two year,Yes,Credit card (automatic),63.28,1898.27,No
4719-JBLV,Female,0,Yes,No,33,No,No phone service,DSL,No,No,No,No,No,No,Month-to-month,No,Credit card (automatic),44.5,1469.1,Yes
5060-UIKM,Female,0,Yes,No,67,Yes,Yes,DSL,No,No,No,No,Yes,No,Month-to-month,No,Bank transfer (automatic),85.34,5718.84,Yes
2440-EMCS,Female,0,No,No,46,Yes,Yes,Fiber optic,No,No,No,No,No,Yes,Month-to-month,No,Mailed check,105.15,4828.73,No
9385-PTBJ,Female,0,No,No,42,Yes,No,Fiber optic,No,No,No,No,Yes,No,One year,Yes,Bank transfer (automatic),100.75,4238.93,No
4110-WOYI,Male,0,Yes,No,72,Yes,Yes,DSL,No,Yes,No,No,Yes,No,Month-to-month,No,Bank transfer (automatic),89.66,6461.9,No
2888-AAAA,Female,0,No,No,52,No,No phone service,Fiber optic,No,No,No,Yes,No,Yes,Month-to-month,Yes,Bank transfer (automatic),83.53,4348.02,Yes
9307-YUME,Female,0,No,No,41,Yes,Yes,DSL,Yes,No,No,Yes,No,No,Month-to-month,Yes,Mailed check,90.69,3712.1,Yes
1171-PTBJ,Male,0,No,No,2,Yes,No,DSL,No,No,No,Yes,No,Yes,Month-to-month,No,Credit card (automatic),82.32,163.11,Yes
3418-IYEK,Male,0,No,No,51,Yes,Yes,DSL,Yes,No,No,No,Yes,No,Month-to-month,Yes,Credit card (automatic),90.94,4642.91,Yes
9067-KESG,Male,0,Yes,Yes,35,Yes,Yes,Fiber optic,No,Yes,No,No,No,No,Two year,Yes,Bank transfer (automatic),93.27,3257.89,No
1947-AAAA,Male,0,Yes,Yes,43,Yes,Yes,Fiber optic,No,No,No,No,No,No,Month-to-month,Yes,Bank transfer (automatic),92.81,3986.28,No
7976-JBLV,Female,0,Yes,No,28,Yes,No,Fiber optic,No,Yes,Yes,Yes,No,Yes,Two year,Yes,Bank transfer (automatic),105.91,2964.92,No
9858-NNNN,Male,0,No,Yes,8,Yes,Yes,Fiber optic,Yes,No,No,No,No,Yes,One year,No,Bank transfer (automatic),114.88,921.36,Yes
1507-SCWQ,Female,0,No,No,29,Yes,Yes,DSL,No,Yes,No,Yes,No,No,One year,No,Mailed check,80.83,2347.03,No
2248-TFDB,Male,0,No,No,19,Yes,No,Fiber optic,No,No,Yes,No,No,No,Month-to-month,No,Credit card (automatic),85.51,1621.89,Yes
4760-BDHL,Male,0,No,No,8,Yes,Yes,DSL,No,Yes,No,Yes,No,Yes,Month-to-month,Yes,Bank transfer (automatic),90.36,725.71,Yes
2029-XRFT,Male,0,No,No,44,Yes,No,DSL,No,No,No,No,No,Yes,Month-to-month,Yes,Credit card (automatic),71.44,3145.23,Yes
6690-DJVH,Female,0,Yes,Yes,20,Yes,Yes,Fiber optic,Yes,Yes,No,No,Yes,No,Month-to-month,No,Credit card (automatic),115.63,2315.51,Yes
5926-JBLV,Male,1,Yes,No,11,Yes,Yes,No,No internet service,No internet service,No internet service,No internet service,No internet service,No internet service,Month-to-month,No,Bank transfer (automatic),53.0,581.99,Yes
4406-RZPF,Male,0,No,No,61,Yes,No,DSL,No,No,Yes,No,Yes,No,One year,Yes,Bank transfer (automatic),75.48,4612.58,No
9850-CGOW,Male,0,Yes,No,37,Yes,Yes,DSL,No,Yes,No,No,No,No,Month-to-month,Yes,Electronic check,80.17,2963.05,No
7493-CGOW,Female,0,No,No,52,Yes,No,No,No internet service,No internet service,No internet service,No internet service,No internet service,No internet service,Month-to-month,Yes,Bank transfer (automatic),39.68,2061.04,No
6452-KESG,Female,0,Yes,Yes,66,Yes,No,No,No internet service,No internet service,No internet service,No internet service,No internet service,No internet service,Month-to-month,Yes,Electronic check,41.21,2722.32,No
6997-QWIU,Male,0,No,No,30,No,No phone service,DSL,No,No,No,No,No,Yes,One year,Yes,Bank transfer (automatic),55.04,1649.53,Yes
5729-AAAA,Female,1,No,Yes,42,Yes,Yes,Fiber optic,No,No,No,No,No,Yes,Month-to-month,Yes,Credit card (automatic),102.66,4313.02,Yes
5654-VLRX,Female,0,No,No,34,Yes,No,DSL,No,No,Yes,Yes,No,No,Month-to-month,Yes,Electronic check,74.6,2529.63,Yes
2388-HVXZ,Male,0,Yes,Yes,24,Yes,No,DSL,Yes,Yes,No,No,No,No,Month-to-month,Yes,Mailed check,67.9,1630.84,No
4512-TFDB,Male,0,Yes,No,4,Yes,No,Fiber optic,No,Yes,Yes,No,No,No,Month-to-month,No,Electronic check,85.14,335.17,No
4198-GSQO,Male,0,Yes,No,51,Yes,No,Fiber optic,Yes,No,Yes,No,Yes,Yes,Two year,Yes,Mailed check,112.84,5758.32,No
1891-DJVH,Female,0,Yes,No,17,Yes,Yes,Fiber optic,No,Yes,Yes,No,Yes,No,One year,Yes,Mailed check,104.91,1777.78,Yes
1403-IYEK,Female,0,Yes,No,64,Yes,Yes,Fiber optic,No,Yes,Yes,No,Yes,Yes,Month-to-month,Yes,Electronic check,116.71,7468.97,Yes
4748-LHZR,Male,0,No,No,9,Yes,No,Fiber optic,Yes,Yes,No,Yes,Yes,No,One year,Yes,Electronic check,111.16,991.23,No
2994-RZPF,Female,0,No,No,63,Yes,Yes,Fiber optic,Yes,Yes,No,Yes,No,No,Month-to-month,Yes,Credit card (automatic),110.87,6977.64,No
9446-PTBJ,Male,0,No,No,8,Yes,Yes,DSL,No,No,Yes,No,No,No,Month-to-month,No,Bank transfer (automatic),75.25,599.0,Yes
3262-RZPF,Female,0,No,No,54,Yes,Yes,DSL,No,No,No,No,No,No,Two year,No,Bank transfer (automatic),73.72,3983.45,No
2371-XRFT,Male,1,Yes,No,54,Yes,No,No,No internet service,No internet service,No internet service,No internet service,No internet service,No internet service,One year,Yes,Mailed check,36.52,1975.35,No
6929-MKGC,Male,0,Yes,Yes,15,Yes,Yes,DSL,No,No,Yes,Yes,No,No,Month-to-month,No,Mailed check,84.51,1270.89,Yes
3062-RZPF,Male,1,Yes,No,18,Yes,No,DSL,No,No,No,No,Yes,No,Two year,Yes,Bank transfer (automatic),73.11,1312.28,No
9575-JBLV,Male,0,No,No,2,Yes,Yes,No,No internet service,No internet service,No internet service,No internet service,No internet service,No internet service,Month-to-month,Yes,Electronic check,49.28,96.4,Yes
6362-WOYI,Male,0,Yes,No,61,Yes,No,No,No internet service,No internet service,No internet service,No internet service,No internet service,No internet service,One year,No,Mailed check,33.42,2035.28,No
1922-ZXTP,Female,0,Yes,No,66,Yes,Yes,No,No internet service,No internet service,No internet service,No internet service,No internet service,No internet service,Month-to-month,No,Credit card (automatic),44.77,2958.64,Yes
1674-OQUY,Male,0,Yes,No,45,Yes,Yes,No,No internet service,No internet service,No internet service,No internet service,No internet service,No internet service,One year,Yes,Credit card (automatic),46.47,2085.58,No
9865-NNNN,Male,0,Yes,Yes,38,Yes,Yes,Fiber optic,Yes,No,No,No,Yes,Yes,Two year,Yes,Electronic check,118.75,4511.17,No
8867-KESG,Male,0,Yes,No,70,Yes,Yes,Fiber optic,Yes,No,Yes,Yes,No,No,One year,No,Credit card (automatic),106.68,7470.65,No
5033-YUME,Male,0,No,Yes,45,Yes,No,No,No internet service,No internet service,No internet service,No internet service,No internet service,No internet service,One year,Yes,Mailed check,41.12,1847.7,No
5368-JBLV,Female,0,Yes,Yes,63,Yes,No,Fiber optic,No,No,No,No,Yes,Yes,Month-to-month,Yes,Credit card (automatic),106.01,6676.11,Yes
9236-EMCS,Female,0,No,Yes,6,Yes,No,DSL,No,No,No,No,No,No,Month-to-month,Yes,Electronic check,63.89,382.89,Yes
2181-CGOW,Male,0,Yes,No,60,No,No phone service,Fiber optic,No,No,Yes,No,Yes,No,One year,No,Electronic check,71.43,4286.3,No
9566-AAAA,Male,0,No,Yes,38,No,No phone service,Fiber optic,Yes,Yes,Yes,No,Yes,No,One year,Yes,Bank transfer (automatic),84.51,3214.35,Yes
7949-OQUY,Male,0,Yes,No,5,Yes,No,DSL,No,No,No,Yes,No,Yes,Month-to-month,Yes,Credit card (automatic),81.9,414.34,Yes
4581-CGOW,Female,1,No,No,27,Yes,No,DSL,Yes,Yes,No,Yes,No,Yes,Two year,No,Electronic check,87.6,2366.43,No
4674-OQUY,Female,0,No,No,54,Yes,No,DSL,No,No,Yes,Yes,Yes,Yes,Month-to-month,Yes,Bank transfer (automatic),91.27,4923.45,Yes
7953-AAAA,Male,0,No,Yes,46,Yes,No,Fiber optic,No,No,No,No,No,Yes,Two year,Yes,Bank transfer (automatic),93.82,4320.91,No
5143-PTBJ,Female,0,Yes,No,58,Yes,No,DSL,Yes,No,Yes,No,Yes,No,Month-to-month,Yes,Bank transfer (automatic),79.88,4633.45,No
5306-HVXZ,Male,0,Yes,No,50,Yes,No,DSL,No,No,No,Yes,No,No,One year,No,Bank transfer (automatic),77.74,3902.47,No
4778-CGOW,Male,0,Yes,No,54,No,No phone service,DSL,Yes,Yes,Yes,No,Yes,No,Month-to-month,No,Mailed check,59.12,3195.19,Yes
5512-NNNN,Male,1,Yes,Yes,25,Yes,No,No,No internet service,No internet service,No internet service,No internet service,No internet service,No internet service,One year,Yes,Electronic check,36.44,910.2,Yes
3193-DJVH,Male,0,No,Yes,46,Yes,No,Fiber optic,No,Yes,No,Yes,Yes,Yes,Month-to-month,No,Electronic check,108.17,4988.98,Yes
3745-AAAA,Female,0,No,No,59,Yes,No,DSL,No,Yes,No,No,Yes,Yes,Month-to-month,Yes,Electronic check,81.71,4828.01,Yes
7327-VLRX,Female,1,Yes,Yes,7,Yes,No,Fiber optic,Yes,No,Yes,Yes,No,No,One year,No,Electronic check,100.04,700.76,Yes
9671-OQUY,Female,1,No,No,70,Yes,Yes,Fiber optic,No,Yes,No,No,No,Yes,One year,No,Mailed check,105.99,7413.96,Yes
1302-QWIU,Male,0,No,No,13,Yes,Yes,Fiber optic,Yes,No,No,No,No,No,Two year,No,Credit card (automatic),104.07,1354.43,No
3883-TFDB,Male,0,No,No,66,Yes,Yes,Fiber optic,No,No,No,No,No,Yes,Month-to-month,Yes,Credit card (automatic),105.6,6974.69,Yes
3428-LHZR,Male,0,No,No,57,Yes,No,DSL,No,No,No,No,No,Yes,Month-to-month,Yes,Mailed check,77.0,4397.56,Yes
8419-AAAA,Male,0,No,Yes,6,Yes,Yes,Fiber optic,No,No,Yes,No,Yes,Yes,Month-to-month,Yes,Electronic check,115.67,691.5,Yes
5998-OQUY,Male,1,Yes,No,9,Yes,Yes,Fiber optic,No,No,Yes,No,Yes,No,One year,No,Credit card (automatic),107.27,969.86,No
4357-YUME,Male,1,No,No,58,Yes,Yes,Fiber optic,No,No,No,Yes,No,No,Month-to-month,No,Electronic check,101.36,5882.05,No
6189-GSQO,Male,0,No,No,57,Yes,No,Fiber optic,No,No,No,No,No,Yes,Month-to-month,Yes,Bank transfer (automatic),91.18,5198.22,Yes
7656-KESG,Female,0,Yes,Yes,58,Yes,No,No,No internet service,No internet service,No internet service,No internet service,No internet service,No internet service,Month-to-month,Yes,Credit card (automatic),37.9,2204.51,Yes
8727-KESG,Female,1,No,No,57,Yes,No,Fiber optic,No,No,Yes,No,No,No,Month-to-month,Yes,Bank transfer (automatic),84.53,4823.23,Yes
8597-WOYI,Female,0,No,Yes,70,Yes,Yes,DSL,Yes,Yes,No,Yes,Yes,No,Two year,Yes,Electronic check,102.3,7156.66,No
5712-BDHL,Male,0,No,No,11,Yes,Yes,No,No internet service,No internet service,No internet service,No internet service,No internet service,No internet service,Two year,Yes,Electronic check,47.01,518.97,No
4365-AAAA,Male,1,Yes,No,32,Yes,Yes,DSL,No,No,Yes,No,Yes,Yes,Two year,Yes,Electronic check,95.24,3037.93,No
3634-XRFT,Male,0,Yes,No,7,Yes,No,DSL,Yes,Yes,No,No,Yes,No,Month-to-month,Yes,Credit card (automatic),81.71,573.79,Yes
3925-GSQO,Female,0,Yes,Yes,36,Yes,Yes,DSL,Yes,No,No,Yes,Yes,Yes,Month-to-month,No,Electronic check,108.69,3912.79,Yes
7949-EMCS,Female,0,Yes,No,54,No,No phone service,Fiber optic,No,No,No,No,Yes,No,One year,Yes,Credit card (automatic),71.1,3842.91,No
5039-XRFT,Female,0,No,No,50,Yes,No,DSL,No,No,Yes,Yes,No,Yes,Month-to-month,Yes,Credit card (automatic),84.66,4234.19,Yes
2283-HVXZ,Female,0,Yes,No,0,Yes,Yes,Fiber optic,No,Yes,No,No,Yes,Yes,Month-to-month,No,Electronic check,113.98,0.0,Yes
7776-KESG,Female,0,No,No,62,Yes,No,Fiber optic,Yes,No,Yes,No,Yes,Yes,Month-to-month,No,Electronic check,114.32,7089.1,Yes
6565-MKGC,Female,0,Yes,No,7,No,No phone service,Fiber optic,Yes,Yes,No,No,Yes,No,Two year,Yes,Electronic check,82.79,574.43,Yes
9926-PTBJ,Male,0,Yes,No,23,No,No phone service,No,No internet service,No internet service,No internet service,No internet service,No internet service,No internet service,Month-to-month,Yes,Bank transfer (automatic),18.4,424.35,No
1529-YUME,Male,0,Yes,No,41,Yes,Yes,DSL,No,Yes,Yes,Yes,No,No,Month-to-month,Yes,Electronic check,83.62,3425.78,No
4129-MKGC,Female,0,No,No,37,No,No phone service,No,No internet service,No internet service,No internet service,No internet service,No internet service,No internet service,Month-to-month,Yes,Electronic check,19.31,712.57,Yes
6984-WOYI,Male,0,Yes,No,26,Yes,No,No,No internet service,No internet service,No internet service,No internet service,No internet service,No internet service,Month-to-month,Yes,Electronic check,37.15,965.27,Yes
6925-WOYI,Male,1,No,No,30,Yes,No,DSL,No,No,No,Yes,No,No,Month-to-month,No,Mailed check,64.61,1936.03,Yes
2117-DJVH,Male,0,No,No,62,Yes,Yes,DSL,Yes,Yes,No,Yes,Yes,No,Month-to-month,Yes,Mailed check,94.03,5828.72,Yes
6490-EMCS,Male,1,No,No,71,Yes,Yes,DSL,No,Yes,Yes,Yes,Yes,No,Month-to-month,Yes,Mailed check,91.31,6478.82,Yes
5825-AAAA,Female,1,Yes,No,46,Yes,No,No,No internet service,No internet service,No internet service,No internet service,No internet service,No internet service,Month-to-month,Yes,Electronic check,44.54,2051.58,Yes
3241-EMCS,Male,0,Yes,Yes,66,Yes,No,Fiber optic,Yes,No,No,No,No,Yes,Month-to-month,Yes,Mailed check,107.51,7101.55,Yes
3289-OQUY,Male,0,No,Yes,37,Yes,No,Fiber optic,No,Yes,No,Yes,No,No,Month-to-month,Yes,Credit card (automatic),97.53,3590.9,Yes
8432-KESG,Female,0,No,Yes,4,Yes,No,Fiber optic,Yes,No,Yes,No,Yes,No,One year,Yes,Electronic check,101.96,414.93,Yes
3594-WOYI,Male,0,Yes,No,67,Yes,No,Fiber optic,No,Yes,No,No,No,Yes,Month-to-month,Yes,Electronic check,96.76,6467.88,Yes
4744-EMCS,Female,0,Yes,Yes,12,Yes,No,Fiber optic,No,Yes,No,No,Yes,Yes,Month-to-month,Yes,Electronic check,105.23,1262.6,Yes
4558-DJVH,Male,0,No,Yes,55,Yes,No,Fiber optic,Yes,Yes,No,Yes,Yes,No,Month-to-month,Yes,Credit card (automatic),107.0,5884.28,Yes
1183-VLRX,Male,0,No,No,0,Yes,No,No,No internet service,No internet service,No internet service,No internet service,No internet service,No internet service,Month-to-month,Yes,Bank transfer (automatic),37.23,0.0,Yes
8291-VLRX,Male,1,Yes,No,55,Yes,No,No,No internet service,No internet service,No internet service,No internet service,No internet service,No internet service,Month-to-month,Yes,Mailed check,42.24,2327.33,No
4992-YUME,Male,0,Yes,No,22,Yes,Yes,Fiber optic,No,Yes,No,No,No,Yes,Month-to-month,No,Credit card (automatic),106.38,2346.38,Yes
3426-BDHL,Female,0,Yes,No,51,Yes,Yes,DSL,Yes,No,Yes,Yes,No,No,Two year,Yes,Credit card (automatic),91.0,4642.88,No
3283-VLRX,Female,0,No,No,57,Yes,Yes,Fiber optic,No,No,Yes,Yes,Yes,Yes,One year,Yes,Mailed check,118.75,6765.4,Yes
5524-YUME,Female,0,No,Yes,37,Yes,Yes,No,No internet service,No internet service,No internet service,No internet service,No internet service,No internet service,One year,Yes,Mailed check,52.48,1942.36,No
5114-NNNN,Female,0,Yes,No,69,Yes,No,Fiber optic,No,No,Yes,Yes,No,Yes,Two year,Yes,Electronic check,103.73,7161.99,Yes
1662-RZPF,Male,1,No,No,40,Yes,Yes,No,No internet service,No internet service,No internet service,No internet service,No internet service,No internet service,Month-to-month,No,Electronic check,53.63,2141.32,No
5423-SCWQ,Female,0,No,No,15,Yes,Yes,DSL,No,No,Yes,No,No,No,Month-to-month,No,Mailed check,77.21,1153.18,No
6463-ZXTP,Female,1,No,No,1,Yes,No,Fiber optic,Yes,Yes,No,Yes,No,Yes,Month-to-month,Yes,Electronic check,111.77,115.4,Yes
2990-RZPF,Female,0,No,No,41,Yes,Yes,Fiber optic,Yes,No,No,No,No,No,Month-to-month,No,Electronic check,105.58,4334.65,Yes
4493-HVXZ,Female,0,Yes,No,30,Yes,Yes,DSL,Yes,Yes,Yes,Yes,No,No,Two year,No,Electronic check,91.63,2747.61,Yes
8902-AAAA,Male,1,No,Yes,63,Yes,Yes,Fiber optic,No,No,No,Yes,No,No,Two year,Yes,Credit card (automatic),100.86,6345.56,No
6793-TFDB,Female,1,Yes,No,57,Yes,Yes,Fiber optic,No,No,No,No,Yes,Yes,Month-to-month,No,Electronic check,114.35,6520.3,Yes
3550-IYEK,Female,0,Yes,No,42,Yes,No,DSL,No,No,Yes,No,No,No,Month-to-month,Yes,Mailed check,66.01,2776.29,Yes
6898-OQUY,Male,0,No,Yes,46,Yes,No,DSL,No,Yes,No,No,Yes,Yes,Two year,Yes,Mailed check,88.35,4069.06,No
2920-HVXZ,Male,0,Yes,No,4,Yes,No,Fiber optic,No,Yes,No,No,Yes,No,Month-to-month,Yes,Credit card (automatic),95.54,379.87,No
5859-UIKM,Male,0,Yes,No,13,Yes,No,DSL,Yes,Yes,No,No,No,No,Month-to-month,Yes,Electronic check,71.96,940.24,Yes
2561-MKGC,Male,0,Yes,Yes,23,Yes,Yes,No,No internet service,No internet service,No internet service,No internet service,No internet service,No internet service,One year,Yes,Electronic check,51.61,1189.37,No
9002-ZXTP,Male,0,Yes,Yes,65,Yes,No,No,No internet service,No internet service,No internet service,No internet service,No internet service,No internet service,Two year,Yes,Electronic check,39.35,2552.3,No
8355-JBLV,Female,0,Yes,Yes,18,Yes,No,No,No internet service,No internet service,No internet service,No internet service,No internet service,No internet service,Month-to-month,Yes,Electronic check,38.88,704.65,No
2804-JBLV,Male,1,Yes,No,48,Yes,No,No,No internet service,No internet service,No internet service,No internet service,No internet service,No internet service,Month-to-month,No,Electronic check,35.51,1708.3,No
2228-SCWQ,Female,0,No,No,62,Yes,Yes,Fiber optic,Yes,No,Yes,Yes,No,No,Month-to-month,Yes,Mailed check,106.19,6583.68,No
5598-DJVH,Female,0,Yes,No,22,Yes,No,No,No internet service,No internet service,No internet service,No internet service,No internet service,No internet service,Month-to-month,Yes,Mailed check,39.35,874.0,Yes
9943-SCWQ,Male,0,Yes,No,20,No,No phone service,No,No internet service,No internet service,No internet service,No internet service,No internet service,No internet service,Two year,Yes,Mailed check,22.04,441.78,No
5259-NNNN,Female,1,Yes,No,39,Yes,No,DSL,No,Yes,No,Yes,No,Yes,Month-to-month,No,Electronic check,87.1,3402.32,Yes
9923-XRFT,Female,1,Yes,Yes,18,Yes,Yes,Fiber optic,Yes,Yes,No,No,No,No,Month-to-month,No,Mailed check,107.1,1919.24,Yes
8209-LHZR,Female,0,Yes,No,24,Yes,Yes,No,No internet service,No internet service,No internet service,No internet service,No internet service,No internet service,Month-to-month,Yes,Credit card (automatic),53.19,1274.99,No
1904-FPJD,Female,0,Yes,No,29,Yes,No,Fiber optic,Yes,No,Yes,Yes,No,No,Month-to-month,Yes,Credit card (automatic),99.62,2880.48,No
2648-VLRX,Female,0,Yes,No,54,Yes,Yes,DSL,No,Yes,Yes,No,No,No,Month-to-month,No,Mailed check,76.27,4118.43,No
6622-QWIU,Male,0,No,No,56,Yes,No,Fiber optic,Yes,Yes,No,Yes,Yes,No,Month-to-month,Yes,Credit card (automatic),110.01,6171.38,Yes
5968-CGOW,Female,0,Yes,Yes,54,No,No phone service,No,No internet service,No internet service,No internet service,No internet service,No internet service,No internet service,One year,No,Electronic check,23.01,1245.11,Yes
6618-HVXZ,Male,0,No,No,17,No,No phone service,Fiber optic,No,No,No,Yes,Yes,No,Month-to-month,No,Mailed check,81.07,1374.03,Yes
1854-JBLV,Male,0,No,No,69,Yes,Yes,Fiber optic,No,No,Yes,No,Yes,No,Month-to-month,No,Bank transfer (automatic),103.91,7173.27,No
7401-IYEK,Female,0,No,No,50,Yes,Yes,DSL,No,Yes,No,Yes,No,No,Month-to-month,No,Mailed check,85.83,4287.2,No
6675-FPJD,Male,0,No,Yes,55,Yes,Yes,Fiber optic,No,No,Yes,No,No,No,Month-to-month,Yes,Bank transfer (automatic),94.97,5228.18,Yes
3242-GSQO,Male,0,No,No,58,Yes,No,DSL,Yes,No,No,No,No,No,Month-to-month,Yes,Bank transfer (automatic),67.98,3941.55,Yes
6352-MKGC,Female,0,Yes,Yes,61,No,No phone service,No,No internet service,No internet service,No internet service,No internet service,No internet service,No internet service,One year,Yes,Credit card (automatic),20.52,1248.52,No
9792-RZPF,Male,0,No,No,30,Yes,No,DSL,Yes,Yes,Yes,Yes,Yes,No,One year,Yes,Electronic check,90.7,2726.19,No
3434-LHZR,Male,0,No,No,61,Yes,Yes,Fiber optic,Yes,No,No,Yes,Yes,Yes,Two year,No,Credit card (automatic),118.75,7243.53,No
6334-ZXTP,Male,0,No,Yes,13,Yes,Yes,No,No internet service,No internet service,No internet service,No internet service,No internet service,No internet service,Month-to-month,Yes,Credit card (automatic),48.9,637.2,Yes
9371-FPJD,Male,0,No,No,69,No,No phone service,Fiber optic,No,No,No,Yes,No,No,Month-to-month,No,Electronic check,71.92,4959.49,Yes
5845-QWIU,Male,0,Yes,Yes,51,Yes,Yes,Fiber optic,Yes,Yes,No,Yes,Yes,Yes,Two year,Yes,Electronic check,118.75,6055.02,No
6266-NNNN,Male,0,No,Yes,21,No,No phone service,No,No internet service,No internet service,No internet service,No internet service,No internet service,No internet service,One year,Yes,Bank transfer (automatic),20.12,421.85,Yes
2601-HVXZ,Male,1,Yes,No,4,Yes,Yes,Fiber optic,No,Yes,No,Yes,Yes,No,Month-to-month,Yes,Electronic check,113.79,457.27,Yes
6187-NNNN,Female,0,Yes,No,33,No,No phone service,Fiber optic,No,No,No,Yes,No,No,Month-to-month,Yes,Electronic check,70.71,2338.27,Yes
6742-OQUY,Female,0,No,No,16,Yes,No,DSL,No,Yes,No,No,Yes,No,One year,No,Bank transfer (automatic),77.89,1252.76,Yes
7701-QWIU,Female,0,Yes,Yes,10,Yes,No,Fiber optic,No,No,No,No,No,No,Month-to-month,Yes,Electronic check,85.05,849.14,Yes
5413-QWIU,Female,0,No,No,0,Yes,Yes,Fiber optic,No,No,Yes,Yes,Yes,Yes,One year,Yes,Electronic check,118.75,0.0,Yes
7985-WOYI,Female,0,No,Yes,48,Yes,Yes,No,No internet service,No internet service,No internet service,No internet service,No internet service,No internet service,Month-to-month,Yes,Electronic check,47.95,2304.79,No
5088-GSQO,Female,0,Yes,No,5,Yes,No,Fiber optic,No,No,No,No,No,No,Month-to-month,No,Electronic check,87.48,435.55,Yes
7773-AAAA,Female,0,Yes,No,49,Yes,Yes,No,No internet service,No internet service,No internet service,No internet service,No internet service,No internet service,Month-to-month,No,Electronic check,50.27,2460.71,Yes
2874-UIKM,Male,1,Yes,No,42,Yes,No,Fiber optic,Yes,Yes,No,No,No,No,Two year,No,Electronic check,96.58,4063.81,Yes
9080-GSQO,Female,0,Yes,No,38,Yes,No,Fiber optic,Yes,Yes,No,No,No,No,One year,No,Bank transfer (automatic),88.76,3364.81,No
5675-CGOW,Female,0,Yes,No,57,Yes,No,No,No internet service,No internet service,No internet service,No internet service,No internet service,No internet service,Two year,Yes,Bank transfer (automatic),35.55,2020.17,No
4486-KESG,Male,0,No,No,29,Yes,Yes,Fiber optic,No,No,Yes,Yes,Yes,Yes,One year,No,Bank transfer (automatic),118.75,3449.49,No
9456-TFDB,Female,0,No,No,2,Yes,Yes,DSL,Yes,No,No,Yes,Yes,No,Month-to-month,No,Electronic check,98.77,199.21,Yes
5620-WOYI,Male,0,Yes,No,17,Yes,No,Fiber optic,No,No,No,No,No,No,Month-to-month,Yes,Mailed check,83.1,1416.59,Yes
8170-SCWQ,Male,0,No,No,48,Yes,Yes,No,No internet service,No internet service,No internet service,No internet service,No internet service,No internet service,Two year,No,Electronic check,52.28,2508.33,No
2605-VLRX,Male,0,No,No,20,Yes,No,Fiber optic,No,Yes,No,Yes,Yes,No,Month-to-month,No,Bank transfer (automatic),104.58,2090.17,Yes
6127-AAAA,Female,0,No,No,18,Yes,No,Fiber optic,No,No,No,Yes,No,Yes,Month-to-month,No,Electronic check,99.87,1793.87,Yes
6713-RZPF,Male,0,No,Yes,10,Yes,No,Fiber optic,No,Yes,No,Yes,No,Yes,Month-to-month,Yes,Credit card (automatic),102.79,1029.33,Yes
5171-BDHL,Male,0,Yes,Yes,43,Yes,Yes,DSL,No,Yes,Yes,No,No,Yes,One year,No,Credit card (automatic),83.07,3569.33,No
7326-VLRX,Male,0,Yes,Yes,7,Yes,No,Fiber optic,No,No,Yes,No,No,Yes,Month-to-month,No,Electronic check,96.52,679.35,Yes
3171-CGOW,Male,0,No,No,40,Yes,Yes,Fiber optic,No,No,Yes,Yes,No,No,Two year,Yes,Mailed check,100.34,4006.42,No
1405-FPJD,Female,1,Yes,No,40,Yes,Yes,Fiber optic,Yes,No,Yes,No,No,No,One year,No,Mailed check,100.09,4011.95,No
7907-IYEK,Male,0,Yes,Yes,42,Yes,Yes,Fiber optic,No,No,No,Yes,No,No,Two year,Yes,Mailed check,104.5,4388.07,Yes
9996-HVXZ,Male,0,Yes,Yes,23,Yes,No,DSL,Yes,No,Yes,No,No,Yes,Two year,Yes,Electronic check,83.51,1922.93,Yes
1011-KESG,Female,0,Yes,Yes,44,Yes,Yes,No,No internet service,No internet service,No internet service,No internet service,No internet service,No internet service,Two year,Yes,Credit card (automatic),53.02,2326.95,No
3618-IYEK,Female,0,Yes,Yes,62,Yes,No,No,No internet service,No internet service,No internet service,No internet service,No internet service,No internet service,Month-to-month,No,Electronic check,40.91,2536.13,No
9356-LHZR,Male,0,No,Yes,45,Yes,No,DSL,No,Yes,No,Yes,No,No,Month-to-month,Yes,Credit card (automatic),73.15,3290.31,No
3761-JBLV,Female,0,Yes,No,43,Yes,Yes,DSL,No,Yes,Yes,No,No,No,One year,Yes,Credit card (automatic),74.43,3194.18,No
8362-JBLV,Male,0,No,No,1,Yes,Yes,No,No internet service,No internet service,No internet service,No internet service,No internet service,No internet service,Two year,No,Bank transfer (automatic),49.71,47.7,No
3000-RZPF,Female,1,No,Yes,14,Yes,No,Fiber optic,Yes,Yes,Yes,No,Yes,No,Two year,Yes,Mailed check,106.03,1493.07,Yes
4867-AAAA,Female,0,Yes,No,71,Yes,No,Fiber optic,No,No,Yes,No,Yes,No,Month-to-month,Yes,Bank transfer (automatic),94.24,6699.45,No
9022-JBLV,Male,0,Yes,Yes,23,Yes,Yes,Fiber optic,Yes,Yes,Yes,No,No,Yes,Month-to-month,No,Electronic check,109.71,2527.17,Yes
8088-EMCS,Male,0,Yes,No,24,Yes,No,DSL,No,No,No,Yes,Yes,No,Month-to-month,Yes,Mailed check,85.14,2048.94,No
8368-AAAA,Female,1,Yes,Yes,56,Yes,Yes,No,No internet service,No internet service,No internet service,No internet service,No internet service,No internet service,One year,Yes,Electronic check,46.98,2628.37,No
2831-JBLV,Male,1,Yes,No,11,Yes,No,No,No internet service,No internet service,No internet service,No internet service,No internet service,No internet service,Two year,No,Bank transfer (automatic),46.02,509.29,No
6109-VLRX,Female,0,No,No,52,Yes,Yes,Fiber optic,No,No,Yes,No,No,Yes,Month-to-month,No,Electronic check,108.44,5633.45,Yes
7241-FPJD,Female,1,No,No,45,Yes,Yes,Fiber optic,No,Yes,No,No,No,No,Month-to-month,Yes,Electronic check,94.35,4239.38,Yes
3905-CGOW,Male,0,No,Yes,30,Yes,Yes,DSL,Yes,Yes,No,Yes,No,Yes,Month-to-month,No,Credit card (automatic),103.3,3100.7,No
2857-UIKM,Female,0,Yes,No,0,Yes,Yes,No,No internet service,No internet service,No internet service,No internet service,No internet service,No internet service,Month-to-month,No,Electronic check,50.83,0.0,Yes
6073-YUME,Male,0,No,No,53,Yes,Yes,No,No internet service,No internet service,No internet service,No internet service,No internet service,No internet service,Month-to-month,No,Electronic check,49.65,2630.23,Yes
1331-OQUY,Female,0,No,No,45,Yes,No,Fiber optic,Yes,Yes,Yes,Yes,No,No,One year,Yes,Mailed check,99.5,4472.28,Yes
3044-UIKM,Female,1,Yes,No,57,Yes,No,DSL,No,Yes,Yes,Yes,Yes,No,Month-to-month,Yes,Mailed check,82.77,4709.72,No
9647-OQUY,Male,0,No,No,16,Yes,Yes,Fiber optic,No,No,No,Yes,No,Yes,Two year,Yes,Credit card (automatic),116.44,1874.77,No
9477-ZXTP,Male,0,No,Yes,36,Yes,No,DSL,No,No,No,No,No,No,Month-to-month,Yes,Credit card (automatic),63.64,2295.18,Yes
2868-FPJD,Female,0,Yes,No,23,Yes,Yes,Fiber optic,No,Yes,Yes,No,No,Yes,Month-to-month,Yes,Credit card (automatic),106.53,2454.13,Yes
8701-XRFT,Male,0,Yes,Yes,28,Yes,Yes,No,No internet service,No internet service,No internet service,No internet service,No internet service,No internet service,Month-to-month,Yes,Electronic check,49.3,1378.15,Yes
2239-PTBJ,Female,0,Yes,No,25,Yes,No,DSL,No,Yes,No,Yes,Yes,No,Month-to-month,Yes,Bank transfer (automatic),87.35,2184.26,Yes
4557-FPJD,Male,1,Yes,No,22,Yes,No,No,No internet service,No internet service,No internet service,No internet service,No internet service,No internet service,Month-to-month,Yes,Bank transfer (automatic),39.48,861.83,No
8860-EMCS,Male,0,No,No,39,No,No phone service,Fiber optic,Yes,Yes,No,No,Yes,No,Month-to-month,Yes,Electronic check,87.59,3409.45,Yes
4440-AAAA,Male,0,Yes,No,20,Yes,No,Fiber optic,No,Yes,No,No,No,No,Month-to-month,Yes,Credit card (automatic),80.65,1612.58,Yes
2014-HVXZ,Female,0,No,No,41,Yes,No,Fiber optic,No,No,No,No,No,No,Month-to-month,No,Mailed check,87.17,3578.13,No
9032-XRFT,Male,1,No,No,54,Yes,Yes,DSL,No,No,No,No,No,Yes,Month-to-month,Yes,Bank transfer (automatic),82.63,4460.02,No
1320-QWIU,Male,0,No,Yes,50,Yes,No,DSL,No,No,Yes,Yes,No,No,One year,No,Mailed check,74.06,3706.19,No
4348-SCWQ,Male,0,Yes,No,13,Yes,No,Fiber optic,No,No,Yes,No,No,No,One year,No,Bank transfer (automatic),81.49,1060.95,No
4998-YUME,Female,0,Yes,No,33,Yes,No,No,No internet service,No internet service,No internet service,No internet service,No internet service,No internet service,Two year,No,Electronic check,43.7,1440.09,Yes
7382-CGOW,Female,0,No,No,9,No,No phone service,DSL,Yes,No,No,No,Yes,Yes,Month-to-month,No,Electronic check,71.03,638.03,Yes
9363-WOYI,Male,0,Yes,No,60,Yes,Yes,No,No internet service,No internet service,No internet service,No internet service,No internet service,No internet service,One year,Yes,Mailed check,50.08,3000.9,No
4720-SCWQ,Female,0,Yes,No,0,Yes,Yes,Fiber optic,No,No,Yes,No,No,No,Two year,Yes,Electronic check,96.3,0.0,Yes
8812-ZXTP,Female,0,Yes,No,57,Yes,No,Fiber optic,Yes,No,No,Yes,No,No,Month-to-month,Yes,Bank transfer (automatic),98.7,5618.68,No
7213-KESG,Male,0,No,No,18,Yes,No,Fiber optic,Yes,Yes,Yes,Yes,Yes,No,One year,Yes,Electronic check,105.71,1907.05,No
5443-PTBJ,Male,0,Yes,Yes,69,Yes,No,DSL,No,No,Yes,No,Yes,No,Two year,Yes,Bank transfer (automatic),72.92,5030.53,No
7636-XRFT,Male,0,Yes,No,29,No,No phone service,DSL,No,No,No,Yes,Yes,No,Month-to-month,No,Electronic check,62.87,1822.73,Yes
2266-OQUY,Female,0,No,Yes,57,No,No phone service,No,No internet service,No internet service,No internet service,No internet service,No internet service,No internet service,Month-to-month,Yes,Credit card (automatic),19.29,1093.83,No
3851-TFDB,Male,0,No,No,40,Yes,No,No,No internet service,No internet service,No internet service,No internet service,No internet service,No internet service,One year,Yes,Electronic check,39.45,1576.99,No
6543-LHZR,Male,0,No,Yes,31,Yes,No,Fiber optic,Yes,No,Yes,Yes,No,No,One year,No,Electronic check,102.52,3177.75,Yes
6287-WOYI,Male,0,Yes,No,56,Yes,Yes,Fiber optic,Yes,No,No,No,Yes,Yes,One year,No,Electronic check,118.75,6641.52,Yes
7964-SCWQ,Male,0,Yes,No,64,No,No phone service,No,No internet service,No internet service,No internet service,No internet service,No internet service,No internet service,Month-to-month,Yes,Mailed check,22.75,1450.93,No
7534-FPJD,Male,0,Yes,No,41,No,No phone service,DSL,No,Yes,No,Yes,No,No,One year,No,Bank transfer (automatic),58.15,2387.7,No
9021-SCWQ,Male,0,No,Yes,4,No,No phone service,DSL,No,Yes,Yes,Yes,No,No,One year,Yes,Credit card (automatic),51.35,208.09,Yes
5493-LHZR,Female,0,Yes,Yes,28,Yes,Yes,No,No internet service,No internet service,No internet service,No internet service,No internet service,No internet service,Two year,No,Bank transfer (automatic),54.09,1507.49,No
7097-OQUY,Male,0,Yes,No,34,Yes,No,Fiber optic,Yes,No,No,Yes,Yes,No,Month-to-month,Yes,Credit card (automatic),109.62,3727.79,Yes
4108-MKGC,Female,0,No,No,66,Yes,Yes,No,No internet service,No internet service,No internet service,No internet service,No internet service,No internet service,Two year,No,Mailed check,51.58,3397.46,No
4313-NNNN,Female,0,Yes,No,10,Yes,No,DSL,Yes,No,No,No,Yes,Yes,Two year,Yes,Mailed check,91.75,921.5,Yes
1277-PTBJ,Female,1,Yes,Yes,10,No,No phone service,DSL,No,No,Yes,No,Yes,No,Month-to-month,Yes,Bank transfer (automatic),49.12,487.25,Yes
6984-QWIU,Female,0,No,Yes,20,Yes,Yes,DSL,No,Yes,No,No,No,Yes,Month-to-month,Yes,Electronic check,89.09,1779.21,No
5321-EMCS,Female,0,No,No,54,Yes,No,Fiber optic,Yes,No,No,No,No,Yes,Month-to-month,Yes,Bank transfer (automatic),100.63,5427.92,Yes
5940-MKGC,Male,0,No,No,41,Yes,No,No,No internet service,No internet service,No internet service,No internet service,No internet service,No internet service,Two year,Yes,Electronic check,42.92,1750.64,No
6463-DJVH,Male,1,Yes,No,54,Yes,No,DSL,Yes,No,No,No,No,Yes,Month-to-month,No,Electronic check,82.03,4427.55,Yes
9777-DJVH,Male,0,No,Yes,62,Yes,Yes,DSL,No,No,Yes,No,Yes,Yes,Month-to-month,Yes,Credit card (automatic),96.56,5987.14,Yes
8368-UIKM,Male,0,No,No,57,Yes,Yes,DSL,Yes,Yes,Yes,No,No,No,Month-to-month,No,Electronic check,79.45,4527.17,No
3907-SCWQ,Female,1,No,Yes,20,Yes,Yes,DSL,No,No,No,No,No,Yes,Month-to-month,Yes,Bank transfer (automatic),87.34,1748.98,Yes
1268-JBLV,Female,0,No,No,15,No,No phone service,DSL,Yes,No,No,Yes,Yes,No,One year,Yes,Bank transfer (automatic),68.64,1033.02,No
1882-VLRX,Female,0,Yes,No,63,Yes,No,DSL,No,Yes,No,Yes,No,No,One year,Yes,Credit card (automatic),71.46,4491.72,No
4750-YUME,Female,0,Yes,Yes,26,Yes,No,No,No internet service,No internet service,No internet service,No internet service,No internet service,No internet service,One year,Yes,Credit card (automatic),38.99,1014.08,Yes
6866-EMCS,Male,0,No,No,7,Yes,No,DSL,No,Yes,No,No,Yes,Yes,Two year,Yes,Electronic check,89.6,636.92,No
6753-VLRX,Female,1,No,Yes,15,Yes,No,DSL,No,No,Yes,No,No,Yes,Month-to-month,Yes,Credit card (automatic),72.62,1093.89,Yes
5891-NNNN,Male,0,No,No,57,Yes,No,DSL,No,No,No,Yes,No,No,Month-to-month,No,Bank transfer (automatic),73.99,4217.64,Yes
9832-LHZR,Female,1,Yes,Yes,23,Yes,Yes,DSL,No,No,Yes,No,No,Yes,Month-to-month,Yes,Credit card (automatic),80.18,1842.45,Yes
1645-LHZR,Male,0,No,No,6,Yes,Yes,DSL,No,Yes,Yes,No,No,No,Month-to-month,No,Mailed check,71.3,428.55,Yes
1018-QWIU,Male,0,Yes,No,20,No,No phone service,DSL,No,No,Yes,No,No,Yes,One year,No,Bank transfer (automatic),55.54,1111.21,No
3575-BDHL,Male,0,Yes,Yes,65,Yes,No,Fiber optic,No,Yes,No,No,No,Yes,Month-to-month,Yes,Bank transfer (automatic),94.54,6153.76,No
4676-XRFT,Male,0,Yes,Yes,38,No,No phone service,Fiber optic,No,No,Yes,No,No,Yes,One year,Yes,Electronic check,76.23,2889.89,No
7337-QWIU,Female,0,No,No,38,Yes,Yes,Fiber optic,Yes,No,No,No,Yes,No,One year,Yes,Credit card (automatic),113.26,4299.5,No
9853-HVXZ,Male,0,Yes,No,2,Yes,Yes,Fiber optic,Yes,Yes,No,No,Yes,No,Two year,Yes,Mailed check,115.16,233.95,No
8167-GSQO,Male,0,No,No,51,Yes,Yes,Fiber optic,No,Yes,No,No,No,Yes,Two year,Yes,Mailed check,106.89,5449.42,No
9857-QWIU,Female,0,No,No,32,Yes,No,Fiber optic,No,No,No,Yes,Yes,No,Month-to-month,No,Bank transfer (automatic),101.26,3236.47,No
5713-IYEK,Female,0,No,Yes,5,Yes,No,No,No internet service,No internet service,No internet service,No internet service,No internet service,No internet service,Two year,Yes,Electronic check,44.23,220.01,Yes
5155-UIKM,Female,0,Yes,No,56,Yes,Yes,Fiber optic,No,Yes,Yes,No,Yes,Yes,One year,Yes,Mailed check,113.15,6329.67,No
3642-QWIU,Male,1,Yes,Yes,28,No,No phone service,DSL,Yes,Yes,No,Yes,No,No,Two year,No,Electronic check,59.57,1671.11,No
2676-HVXZ,Female,0,No,No,45,Yes,Yes,DSL,No,Yes,No,Yes,No,Yes,Month-to-month,No,Credit card (automatic),93.6,4217.68,Yes
2545-MKGC,Female,1,No,No,26,Yes,Yes,No,No internet service,No internet service,No internet service,No internet service,No internet service,No internet service,One year,No,Mailed check,47.77,1241.18,No
2505-UIKM,Male,0,Yes,No,48,Yes,Yes,No,No internet service,No internet service,No internet service,No internet service,No internet service,No internet service,Month-to-month,Yes,Credit card (automatic),50.1,2398.23,Yes
7523-SCWQ,Male,0,No,No,67,Yes,Yes,Fiber optic,Yes,No,No,No,No,No,Two year,Yes,Mailed check,100.98,6767.15,Yes
2460-TFDB,Female,0,No,No,52,Yes,No,Fiber optic,No,Yes,No,Yes,No,Yes,Month-to-month,Yes,Credit card (automatic),103.83,5398.28,Yes
1646-XRFT,Female,0,No,No,52,Yes,Yes,Fiber optic,No,No,No,No,Yes,No,Month-to-month,Yes,Mailed check,104.53,5441.06,Yes
4052-YUME,Female,1,Yes,No,37,Yes,No,Fiber optic,No,Yes,No,No,Yes,Yes,Month-to-month,Yes,Electronic check,105.07,3882.42,Yes
4831-UIKM,Male,0,No,No,1,Yes,Yes,Fiber optic,No,Yes,No,No,No,Yes,Two year,Yes,Electronic check,101.7,98.73,Yes
7582-DJVH,Male,0,Yes,No,70,Yes,Yes,DSL,Yes,Yes,Yes,Yes,Yes,Yes,One year,No,Mailed check,113.49,7945.18,No
3828-AAAA,Female,0,Yes,No,50,No,No phone service,DSL,No,No,No,No,No,No,One year,Yes,Mailed check,46.98,2349.04,No
9456-HVXZ,Female,0,Yes,Yes,46,Yes,No,Fiber optic,No,Yes,Yes,No,Yes,No,Two year,Yes,Mailed check,97.29,4474.22,No
3808-CGOW,Male,0,No,No,3,Yes,No,No,No internet service,No internet service,No internet service,No internet service,No internet service,No internet service,Two year,Yes,Electronic check,42.46,135.92,No
1671-RZPF,Male,0,Yes,No,64,No,No phone service,Fiber optic,No,Yes,No,No,Yes,No,Month-to-month,No,Electronic check,75.89,4860.89,No
7548-CGOW,Female,1,Yes,Yes,70,Yes,Yes,Fiber optic,Yes,No,No,No,Yes,No,Two year,No,Credit card (automatic),111.12,7776.79,No
8253-WOYI,Female,0,Yes,Yes,54,Yes,No,Fiber optic,No,Yes,No,No,No,No,Month-to-month,Yes,Mailed check,83.77,4522.78,Yes
9167-GSQO,Female,1,Yes,No,57,Yes,No,Fiber optic,Yes,Yes,No,No,No,No,Month-to-month,No,Mailed check,99.96,5695.07,Yes
5179-FPJD,Male,0,Yes,No,52,No,No phone service,Fiber optic,Yes,No,No,No,No,No,Month-to-month,Yes,Bank transfer (automatic),71.35,3709.93,No
1687-GSQO,Male,1,No,Yes,7,No,No phone service,No,No internet service,No internet service,No internet service,No internet service,No internet service,No internet service,Month-to-month,Yes,Bank transfer (automatic),19.44,139.47,Yes
5892-SCWQ,Male,0,Yes,No,41,Yes,No,Fiber optic,No,No,No,Yes,No,Yes,Two year,No,Electronic check,101.16,4141.86,No
6694-WOYI,Male,0,Yes,Yes,28,Yes,Yes,No,No internet service,No internet service,No internet service,No internet service,No internet service,No internet service,Month-to-month,No,Credit card (automatic),48.05,1344.99,Yes
5482-EMCS,Male,0,No,No,19,Yes,Yes,DSL,No,No,Yes,Yes,Yes,No,Two year,Yes,Bank transfer (automatic),93.2,1772.87,No
1589-BDHL,Male,0,Yes,No,41,Yes,No,Fiber optic,No,Yes,No,No,No,No,Month-to-month,No,Bank transfer (automatic),83.13,3404.11,Yes
2066-CGOW,Female,0,No,Yes,19,Yes,Yes,Fiber optic,Yes,No,No,No,No,No,One year,No,Electronic check,102.11,1939.76,No
5476-GSQO,Male,1,Yes,No,29,Yes,Yes,DSL,Yes,No,No,Yes,No,Yes,Month-to-month,No,Mailed check,99.2,2868.48,Yes
8901-UIKM,Female,0,Yes,No,35,No,No phone service,Fiber optic,No,Yes,Yes,No,No,Yes,One year,Yes,Bank transfer (automatic),74.36,2595.09,Yes
6243-YUME,Female,0,No,No,69,Yes,Yes,DSL,Yes,Yes,No,Yes,Yes,Yes,One year,No,Credit card (automatic),109.13,7530.89,No
2386-VLRX,Female,0,Yes,No,33,Yes,No,DSL,Yes,No,No,No,No,No,Month-to-month,No,Bank transfer (automatic),71.76,2371.02,Yes
3972-OQUY,Male,0,Yes,Yes,15,Yes,Yes,DSL,No,Yes,No,Yes,Yes,Yes,Two year,Yes,Mailed check,102.81,1541.12,No
2531-OQUY,Male,0,No,No,27,Yes,No,Fiber optic,No,Yes,Yes,No,No,Yes,Two year,No,Electronic check,94.74,2549.57,No
8638-IYEK,Female,0,Yes,Yes,7,Yes,Yes,DSL,Yes,No,No,Yes,No,No,One year,No,Bank transfer (automatic),89.08,622.45,Yes
7665-GSQO,Female,1,Yes,No,56,Yes,No,Fiber optic,No,No,No,Yes,Yes,No,Two year,Yes,Credit card (automatic),100.07,5603.78,No
9339-HVXZ,Female,0,No,No,6,Yes,Yes,No,No internet service,No internet service,No internet service,No internet service,No internet service,No internet service,Month-to-month,No,Credit card (automatic),49.53,300.25,Yes
1495-HVXZ,Female,0,Yes,No,50,Yes,No,Fiber optic,No,No,No,No,No,No,Two year,Yes,Mailed check,83.59,4174.06,No
6588-RZPF,Male,0,Yes,Yes,18,Yes,No,No,No internet service,No internet service,No internet service,No internet service,No internet service,No internet service,Month-to-month,Yes,Credit card (automatic),41.16,738.33,No
5849-LHZR,Male,0,Yes,No,67,Yes,No,No,No internet service,No internet service,No internet service,No internet service,No internet service,No internet service,Two year,No,Electronic check,37.78,2526.25,No
1980-YUME,Female,0,No,No,8,Yes,Yes,No,No internet service,No internet service,No internet service,No internet service,No internet service,No internet service,Two year,Yes,Mailed check,51.26,406.83,Yes
6810-KESG,Male,0,Yes,No,60,Yes,Yes,Fiber optic,No,No,No,No,Yes,Yes,Two year,Yes,Electronic check,115.31,6913.97,Yes
1823-VLRX,Male,0,No,No,51,Yes,No,Fiber optic,Yes,No,No,Yes,Yes,No,Month-to-month,Yes,Electronic check,109.08,5561.24,No
3800-MKGC,Male,0,No,No,10,Yes,No,Fiber optic,Yes,Yes,No,No,No,No,Two year,Yes,Mailed check,92.02,922.43,Yes
7288-CGOW,Male,0,Yes,No,20,Yes,No,DSL,No,No,Yes,No,Yes,Yes,Month-to-month,Yes,Electronic check,85.98,1707.37,Yes
7644-SCWQ,Male,0,Yes,No,40,No,No phone service,Fiber optic,No,Yes,No,Yes,No,No,Two year,Yes,Bank transfer (automatic),71.44,2851.27,No
4875-UIKM,Male,0,Yes,Yes,37,Yes,Yes,DSL,No,Yes,Yes,No,No,No,Month-to-month,Yes,Mailed check,75.23,2785.6,Yes
1597-HVXZ,Male,0,No,No,31,Yes,No,DSL,Yes,No,Yes,No,Yes,No,Month-to-month,No,Credit card (automatic),84.83,2628.06,No
7236-FPJD,Male,0,No,No,35,Yes,No,No,No internet service,No internet service,No internet service,No internet service,No internet service,No internet service,One year,Yes,Bank transfer (automatic),38.96,1367.38,Yes
5713-NNNN,Female,0,Yes,Yes,1,Yes,Yes,Fiber optic,Yes,No,No,Yes,No,No,Month-to-month,Yes,Electronic check,110.35,104.91,Yes
1371-KESG,Female,0,No,No,17,No,No phone service,No,No internet service,No internet service,No internet service,No internet service,No internet service,No internet service,Month-to-month,Yes,Bank transfer (automatic),18.25,305.08,Yes
2380-EMCS,Male,0,No,Yes,1,Yes,No,DSL,No,Yes,No,Yes,No,Yes,Month-to-month,Yes,Credit card (automatic),83.6,82.72,Yes
1719-SCWQ,Female,1,Yes,Yes,68,Yes,Yes,Fiber optic,No,No,No,Yes,No,Yes,Month-to-month,Yes,Credit card (automatic),112.82,7673.93,Yes
7102-AAAA,Male,0,No,No,35,Yes,Yes,Fiber optic,Yes,No,No,No,Yes,No,Month-to-month,No,Credit card (automatic),109.8,3849.44,Yes
1002-HVXZ,Female,0,Yes,Yes,3,Yes,No,DSL,No,No,No,No,No,Yes,Two year,No,Electronic check,74.5,226.01,No
8561-FPJD,Female,0,Yes,No,71,Yes,Yes,Fiber optic,No,No,Yes,No,Yes,Yes,Month-to-month,Yes,Bank transfer (automatic),113.11,8032.8,Yes
6108-TFDB,Male,1,No,Yes,71,Yes,No,Fiber optic,No,Yes,No,No,Yes,Yes,One year,Yes,Bank transfer (automatic),108.33,7689.58,No
2189-RZPF,Male,0,Yes,No,40,Yes,Yes,No,No internet service,No internet service,No internet service,No internet service,No internet service,No internet service,One year,Yes,Bank transfer (automatic),49.72,1984.69,Yes
8080-FPJD,Female,0,Yes,Yes,31,Yes,No,Fiber optic,Yes,Yes,No,No,Yes,No,Month-to-month,Yes,Mailed check,100.91,3132.33,Yes
5458-AAAA,Female,0,No,No,24,Yes,No,Fiber optic,Yes,Yes,No,Yes,Yes,Yes,Month-to-month,No,Electronic check,118.5,2844.26,Yes
6732-SCWQ,Female,0,Yes,No,22,Yes,No,No,No internet service,No internet service,No internet service,No internet service,No internet service,No internet service,Month-to-month,Yes,Mailed check,41.5,916.61,Yes
9558-FPJD,Male,0,No,Yes,52,Yes,No,No,No internet service,No internet service,No internet service,No internet service,No internet service,No internet service,Month-to-month,Yes,Electronic check,42.65,2218.63,Yes
9681-WOYI,Female,0,Yes,No,14,Yes,Yes,Fiber optic,Yes,No,Yes,No,Yes,Yes,One year,No,Bank transfer (automatic),118.75,1653.37,Yes
8710-JBLV,Female,0,No,No,40,Yes,No,Fiber optic,No,Yes,Yes,Yes,Yes,Yes,Month-to-month,No,Electronic check,113.59,4534.15,Yes
4957-MKGC,Female,0,Yes,No,5,Yes,Yes,DSL,No,Yes,Yes,Yes,Yes,No,Month-to-month,No,Bank transfer (automatic),91.85,457.97,No
9789-YUME,Female,0,Yes,No,43,Yes,No,DSL,No,No,No,Yes,No,No,Two year,Yes,Electronic check,74.45,3193.55,No
3703-OQUY,Male,0,Yes,No,63,Yes,Yes,DSL,Yes,No,Yes,Yes,No,No,Month-to-month,Yes,Mailed check,91.17,5742.86,No
5052-VLRX,Female,0,No,No,6,Yes,No,Fiber optic,Yes,No,No,Yes,No,Yes,Month-to-month,No,Electronic check,109.85,666.35,Yes
2012-PTBJ,Female,0,Yes,No,69,Yes,Yes,DSL,No,No,No,Yes,No,No,Two year,No,Electronic check,83.76,5782.64,No
5942-SCWQ,Male,0,No,No,41,Yes,Yes,No,No internet service,No internet service,No internet service,No internet service,No internet service,No internet service,Month-to-month,No,Bank transfer (automatic),48.01,1968.21,No
3745-BDHL,Female,0,Yes,No,22,Yes,Yes,DSL,No,No,No,No,Yes,No,Two year,No,Electronic check,88.88,1958.85,Yes
5637-NNNN,Female,0,Yes,No,58,Yes,No,DSL,No,No,No,No,No,No,Month-to-month,No,Electronic check,66.16,3839.36,Yes
1501-XRFT,Male,0,No,No,49,Yes,No,DSL,No,No,No,No,No,No,One year,Yes,Electronic check,64.35,3152.06,No
1943-PTBJ,Male,0,Yes,Yes,6,Yes,No,Fiber optic,Yes,No,No,Yes,Yes,No,One year,Yes,Bank transfer (automatic),110.61,657.8,Yes
3074-SCWQ,Female,0,No,No,64,Yes,No,Fiber optic,No,No,No,Yes,No,No,One year,No,Electronic check,92.44,5916.81,No
3230-UIKM,Male,0,No,Yes,22,Yes,No,DSL,No,No,No,No,No,Yes,Month-to-month,Yes,Mailed check,73.94,1626.35,Yes
3617-HVXZ,Female,0,Yes,No,13,Yes,Yes,DSL,No,Yes,No,Yes,Yes,No,One year,Yes,Credit card (automatic),93.07,1211.77,Yes
2410-LHZR,Female,0,No,No,17,No,No phone service,Fiber optic,No,No,No,No,No,Yes,Month-to-month,Yes,Credit card (automatic),75.75,1296.12,Yes
2855-AAAA,Male,0,No,Yes,69,Yes,No,Fiber optic,No,No,Yes,Yes,Yes,Yes,Two year,Yes,Mailed check,114.89,7930.83,No
6043-HVXZ,Male,0,Yes,No,3,Yes,No,Fiber optic,Yes,Yes,Yes,No,No,No,Two year,Yes,Credit card (automatic),94.84,285.83,No
9179-BDHL,Male,0,No,Yes,56,Yes,Yes,No,No internet service,No internet service,No internet service,No internet service,No internet service,No internet service,Two year,Yes,Electronic check,55.6,3101.23,No
6926-SCWQ,Female,0,Yes,No,13,Yes,No,DSL,No,No,Yes,No,Yes,Yes,Month-to-month,No,Bank transfer (automatic),82.06,1066.67,Yes
2214-SCWQ,Male,0,Yes,No,61,No,No phone service,DSL,No,Yes,No,No,Yes,No,Month-to-month,No,Mailed check,55.18,3359.57,Yes
5516-WOYI,Female,0,Yes,No,71,Yes,Yes,DSL,No,No,No,Yes,No,No,Two year,Yes,Credit card (automatic),84.47,6000.02,No
1992-NNNN,Male,1,Yes,No,4,Yes,Yes,No,No internet service,No internet service,No internet service,No internet service,No internet service,No internet service,Month-to-month,Yes,Mailed check,43.55,176.83,No
8112-FPJD,Female,0,No,No,66,Yes,No,No,No internet service,No internet service,No internet service,No internet service,No internet service,No internet service,Two year,Yes,Electronic check,40.52,2670.38,No
6618-KESG,Female,0,Yes,Yes,46,Yes,No,DSL,No,No,No,No,No,No,Month-to-month,No,Bank transfer (automatic),65.18,2997.42,No
9711-PTBJ,Female,0,No,No,70,Yes,Yes,Fiber optic,No,No,No,Yes,Yes,Yes,Month-to-month,Yes,Electronic check,118.75,8308.59,Yes
9102-QWIU,Female,1,No,Yes,2,Yes,Yes,No,No internet service,No internet service,No internet service,No internet service,No internet service,No internet service,Two year,Yes,Bank transfer (automatic),49.62,98.9,No
2319-FPJD,Male,0,Yes,No,64,Yes,Yes,DSL,No,No,Yes,No,No,No,Month-to-month,Yes,Mailed check,76.74,4913.58,No
2966-ZXTP,Female,0,No,No,56,Yes,Yes,DSL,No,No,No,No,Yes,No,Month-to-month,Yes,Mailed check,85.51,4784.89,Yes
8966-YUME,Female,0,No,No,57,Yes,Yes,DSL,No,Yes,Yes,No,No,No,Two year,Yes,Electronic check,75.43,4306.62,No
5389-YUME,Male,0,Yes,No,17,Yes,Yes,DSL,No,No,No,No,No,No,Month-to-month,No,Bank transfer (automatic),77.58,1316.01,Yes
8196-OQUY,Female,1,No,No,17,Yes,Yes,Fiber optic,Yes,No,Yes,Yes,Yes,Yes,One year,No,Electronic check,118.75,2019.44,Yes
6212-FPJD,Female,0,Yes,Yes,42,Yes,Yes,Fiber optic,Yes,No,Yes,No,No,No,Month-to-month,Yes,Bank transfer (automatic),102.68,4307.14,No
1307-CGOW,Female,0,No,No,22,Yes,No,DSL,Yes,No,No,No,No,No,Month-to-month,Yes,Mailed check,78.22,1714.88,Yes
7809-BDHL,Male,0,Yes,No,61,Yes,No,Fiber optic,No,No,Yes,No,No,Yes,Month-to-month,Yes,Bank transfer (automatic),94.56,5762.58,Yes
7449-CGOW,Female,0,No,No,64,Yes,No,DSL,No,No,Yes,No,Yes,Yes,Two year,Yes,Electronic check,88.37,5660.64,Yes
9210-NNNN,Male,0,No,No,4,Yes,Yes,No,No internet service,No internet service,No internet service,No internet service,No internet service,No internet service,One year,Yes,Electronic check,49.14,202.4,Yes
6307-BDHL,Male,0,No,No,15,Yes,No,Fiber optic,No,No,No,No,No,Yes,Two year,No,Mailed check,95.91,1433.4,Yes
8823-PTBJ,Male,0,Yes,No,63,Yes,No,Fiber optic,Yes,No,No,No,No,No,Two year,No,Bank transfer (automatic),95.35,6002.94,No
2256-HVXZ,Female,0,Yes,No,22,Yes,Yes,Fiber optic,Yes,Yes,No,No,Yes,No,Month-to-month,Yes,Electronic check,115.67,2540.49,Yes
4162-EMCS,Female,0,Yes,No,57,Yes,Yes,Fiber optic,No,No,Yes,Yes,No,No,Month-to-month,Yes,Mailed check,97.79,5567.88,Yes
6021-RZPF,Female,0,No,No,45,Yes,Yes,Fiber optic,No,No,Yes,Yes,Yes,No,Two year,No,Electronic check,115.14,5176.13,No
3505-OQUY,Male,1,Yes,No,42,Yes,Yes,DSL,Yes,Yes,Yes,Yes,Yes,Yes,One year,Yes,Mailed check,111.21,4667.75,No
4122-GSQO,Female,0,No,Yes,30,No,No phone service,Fiber optic,No,Yes,No,Yes,Yes,No,Month-to-month,Yes,Credit card (automatic),82.99,2489.67,Yes
6544-EMCS,Male,0,Yes,No,21,Yes,No,Fiber optic,Yes,No,No,No,Yes,No,Two year,Yes,Mailed check,106.18,2227.77,No
5895-ZXTP,Female,0,Yes,No,49,Yes,Yes,No,No internet service,No internet service,No internet service,No internet service,No internet service,No internet service,Two year,No,Electronic check,48.43,2380.47,Yes
7296-OQUY,Female,1,Yes,No,56,Yes,Yes,Fiber optic,Yes,No,No,No,Yes,No,Month-to-month,Yes,Electronic check,111.49,6240.82,Yes
2916-FPJD,Male,0,Yes,No,25,Yes,No,Fiber optic,No,No,No,Yes,Yes,No,One year,No,Credit card (automatic),103.73,2594.01,Yes
7065-JBLV,Male,0,Yes,No,64,Yes,Yes,Fiber optic,Yes,No,No,Yes,No,No,One year,Yes,Bank transfer (automatic),112.11,7184.67,No
7439-MKGC,Male,0,No,No,66,Yes,Yes,No,No internet service,No internet service,No internet service,No internet service,No internet service,No internet service,Month-to-month,No,Mailed check,45.12,2972.06,No
8183-QWIU,Male,0,Yes,Yes,29,No,No phone service,Fiber optic,No,No,Yes,Yes,No,No,One year,No,Bank transfer (automatic),73.26,2132.89,No
1917-DJVH,Male,0,No,No,30,No,No phone service,Fiber optic,No,Yes,No,Yes,Yes,Yes,Two year,Yes,Mailed check,91.58,2754.29,No
6373-YUME,Female,0,Yes,No,19,Yes,No,Fiber optic,Yes,No,No,Yes,Yes,Yes,Month-to-month,No,Credit card (automatic),118.75,2252.65,Yes
2860-HVXZ,Female,0,Yes,No,26,Yes,No,No,No internet service,No internet service,No internet service,No internet service,No internet service,No internet service,Month-to-month,Yes,Credit card (automatic),40.7,1054.65,Yes
1534-RZPF,Male,0,No,No,34,Yes,No,DSL,Yes,No,Yes,Yes,No,Yes,One year,Yes,Bank transfer (automatic),86.29,2933.52,No
1009-MKGC,Male,0,No,No,15,Yes,Yes,DSL,No,No,No,No,Yes,No,Two year,No,Electronic check,86.62,1306.0,Yes
3860-RZPF,Male,0,Yes,No,50,Yes,Yes,DSL,Yes,Yes,No,Yes,No,Yes,Two year,Yes,Credit card (automatic),102.05,5098.22,No
5042-GSQO,Female,1,No,No,68,Yes,No,No,No internet service,No internet service,No internet service,No internet service,No internet service,No internet service,Month-to-month,Yes,Electronic check,41.01,2789.07,Yes
9738-GSQO,Female,0,No,No,2,Yes,Yes,Fiber optic,No,Yes,No,No,No,No,Two year,No,Mailed check,89.83,189.83,Yes
5931-LHZR,Male,0,Yes,Yes,67,Yes,No,Fiber optic,Yes,No,Yes,No,Yes,No,Month-to-month,Yes,Electronic check,104.82,7024.83,Yes
5837-FPJD,Male,0,No,Yes,61,Yes,Yes,Fiber optic,No,Yes,No,No,No,No,Two year,Yes,Electronic check,95.91,5846.05,No
1343-NNNN,Male,0,Yes,No,37,Yes,No,Fiber optic,Yes,No,Yes,No,No,No,One year,Yes,Bank transfer (automatic),91.05,3362.8,Yes
5611-TFDB,Male,0,Yes,Yes,42,Yes,Yes,Fiber optic,No,Yes,Yes,No,No,No,Month-to-month,No,Bank transfer (automatic),95.08,3987.7,Yes
8686-AAAA,Female,0,Yes,No,3,Yes,Yes,Fiber optic,No,No,Yes,No,No,Yes,Month-to-month,Yes,Credit card (automatic),104.54,319.99,Yes
6415-OQUY,Female,1,Yes,No,59,Yes,No,DSL,No,No,No,No,No,Yes,Month-to-month,Yes,Credit card (automatic),79.83,4709.08,Yes
7001-RZPF,Female,0,No,No,72,Yes,Yes,Fiber optic,Yes,No,No,No,Yes,No,Month-to-month,Yes,Credit card (automatic),116.04,8358.67,Yes
7374-UIKM,Female,1,No,No,10,Yes,No,DSL,No,No,No,No,No,Yes,One year,Yes,Mailed check,76.5,764.17,Yes
5440-VLRX,Female,0,No,Yes,55,No,No phone service,DSL,Yes,Yes,Yes,No,No,No,Two year,Yes,Credit card (automatic),53.58,2946.9,No
2736-CGOW,Male,1,Yes,No,57,Yes,No,DSL,No,No,No,No,Yes,Yes,Two year,No,Bank transfer (automatic),83.79,4776.54,No
3779-MKGC,Female,0,Yes,No,26,No,No phone service,No,No internet service,No internet service,No internet service,No internet service,No internet service,No internet service,Two year,Yes,Electronic check,19.04,500.1,No
5151-SCWQ,Female,0,No,No,65,Yes,Yes,DSL,No,Yes,No,No,No,No,Month-to-month,Yes,Credit card (automatic),76.21,4949.26,No
7328-UIKM,Female,0,Yes,No,0,Yes,Yes,Fiber optic,No,No,Yes,No,No,No,Month-to-month,Yes,Credit card (automatic),96.59,0.0,Yes
4114-UIKM,Male,1,No,No,39,Yes,No,DSL,Yes,No,No,No,Yes,No,One year,Yes,Mailed check,85.07,3317.64,No
6616-BDHL,Male,0,No,Yes,15,Yes,Yes,DSL,No,No,Yes,No,No,No,One year,Yes,Electronic check,74.43,1107.2,Yes
2502-ZXTP,Female,0,No,No,33,Yes,Yes,No,No internet service,No internet service,No internet service,No internet service,No internet service,No internet service,Month-to-month,Yes,Electronic check,55.48,1837.28,No
4343-UIKM,Female,0,No,No,49,No,No phone service,Fiber optic,No,No,Yes,No,No,No,Month-to-month,No,Bank transfer (automatic),64.07,3143.82,Yes
6184-NNNN,Female,0,Yes,No,58,Yes,No,No,No internet service,No internet service,No internet service,No internet service,No internet service,No internet service,Month-to-month,Yes,Credit card (automatic),38.17,2216.01,No
6668-GSQO,Female,0,No,No,66,Yes,Yes,Fiber optic,No,Yes,No,No,No,Yes,Month-to-month,No,Mailed check,105.34,6952.71,Yes
7035-BDHL,Male,0,Yes,Yes,46,Yes,No,No,No internet service,No internet service,No internet service,No internet service,No internet service,No internet service,One year,No,Electronic check,37.96,1740.07,Yes
8211-UIKM,Female,0,No,No,51,Yes,Yes,Fiber optic,No,No,No,Yes,Yes,Yes,One year,Yes,Credit card (automatic),118.75,6050.39,Yes
3821-DJVH,Female,0,No,Yes,39,Yes,No,Fiber optic,Yes,No,Yes,Yes,No,No,Two year,No,Bank transfer (automatic),99.54,3879.9,No
5290-EMCS,Female,0,Yes,No,30,Yes,No,DSL,No,No,No,No,No,No,Month-to-month,Yes,Credit card (automatic),61.52,1848.49,Yes
7068-GSQO,Female,0,Yes,Yes,59,Yes,No,DSL,No,No,Yes,No,No,Yes,Month-to-month,No,Credit card (automatic),76.02,4490.74,Yes
8241-IYEK,Female,0,Yes,No,24,Yes,Yes,Fiber optic,Yes,No,Yes,No,Yes,Yes,Month-to-month,Yes,Bank transfer (automatic),118.75,2852.84,Yes
8529-AAAA,Female,0,No,Yes,53,Yes,Yes,Fiber optic,Yes,No,No,No,No,No,Month-to-month,No,Electronic check,101.85,5396.43,Yes
5173-JBLV,Female,0,No,Yes,71,Yes,No,No,No internet service,No internet service,No internet service,No internet service,No internet service,No internet service,One year,Yes,Electronic check,40.42,2872.1,No
9562-ZXTP,Female,0,No,No,40,Yes,No,Fiber optic,No,No,No,No,No,No,Month-to-month,Yes,Mailed check,86.86,3480.65,Yes
3590-AAAA,Male,0,Yes,Yes,27,Yes,No,Fiber optic,Yes,No,No,No,No,No,Month-to-month,No,Bank transfer (automatic),93.9,2527.5,Yes
6959-HVXZ,Female,0,Yes,No,51,Yes,No,DSL,No,No,Yes,No,Yes,Yes,Month-to-month,No,Bank transfer (automatic),88.42,4508.34,Yes
7150-TFDB,Female,0,No,No,5,No,No phone service,Fiber optic,Yes,Yes,No,No,No,Yes,One year,Yes,Bank transfer (automatic),76.82,386.05,Yes
5864-PTBJ,Female,0,No,No,41,Yes,Yes,No,No internet service,No internet service,No internet service,No internet service,No internet service,No internet service,Month-to-month,Yes,Credit card (automatic),46.51,1906.72,No
8473-SCWQ,Male,0,No,No,1,Yes,Yes,Fiber optic,No,Yes,Yes,No,No,Yes,Month-to-month,Yes,Bank transfer (automatic),106.59,103.02,Yes
4443-DJVH,Female,0,No,No,23,Yes,No,Fiber optic,Yes,Yes,No,No,Yes,No,One year,Yes,Mailed check,102.56,2353.99,Yes
2392-YUME,Female,0,Yes,Yes,4,Yes,Yes,Fiber optic,No,No,Yes,No,No,No,Two year,No,Credit card (automatic),94.26,375.88,Yes
4723-JBLV,Male,0,No,Yes,29,Yes,Yes,Fiber optic,No,No,No,No,No,No,One year,No,Bank transfer (automatic),93.38,2711.95,Yes
2715-WOYI,Female,0,No,No,49,Yes,Yes,Fiber optic,Yes,No,No,No,Yes,No,Month-to-month,Yes,Credit card (automatic),110.94,5430.72,Yes
7268-AAAA,Male,0,Yes,No,15,Yes,Yes,Fiber optic,No,Yes,Yes,Yes,No,No,Month-to-month,Yes,Credit card (automatic),107.93,1626.08,No
9036-KESG,Male,0,Yes,No,23,Yes,No,DSL,No,Yes,No,No,No,No,Two year,Yes,Credit card (automatic),69.98,1613.07,Yes
9659-IYEK,Male,0,No,No,33,Yes,No,DSL,No,Yes,Yes,Yes,Yes,Yes,Month-to-month,No,Credit card (automatic),93.62,3086.2,Yes
6097-TFDB,Female,0,No,Yes,35,Yes,No,No,No internet service,No internet service,No internet service,No internet service,No internet service,No internet service,Month-to-month,Yes,Mailed check,39.5,1384.18,No
3560-CGOW,Male,0,Yes,No,62,Yes,No,No,No internet service,No internet service,No internet service,No internet service,No internet service,No internet service,Two year,No,Bank transfer (automatic),40.05,2472.04,No
9491-IYEK,Male,0,Yes,No,10,Yes,Yes,Fiber optic,Yes,Yes,Yes,No,No,No,Month-to-month,Yes,Bank transfer (automatic),99.84,1006.02,Yes
9636-YUME,Female,0,Yes,No,55,Yes,Yes,DSL,No,No,No,No,No,Yes,Month-to-month,No,Mailed check,82.28,4529.94,Yes
5076-SCWQ,Female,0,Yes,Yes,51,Yes,Yes,No,No internet service,No internet service,No internet service,No internet service,No internet service,No internet service,One year,No,Mailed check,45.91,2339.01,Yes
3240-VLRX,Female,1,No,No,42,Yes,Yes,Fiber optic,Yes,No,Yes,Yes,No,No,Two year,No,Mailed check,114.52,4805.1,No
5493-NNNN,Female,0,Yes,Yes,40,Yes,Yes,Fiber optic,No,Yes,Yes,Yes,No,Yes,Month-to-month,No,Electronic check,115.21,4612.6,Yes
4145-ZXTP,Female,0,Yes,Yes,58,Yes,Yes,DSL,Yes,No,No,Yes,Yes,No,One year,Yes,Bank transfer (automatic),100.51,5831.69,No
1556-JBLV,Male,1,No,Yes,41,Yes,No,Fiber optic,Yes,Yes,Yes,No,No,No,Month-to-month,Yes,Bank transfer (automatic),93.42,3831.89,Yes
8314-KESG,Male,0,No,No,68,Yes,Yes,Fiber optic,No,No,No,Yes,Yes,Yes,One year,No,Bank transfer (automatic),118.75,8075.98,No
7353-BDHL,Female,1,No,No,25,Yes,Yes,No,No internet service,No internet service,No internet service,No internet service,No internet service,No internet service,One year,No,Mailed check,47.14,1178.06,Yes
4406-WOYI,Male,0,Yes,No,26,Yes,No,Fiber optic,No,No,Yes,Yes,No,No,Month-to-month,No,Electronic check,95.34,2480.43,Yes
2906-HVXZ,Female,0,No,No,4,Yes,No,DSL,Yes,No,Yes,No,No,No,Month-to-month,Yes,Credit card (automatic),71.38,294.93,Yes
3279-XRFT,Male,0,Yes,No,42,Yes,No,DSL,No,No,Yes,No,No,Yes,Two year,Yes,Credit card (automatic),73.14,3067.59,No
1285-UIKM,Female,0,Yes,No,1,Yes,No,No,No internet service,No internet service,No internet service,No internet service,No internet service,No internet service,One year,No,Electronic check,45.82,52.84,Yes
6588-NNNN,Female,0,Yes,No,68,Yes,Yes,Fiber optic,No,No,Yes,Yes,Yes,No,Two year,No,Electronic check,112.25,7632.45,Yes
1197-DJVH,Female,0,Yes,Yes,43,Yes,No,No,No internet service,No internet service,No internet service,No internet service,No internet service,No internet service,Two year,No,Credit card (automatic),42.61,1836.49,No
1992-CGOW,Female,0,No,No,47,No,No phone service,No,No internet service,No internet service,No internet service,No internet service,No internet service,No internet service,One year,No,Bank transfer (automatic),20.19,945.25,No
9717-XRFT,Female,1,Yes,No,9,Yes,Yes,Fiber optic,Yes,Yes,Yes,No,Yes,No,Month-to-month,No,Credit card (automatic),110.05,995.35,Yes
8265-BDHL,Male,0,Yes,No,34,Yes,Yes,No,No internet service,No internet service,No internet service,No internet service,No internet service,No internet service,One year,No,Electronic check,50.87,1739.75,No
8622-KESG,Male,0,Yes,No,25,Yes,No,Fiber optic,No,Yes,Yes,No,Yes,No,Month-to-month,Yes,Mailed check,94.22,2353.03,Yes
7744-AAAA,Male,0,No,Yes,44,Yes,No,Fiber optic,No,No,No,No,No,No,Two year,Yes,Bank transfer (automatic),84.25,3708.05,No
6275-RZPF,Female,0,No,Yes,2,Yes,No,DSL,No,No,No,No,No,No,Month-to-month,Yes,Electronic check,62.81,113.68,Yes
9980-YUME,Male,0,No,No,23,Yes,No,Fiber optic,No,Yes,Yes,No,No,No,Month-to-month,No,Electronic check,88.32,2032.76,Yes
2445-VLRX,Male,1,Yes,No,21,Yes,No,DSL,Yes,No,No,No,No,Yes,Two year,No,Electronic check,79.43,1672.89,Yes
1016-LHZR,Female,0,No,Yes,47,Yes,No,Fiber optic,Yes,No,Yes,No,Yes,No,One year,No,Bank transfer (automatic),105.51,4952.62,No
1678-LHZR,Male,0,Yes,Yes,66,No,No phone service,Fiber optic,No,No,Yes,No,Yes,No,One year,No,Mailed check,71.61,4729.11,Yes
7559-HVXZ,Female,1,No,No,28,Yes,No,No,No internet service,No internet service,No internet service,No internet service,No internet service,No internet service,Two year,No,Bank transfer (automatic),39.11,1094.67,Yes
4228-HVXZ,Female,1,Yes,No,7,No,No phone service,No,No internet service,No internet service,No internet service,No internet service,No internet service,No internet service,Two year,Yes,Credit card (automatic),22.99,161.91,No
5425-RZPF,Male,1,No,No,34,Yes,Yes,Fiber optic,Yes,No,Yes,No,Yes,Yes,Month-to-month,Yes,Credit card (automatic),118.75,4033.43,Yes
3645-TFDB,Female,0,No,No,69,Yes,Yes,Fiber optic,Yes,Yes,Yes,No,No,No,Month-to-month,Yes,Electronic check,102.59,7075.73,No
1066-PTBJ,Female,0,Yes,No,56,Yes,No,Fiber optic,Yes,Yes,No,Yes,No,No,Month-to-month,Yes,Credit card (automatic),97.74,5473.87,Yes
7261-RZPF,Male,1,Yes,Yes,43,Yes,No,Fiber optic,Yes,Yes,No,No,No,Yes,Two year,Yes,Bank transfer (automatic),102.54,4409.51,No
8160-KESG,Female,1,Yes,No,13,Yes,No,Fiber optic,No,Yes,Yes,Yes,No,Yes,One year,Yes,Mailed check,104.76,1363.95,Yes
5312-XRFT,Female,0,No,No,55,No,No phone service,DSL,Yes,No,No,Yes,No,Yes,Month-to-month,Yes,Bank transfer (automatic),71.47,3926.18,Yes
4262-UIKM,Female,0,Yes,No,59,Yes,No,Fiber optic,Yes,Yes,No,No,No,No,One year,No,Bank transfer (automatic),93.07,5485.45,Yes
9490-HVXZ,Male,0,Yes,No,25,No,No phone service,Fiber optic,Yes,Yes,Yes,No,No,Yes,Month-to-month,Yes,Electronic check,87.0,2176.36,Yes
5876-ZXTP,Male,0,No,No,33,Yes,Yes,DSL,Yes,Yes,No,No,No,No,Month-to-month,No,Electronic check,82.2,2710.83,Yes
7767-XRFT,Female,0,No,Yes,33,No,No phone service,Fiber optic,No,Yes,No,No,No,No,One year,No,Credit card (automatic),64.94,2135.83,Yes
4292-VLRX,Male,0,No,Yes,1,No,No phone service,No,No internet service,No internet service,No internet service,No internet service,No internet service,No internet service,Month-to-month,No,Electronic check,21.37,18.25,Yes
5212-UIKM,Male,0,No,Yes,0,No,No phone service,DSL,Yes,Yes,Yes,No,No,No,Month-to-month,Yes,Mailed check,51.27,0.0,Yes
2846-IYEK,Male,0,Yes,Yes,24,Yes,Yes,Fiber optic,No,No,No,No,No,No,Two year,No,Mailed check,93.72,2241.6,Yes
3854-TFDB,Male,0,No,No,59,Yes,No,DSL,No,Yes,No,No,Yes,No,Month-to-month,Yes,Credit card (automatic),72.96,4307.38,Yes
6918-JBLV,Male,0,Yes,No,7,Yes,Yes,Fiber optic,Yes,Yes,No,Yes,No,No,Month-to-month,Yes,Credit card (automatic),106.69,750.58,Yes
2838-VLRX,Female,0,No,No,47,Yes,No,No,No internet service,No internet service,No internet service,No internet service,No internet service,No internet service,Month-to-month,No,Bank transfer (automatic),43.66,2052.92,Yes
9652-IYEK,Female,0,No,Yes,57,Yes,No,Fiber optic,No,Yes,No,Yes,Yes,No,Month-to-month,No,Electronic check,102.66,5847.52,Yes
3376-KESG,Male,0,Yes,Yes,63,Yes,Yes,DSL,Yes,No,Yes,Yes,No,No,Month-to-month,No,Bank transfer (automatic),89.81,5651.12,Yes
1593-EMCS,Male,1,No,No,11,No,No phone service,Fiber optic,No,Yes,No,Yes,Yes,No,One year,No,Bank transfer (automatic),82.43,911.49,Yes
5761-RZPF,Male,0,No,Yes,58,Yes,No,Fiber optic,Yes,Yes,Yes,No,Yes,Yes,Two year,No,Mailed check,110.98,6430.95,No
5678-JBLV,Male,0,No,Yes,53,Yes,No,Fiber optic,Yes,No,No,Yes,Yes,Yes,Two year,Yes,Electronic check,118.75,6296.09,No
6214-AAAA,Female,0,Yes,No,22,No,No phone service,Fiber optic,No,No,No,Yes,No,No,One year,Yes,Electronic check,73.33,1607.79,Yes
8489-SCWQ,Male,1,No,No,9,Yes,No,Fiber optic,Yes,No,Yes,No,No,No,Two year,No,Bank transfer (automatic),91.34,823.61,Yes
5607-NNNN,Female,0,Yes,No,28,Yes,No,Fiber optic,No,No,Yes,No,No,No,Two year,No,Electronic check,84.86,2368.48,Yes
9003-QWIU,Female,0,No,Yes,52,Yes,Yes,DSL,No,Yes,No,Yes,No,No,Two year,Yes,Credit card (automatic),83.7,4348.67,No
5846-LHZR,Female,0,No,No,71,Yes,No,No,No internet service,No internet service,No internet service,No internet service,No internet service,No internet service,Month-to-month,No,Mailed check,34.55,2460.16,No
4965-RZPF,Male,0,No,No,61,Yes,No,DSL,No,No,No,No,No,Yes,Month-to-month,Yes,Electronic check,75.31,4597.03,No
6324-VLRX,Female,1,No,No,20,No,No phone service,No,No internet service,No internet service,No internet service,No internet service,No internet service,No internet service,Month-to-month,Yes,Bank transfer (automatic),18.25,362.0,No
4832-YUME,Female,0,No,No,36,Yes,Yes,No,No internet service,No internet service,No internet service,No internet service,No internet service,No internet service,One year,No,Credit card (automatic),53.55,1926.71,No
7413-IYEK,Female,0,Yes,No,68,Yes,Yes,Fiber optic,No,No,Yes,No,No,Yes,Month-to-month,No,Bank transfer (automatic),103.73,7050.82,Yes
2565-YUME,Male,0,No,No,13,Yes,No,No,No internet service,No internet service,No internet service,No internet service,No internet service,No internet service,One year,No,Electronic check,40.96,538.8,No
9334-MKGC,Male,0,Yes,Yes,2,Yes,No,Fiber optic,No,No,Yes,Yes,Yes,Yes,Month-to-month,No,Bank transfer (automatic),112.9,220.56,Yes
3765-AAAA,Female,0,Yes,Yes,13,Yes,Yes,Fiber optic,Yes,Yes,No,No,No,Yes,Two year,Yes,Bank transfer (automatic),116.38,1509.42,No
8257-AAAA,Female,0,No,No,50,Yes,Yes,DSL,No,Yes,Yes,No,No,Yes,Month-to-month,No,Electronic check,85.56,4281.09,No
7819-YUME,Male,0,No,Yes,61,Yes,No,DSL,No,Yes,No,No,No,No,Two year,Yes,Credit card (automatic),68.25,4159.06,No
8259-WOYI,Female,0,No,No,7,Yes,Yes,Fiber optic,No,Yes,Yes,No,No,No,Month-to-month,Yes,Bank transfer (automatic),93.22,655.96,Yes
3702-QWIU,Female,0,No,No,59,Yes,No,Fiber optic,No,No,Yes,No,No,No,Month-to-month,No,Bank transfer (automatic),82.64,4880.28,Yes
8314-HVXZ,Female,1,Yes,No,60,Yes,No,DSL,No,No,Yes,No,Yes,No,Two year,No,Mailed check,79.1,4737.25,No
4072-OQUY,Female,0,Yes,Yes,11,Yes,No,Fiber optic,No,No,No,Yes,Yes,Yes,Two year,Yes,Electronic check,113.48,1248.88,No
4303-CGOW,Male,0,No,No,55,Yes,No,Fiber optic,Yes,No,No,No,No,No,Month-to-month,No,Bank transfer (automatic),91.47,5032.63,Yes
9189-VLRX,Female,0,Yes,Yes,67,Yes,No,DSL,Yes,No,Yes,No,No,No,Month-to-month,Yes,Mailed check,72.89,4886.97,Yes
4709-MKGC,Female,0,No,No,70,Yes,Yes,Fiber optic,Yes,Yes,No,No,No,Yes,One year,Yes,Credit card (automatic),113.36,7935.4,No
7509-EMCS,Male,0,Yes,No,22,Yes,Yes,DSL,Yes,No,No,No,No,No,Two year,Yes,Bank transfer (automatic),82.97,1825.48,Yes
2556-BDHL,Female,0,Yes,Yes,38,Yes,Yes,DSL,No,No,Yes,No,No,No,Two year,Yes,Mailed check,71.17,2704.38,No
3667-BDHL,Female,0,Yes,No,61,Yes,No,DSL,No,No,No,No,No,Yes,One year,No,Electronic check,77.29,4717.56,No
9905-VLRX,Female,1,Yes,Yes,33,Yes,No,No,No internet service,No internet service,No internet service,No internet service,No internet service,No internet service,Month-to-month,Yes,Mailed check,40.85,1355.52,Yes
4681-KESG,Male,0,No,No,15,No,No phone service,Fiber optic,No,No,Yes,Yes,Yes,No,Month-to-month,No,Credit card (automatic),75.78,1144.14,No
5468-VLRX,Male,0,No,No,38,Yes,No,Fiber optic,No,No,Yes,No,No,No,Two year,Yes,Bank transfer (automatic),83.31,3162.57,No
4300-VLRX,Female,0,No,Yes,60,Yes,Yes,Fiber optic,Yes,Yes,No,Yes,No,Yes,One year,Yes,Credit card (automatic),118.63,7117.4,No
4775-UIKM,Female,0,Yes,Yes,53,Yes,Yes,Fiber optic,No,No,No,No,No,No,Month-to-month,Yes,Electronic check,93.2,4944.92,Yes
2577-XRFT,Male,0,No,Yes,26,Yes,Yes,DSL,Yes,No,No,Yes,No,No,Two year,Yes,Credit card (automatic),90.63,2350.09,No
3378-CGOW,Male,0,No,No,49,Yes,Yes,No,No internet service,No internet service,No internet service,No internet service,No internet service,No internet service,Month-to-month,No,Credit card (automatic),54.61,2680.22,No
2191-JBLV,Female,0,Yes,Yes,18,Yes,No,DSL,No,No,Yes,No,Yes,No,Month-to-month,Yes,Credit card (automatic),75.6,1367.22,Yes
4959-JBLV,Female,0,Yes,No,2,No,No phone service,Fiber optic,Yes,Yes,No,No,No,Yes,Month-to-month,Yes,Electronic check,83.83,163.1,Yes
8574-IYEK,Female,0,Yes,No,13,Yes,Yes,Fiber optic,No,Yes,No,Yes,No,No,Month-to-month,No,Bank transfer (automatic),102.28,1323.81,No
3151-VLRX,Male,0,No,No,16,Yes,No,DSL,Yes,No,Yes,No,Yes,No,One year,Yes,Mailed check,81.21,1297.57,Yes
4815-PTBJ,Male,0,Yes,Yes,56,Yes,No,Fiber optic,No,Yes,No,No,No,No,One year,No,Mailed check,86.41,4835.44,Yes
8072-NNNN,Male,0,Yes,Yes,1,Yes,Yes,DSL,No,No,Yes,No,Yes,No,Month-to-month,Yes,Electronic check,87.12,92.38,Yes
5370-CGOW,Male,1,Yes,No,9,Yes,No,DSL,Yes,Yes,No,No,No,No,One year,Yes,Electronic check,76.95,690.69,Yes
3649-QWIU,Female,1,No,No,62,Yes,Yes,Fiber optic,No,No,Yes,No,No,Yes,One year,Yes,Electronic check,105.14,6515.38,Yes
4147-SCWQ,Male,0,No,No,13,Yes,Yes,No,No internet service,No internet service,No internet service,No internet service,No internet service,No internet service,Month-to-month,No,Bank transfer (automatic),55.11,716.61,Yes
7578-JBLV,Female,0,Yes,No,66,Yes,Yes,Fiber optic,No,No,No,No,No,No,Month-to-month,No,Mailed check,96.51,6366.83,Yes
5839-FPJD,Female,0,No,No,49,Yes,No,Fiber optic,Yes,No,No,Yes,No,No,Two year,No,Mailed check,103.2,5061.4,No
1918-GSQO,Male,1,No,No,13,Yes,No,Fiber optic,No,No,No,No,Yes,No,Month-to-month,No,Mailed check,95.88,1251.82,Yes
1955-PTBJ,Male,0,No,Yes,41,Yes,No,DSL,No,Yes,Yes,No,No,Yes,Two year,Yes,Electronic check,77.4,3166.27,No
1926-NNNN,Male,0,No,No,22,Yes,Yes,No,No internet service,No internet service,No internet service,No internet service,No internet service,No internet service,Month-to-month,No,Electronic check,49.78,1096.45,Yes
5648-HVXZ,Female,0,Yes,Yes,56,Yes,No,Fiber optic,No,No,No,No,No,No,One year,No,Electronic check,82.85,4641.06,Yes
1470-SCWQ,Female,0,Yes,No,55,Yes,No,No,No internet service,No internet service,No internet service,No internet service,No internet service,No internet service,Month-to-month,Yes,Mailed check,42.4,2329.57,No
5725-MKGC,Male,0,Yes,No,14,Yes,Yes,No,No internet service,No internet service,No internet service,No internet service,No internet service,No internet service,One year,No,Electronic check,51.49,725.52,No
1142-SCWQ,Male,0,Yes,Yes,39,Yes,No,No,No internet service,No internet service,No internet service,No internet service,No internet service,No internet service,Month-to-month,Yes,Electronic check,36.45,1424.28,No
8503-UIKM,Male,0,No,Yes,30,Yes,No,No,No internet service,No internet service,No internet service,No internet service,No internet service,No internet service,Two year,Yes,Credit card (automatic),40.17,1205.2,Yes
4712-TFDB,Male,0,No,No,51,Yes,Yes,Fiber optic,No,Yes,Yes,No,No,Yes,Two year,Yes,Bank transfer (automatic),106.54,5429.32,No
9623-LHZR,Female,0,No,No,51,Yes,Yes,DSL,Yes,No,No,Yes,No,No,Two year,No,Bank transfer (automatic),89.28,4555.1,No
8002-MKGC,Female,0,Yes,No,12,Yes,Yes,DSL,No,Yes,Yes,No,Yes,Yes,Month-to-month,No,Mailed check,92.3,1111.11,Yes
7363-DJVH,Female,0,No,Yes,50,Yes,Yes,Fiber optic,No,No,No,No,No,Yes,Month-to-month,Yes,Electronic check,103.21,5149.26,Yes
7123-DJVH,Female,0,No,Yes,56,Yes,Yes,DSL,No,Yes,Yes,No,No,Yes,Two year,No,Electronic check,87.56,4908.62,No
8629-JBLV,Female,0,No,No,14,Yes,No,DSL,Yes,No,No,No,No,Yes,Month-to-month,No,Electronic check,77.96,1096.23,Yes
5033-FPJD,Female,0,Yes,No,39,Yes,Yes,DSL,Yes,Yes,No,No,No,Yes,One year,No,Credit card (automatic),94.65,3685.11,No
4340-ZXTP,Female,0,No,No,65,Yes,No,DSL,Yes,No,No,Yes,Yes,No,One year,No,Electronic check,95.17,6187.83,Yes
5061-FPJD,Male,0,No,Yes,26,Yes,Yes,Fiber optic,No,No,Yes,No,No,No,Month-to-month,Yes,Mailed check,93.48,2430.14,Yes
6670-FPJD,Male,0,Yes,Yes,49,Yes,Yes,Fiber optic,Yes,Yes,Yes,No,Yes,No,Month-to-month,Yes,Credit card (automatic),118.75,5815.5,No
5784-AAAA,Male,0,No,No,17,Yes,No,Fiber optic,No,No,No,No,No,Yes,One year,No,Credit card (automatic),92.55,1569.03,Yes
7047-ZXTP,Female,0,No,Yes,68,No,No phone service,Fiber optic,No,No,No,Yes,Yes,Yes,One year,No,Electronic check,94.16,6402.94,No
6258-QWIU,Female,1,No,No,38,Yes,No,Fiber optic,No,No,No,No,No,No,Month-to-month,Yes,Electronic check,84.11,3199.13,Yes
7413-XRFT,Male,1,No,No,62,Yes,Yes,DSL,No,No,Yes,Yes,Yes,Yes,One year,Yes,Electronic check,99.64,6175.16,No
6977-IYEK,Female,0,Yes,No,55,Yes,No,Fiber optic,Yes,No,No,Yes,No,No,Two year,Yes,Electronic check,102.93,5666.64,No
1164-YUME,Male,0,Yes,No,56,Yes,Yes,No,No internet service,No internet service,No internet service,No internet service,No internet service,No internet service,Month-to-month,Yes,Credit card (automatic),50.23,2809.34,Yes
3841-VLRX,Male,0,Yes,No,29,Yes,No,Fiber optic,Yes,No,Yes,No,Yes,Yes,Month-to-month,No,Mailed check,117.66,3419.19,Yes
4427-RZPF,Male,0,Yes,Yes,57,Yes,No,DSL,No,No,No,No,No,No,One year,No,Electronic check,64.37,3670.32,Yes
7720-YUME,Male,0,No,Yes,1,Yes,No,Fiber optic,No,No,No,Yes,Yes,Yes,Month-to-month,No,Electronic check,116.12,118.03,Yes
1271-XRFT,Female,0,No,No,40,Yes,No,Fiber optic,Yes,No,Yes,Yes,Yes,No,Month-to-month,Yes,Credit card (automatic),110.98,4434.22,Yes
7570-UIKM,Female,0,No,No,34,Yes,No,DSL,Yes,No,Yes,Yes,No,No,One year,Yes,Electronic check,73.71,2512.8,Yes
9963-UIKM,Male,0,Yes,Yes,29,Yes,No,Fiber optic,No,Yes,No,Yes,No,No,Month-to-month,No,Electronic check,94.75,2750.88,Yes
2716-FPJD,Female,1,No,No,8,Yes,No,Fiber optic,Yes,No,Yes,No,Yes,Yes,Month-to-month,Yes,Credit card (automatic),118.0,949.13,Yes
1445-QWIU,Male,0,No,No,69,Yes,No,DSL,Yes,No,No,No,No,Yes,Month-to-month,No,Bank transfer (automatic),84.17,5810.27,Yes
3987-NNNN,Female,0,No,No,20,Yes,Yes,DSL,Yes,No,No,No,Yes,Yes,Month-to-month,No,Electronic check,104.05,2083.83,Yes
6941-AAAA,Female,0,Yes,No,61,No,No phone service,DSL,No,No,No,No,No,Yes,Two year,Yes,Electronic check,54.58,3334.9,No
9915-HVXZ,Male,0,No,No,12,Yes,No,DSL,No,Yes,Yes,No,Yes,Yes,One year,No,Mailed check,81.93,988.97,No
3179-BDHL,Male,1,No,No,38,Yes,No,DSL,No,Yes,No,No,No,No,Two year,No,Electronic check,67.1,2539.67,No
3345-XRFT,Male,1,Yes,No,69,Yes,No,DSL,No,No,No,Yes,Yes,No,Two year,Yes,Electronic check,80.38,5540.2,No
4569-WOYI,Female,0,No,Yes,10,No,No phone service,No,No internet service,No internet service,No internet service,No internet service,No internet service,No internet service,Month-to-month,Yes,Credit card (automatic),20.98,208.15,Yes
6413-CGOW,Female,0,No,Yes,53,Yes,Yes,Fiber optic,No,Yes,Yes,No,No,Yes,One year,Yes,Electronic check,105.23,5582.12,Yes
2600-AAAA,Female,0,No,Yes,43,No,No phone service,Fiber optic,Yes,No,No,Yes,Yes,No,Month-to-month,No,Mailed check,91.08,3910.79,Yes
4266-SCWQ,Male,0,Yes,Yes,11,Yes,Yes,Fiber optic,Yes,Yes,No,No,No,No,Two year,Yes,Credit card (automatic),105.26,1161.06,Yes
1126-IYEK,Male,0,Yes,Yes,7,Yes,No,Fiber optic,No,No,No,No,No,No,One year,Yes,Electronic check,85.06,596.14,Yes
8707-XRFT,Female,1,No,No,22,Yes,No,Fiber optic,No,Yes,Yes,No,Yes,Yes,One year,No,Bank transfer (automatic),106.51,2350.0,Yes
4714-XRFT,Female,0,No,No,5,Yes,No,DSL,No,No,No,No,No,Yes,Month-to-month,No,Bank transfer (automatic),75.7,364.17,Yes
5790-VLRX,Male,0,No,No,11,Yes,No,Fiber optic,Yes,Yes,No,No,No,No,Month-to-month,Yes,Mailed check,96.74,1061.26,Yes
8236-HVXZ,Male,0,No,Yes,1,No,No phone service,Fiber optic,No,No,No,Yes,Yes,No,One year,No,Mailed check,81.32,85.04,Yes
7430-TFDB,Male,0,No,No,70,Yes,Yes,Fiber optic,Yes,No,No,No,No,Yes,Month-to-month,No,Electronic check,112.53,7875.74,Yes
7420-QWIU,Female,0,No,No,67,Yes,No,Fiber optic,No,Yes,No,No,No,No,Two year,No,Mailed check,82.71,5544.02,No
3079-WOYI,Male,0,No,No,62,Yes,No,No,No internet service,No internet service,No internet service,No internet service,No internet service,No internet service,One year,Yes,Credit card (automatic),43.81,2720.98,No
3892-XRFT,Male,0,Yes,No,65,Yes,No,No,No internet service,No internet service,No internet service,No internet service,No internet service,No internet service,One year,Yes,Bank transfer (automatic),38.4,2495.31,Yes
7938-DJVH,Female,0,Yes,No,33,Yes,Yes,No,No internet service,No internet service,No internet service,No internet service,No internet service,No internet service,Month-to-month,No,Mailed check,49.71,1639.02,Yes
5571-XRFT,Female,0,No,Yes,62,Yes,Yes,DSL,Yes,Yes,No,Yes,No,No,Two year,Yes,Credit card (automatic),87.8,5446.39,No
3524-KESG,Female,0,No,No,36,Yes,Yes,DSL,No,Yes,Yes,No,Yes,No,Month-to-month,Yes,Bank transfer (automatic),83.14,2989.53,Yes
8642-LHZR,Male,0,Yes,No,17,Yes,No,Fiber optic,No,No,No,No,No,No,Month-to-month,Yes,Electronic check,88.27,1497.84,Yes
1194-LHZR,Male,0,No,No,23,Yes,No,DSL,No,No,No,No,Yes,No,Two year,Yes,Bank transfer (automatic),75.26,1729.6,No
3600-NNNN,Female,0,No,No,44,Yes,Yes,No,No internet service,No internet service,No internet service,No internet service,No internet service,No internet service,Month-to-month,No,Bank transfer (automatic),53.42,2348.91,No
1277-BDHL,Female,0,No,No,63,Yes,Yes,Fiber optic,No,Yes,No,No,Yes,No,One year,Yes,Bank transfer (automatic),100.09,6298.65,No
1451-KESG,Female,0,Yes,No,60,Yes,No,Fiber optic,No,No,No,No,No,Yes,One year,No,Mailed check,93.48,5607.77,Yes
8311-NNNN,Male,1,Yes,No,4,Yes,Yes,DSL,No,No,No,No,No,Yes,Two year,No,Bank transfer (automatic),88.13,354.24,No
3581-RZPF,Female,0,No,No,1,Yes,No,DSL,No,No,No,No,Yes,Yes,Month-to-month,Yes,Electronic check,83.17,74.09,Yes
6469-MKGC,Male,1,Yes,Yes,5,Yes,Yes,Fiber optic,No,Yes,Yes,No,No,No,Two year,No,Electronic check,94.22,476.42,Yes
7763-OQUY,Female,0,Yes,No,65,Yes,No,DSL,No,No,No,Yes,No,Yes,Month-to-month,Yes,Electronic check,79.08,5133.54,No
1699-VLRX,Male,0,Yes,No,38,Yes,Yes,No,No internet service,No internet service,No internet service,No internet service,No internet service,No internet service,Two year,No,Electronic check,46.27,1757.27,Yes
1874-EMCS,Male,0,No,Yes,64,Yes,Yes,Fiber optic,No,No,No,Yes,Yes,No,Month-to-month,Yes,Electronic check,113.45,7260.92,No
6953-AAAA,Female,0,No,No,34,Yes,No,Fiber optic,No,Yes,Yes,Yes,Yes,No,Two year,Yes,Credit card (automatic),103.45,3513.29,Yes
8090-YUME,Male,0,No,No,42,Yes,Yes,DSL,No,No,No,No,No,No,Month-to-month,No,Electronic check,75.46,3162.62,No
8392-MKGC,Male,0,Yes,Yes,22,Yes,No,No,No internet service,No internet service,No internet service,No internet service,No internet service,No internet service,Month-to-month,Yes,Bank transfer (automatic),39.9,876.43,Yes
4158-WOYI,Male,0,No,No,38,Yes,No,DSL,Yes,No,No,No,No,Yes,Two year,Yes,Electronic check,84.3,3209.71,No
7989-GSQO,Female,0,Yes,No,39,Yes,No,No,No internet service,No internet service,No internet service,No internet service,No internet service,No internet service,Two year,No,Bank transfer (automatic),40.44,1578.81,No
9733-KESG,Male,0,No,No,10,Yes,No,No,No internet service,No internet service,No internet service,No internet service,No internet service,No internet service,Month-to-month,Yes,Mailed check,36.23,362.3,Yes
2356-NNNN,Female,0,Yes,No,8,No,No phone service,Fiber optic,No,No,No,Yes,No,Yes,Month-to-month,Yes,Electronic check,83.8,661.45,Yes
8009-IYEK,Male,0,Yes,No,22,No,No phone service,No,No internet service,No internet service,No internet service,No internet service,No internet service,No internet service,Month-to-month,No,Mailed check,18.72,412.59,No
5018-GSQO,Female,1,Yes,Yes,8,Yes,Yes,Fiber optic,No,Yes,No,Yes,Yes,No,Month-to-month,Yes,Electronic check,112.77,900.15,Yes
6592-SCWQ,Male,0,No,No,5,Yes,No,DSL,No,No,No,Yes,No,No,Month-to-month,Yes,Electronic check,71.06,355.26,Yes
6691-EMCS,Male,1,Yes,Yes,41,Yes,Yes,Fiber optic,No,Yes,No,No,No,No,One year,Yes,Credit card (automatic),95.95,3929.67,No
7539-KESG,Female,0,No,No,37,Yes,Yes,DSL,Yes,No,No,No,Yes,No,Two year,Yes,Bank transfer (automatic),98.21,3637.62,No
1261-XRFT,Female,0,No,Yes,17,Yes,Yes,No,No internet service,No internet service,No internet service,No internet service,No internet service,No internet service,One year,No,Credit card (automatic),48.98,833.39,Yes
8730-QWIU,Male,0,No,No,26,Yes,No,DSL,No,No,Yes,No,No,No,Two year,Yes,Credit card (automatic),64.29,1673.53,No
9682-FPJD,Male,0,No,Yes,1,Yes,No,Fiber optic,Yes,No,Yes,Yes,No,Yes,Month-to-month,Yes,Bank transfer (automatic),114.89,129.77,Yes
3494-OQUY,Female,0,No,Yes,64,No,No phone service,No,No internet service,No internet service,No internet service,No internet service,No internet service,No internet service,Month-to-month,No,Mailed check,19.94,1274.46,No
3014-RZPF,Female,0,No,No,27,Yes,Yes,DSL,Yes,No,No,Yes,No,No,One year,Yes,Mailed check,87.39,2361.85,No
1845-KESG,Male,0,No,No,60,Yes,Yes,Fiber optic,Yes,Yes,Yes,No,No,Yes,Month-to-month,No,Bank transfer (automatic),111.99,6722.76,Yes
1289-NNNN,Male,0,No,No,44,Yes,Yes,Fiber optic,No,No,No,No,Yes,Yes,Two year,Yes,Mailed check,111.49,4910.53,No
7272-AAAA,Male,1,Yes,No,15,Yes,No,DSL,No,Yes,Yes,No,No,Yes,Two year,Yes,Electronic check,73.68,1106.36,No
6390-RZPF,Female,0,No,No,25,Yes,No,Fiber optic,No,No,Yes,No,Yes,No,Two year,No,Mailed check,94.78,2361.07,No
1071-GSQO,Male,0,No,No,48,Yes,Yes,No,No internet service,No internet service,No internet service,No internet service,No internet service,No internet service,Two year,Yes,Mailed check,49.87,2396.49,No
6435-VLRX,Male,0,Yes,No,27,No,No phone service,Fiber optic,Yes,Yes,No,Yes,Yes,Yes,Month-to-month,Yes,Mailed check,105.46,2847.79,Yes
4536-FPJD,Female,0,No,No,22,Yes,Yes,Fiber optic,No,No,Yes,Yes,Yes,Yes,Month-to-month,No,Credit card (automatic),118.75,2614.68,Yes
9611-GSQO,Male,0,No,Yes,59,Yes,Yes,Fiber optic,No,No,Yes,No,Yes,Yes,Month-to-month,Yes,Credit card (automatic),115.41,6802.55,No
8633-HVXZ,Female,0,No,Yes,10,Yes,Yes,Fiber optic,Yes,No,No,No,No,No,Month-to-month,Yes,Credit card (automatic),105.82,1059.81,Yes
6291-EMCS,Female,0,No,No,54,Yes,Yes,Fiber optic,Yes,No,No,No,No,No,Two year,Yes,Electronic check,103.29,5577.31,Yes
6197-XRFT,Female,0,No,Yes,12,Yes,No,Fiber optic,No,No,No,No,No,No,One year,Yes,Bank transfer (automatic),81.86,979.58,Yes
5036-VLRX,Male,0,Yes,No,32,Yes,Yes,DSL,No,No,No,No,No,No,Month-to-month,No,Electronic check,77.33,2481.21,Yes
7588-DJVH,Female,0,Yes,No,33,Yes,No,No,No internet service,No internet service,No internet service,No internet service,No internet service,No internet service,Two year,No,Credit card (automatic),41.2,1363.68,No
1670-SCWQ,Male,1,No,No,30,Yes,No,Fiber optic,No,No,No,Yes,Yes,Yes,Two year,Yes,Credit card (automatic),110.69,3321.73,No
4638-CGOW,Female,0,Yes,No,10,Yes,Yes,DSL,Yes,No,Yes,No,Yes,No,Two year,No,Mailed check,98.31,977.68,Yes
8004-QWIU,Male,1,No,No,16,Yes,No,DSL,Yes,No,Yes,Yes,Yes,No,Month-to-month,Yes,Bank transfer (automatic),91.2,1451.72,Yes
2895-KESG,Male,0,No,No,22,Yes,Yes,DSL,No,No,No,No,Yes,No,Month-to-month,No,Credit card (automatic),82.79,1817.87,Yes
5241-QWIU,Female,0,No,No,6,Yes,Yes,No,No internet service,No internet service,No internet service,No internet service,No internet service,No internet service,Two year,Yes,Electronic check,51.67,313.72,No
8151-HVXZ,Female,1,No,Yes,63,Yes,Yes,Fiber optic,No,No,No,No,No,No,Two year,No,Electronic check,98.14,6183.65,No
3689-SCWQ,Male,1,Yes,No,48,Yes,No,DSL,Yes,No,No,Yes,No,No,Month-to-month,Yes,Bank transfer (automatic),82.08,3941.73,Yes
7059-IYEK,Male,0,Yes,No,67,Yes,Yes,Fiber optic,No,No,No,Yes,Yes,Yes,Month-to-month,Yes,Mailed check,118.75,7957.28,Yes
4791-KESG,Male,0,Yes,Yes,60,Yes,Yes,DSL,No,No,No,No,No,No,Month-to-month,No,Credit card (automatic),77.01,4620.9,Yes
9705-ZXTP,Male,1,No,No,67,Yes,Yes,DSL,No,No,No,No,Yes,Yes,One year,No,Credit card (automatic),94.95,6364.33,Yes
6462-UIKM,Male,0,Yes,No,4,No,No phone service,DSL,No,Yes,Yes,No,No,No,Two year,Yes,Bank transfer (automatic),43.15,172.15,No
4983-ZXTP,Female,1,No,No,28,Yes,Yes,Fiber optic,No,No,Yes,No,No,Yes,One year,No,Mailed check,107.34,3003.69,Yes
1901-OQUY,Male,0,No,Yes,72,Yes,Yes,Fiber optic,No,No,Yes,Yes,No,No,Month-to-month,Yes,Credit card (automatic),101.72,7328.3,Yes
3343-LHZR,Male,0,Yes,Yes,56,Yes,No,Fiber optic,No,Yes,Yes,No,Yes,No,Month-to-month,No,Bank transfer (automatic),92.15,5159.08,Yes
1824-JBLV,Male,0,Yes,No,49,Yes,No,Fiber optic,Yes,No,Yes,No,Yes,No,Month-to-month,No,Bank transfer (automatic),101.31,4973.51,Yes
5736-QWIU,Female,0,No,No,26,Yes,No,No,No internet service,No internet service,No internet service,No internet service,No internet service,No internet service,Two year,Yes,Electronic check,39.55,1033.71,No
9266-VLRX,Male,0,Yes,No,66,Yes,No,DSL,No,No,No,No,No,Yes,Two year,Yes,Electronic check,74.54,4922.16,Yes
3147-YUME,Female,0,Yes,No,53,Yes,No,No,No internet service,No internet service,No internet service,No internet service,No internet service,No internet service,Month-to-month,Yes,Bank transfer (automatic),44.55,2362.75,Yes
2132-EMCS,Male,0,No,No,21,Yes,No,Fiber optic,Yes,No,Yes,No,No,No,Month-to-month,Yes,Electronic check,91.98,1937.32,Yes
7164-UIKM,Male,0,No,No,33,Yes,No,Fiber optic,No,No,No,No,No,Yes,Two year,Yes,Mailed check,92.91,3068.01,No
1600-TFDB,Female,1,No,Yes,2,Yes,No,Fiber optic,No,No,No,No,No,No,Month-to-month,Yes,Electronic check,82.4,169.21,Yes
7752-PTBJ,Male,0,No,Yes,13,Yes,No,Fiber optic,No,Yes,Yes,No,Yes,No,Month-to-month,No,Credit card (automatic),93.45,1213.12,Yes
8465-HVXZ,Male,0,No,No,57,Yes,No,No,No internet service,No internet service,No internet service,No internet service,No internet service,No internet service,One year,No,Electronic check,38.52,2202.45,No
7219-DJVH,Male,0,Yes,Yes,37,Yes,Yes,DSL,No,Yes,Yes,Yes,Yes,No,One year,Yes,Electronic check,94.05,3475.65,No
8686-JBLV,Female,0,No,No,9,Yes,Yes,Fiber optic,Yes,Yes,No,No,No,No,Month-to-month,Yes,Mailed check,104.54,939.42,Yes
1502-BDHL,Male,0,Yes,Yes,38,Yes,Yes,DSL,No,No,Yes,Yes,Yes,No,Month-to-month,No,Bank transfer (automatic),90.79,3452.12,Yes
2925-NNNN,Female,1,Yes,No,70,Yes,Yes,Fiber optic,No,No,No,Yes,No,Yes,Month-to-month,No,Mailed check,116.52,8144.42,Yes
9164-KESG,Female,0,No,No,40,Yes,Yes,DSL,No,No,Yes,No,No,No,One year,No,Electronic check,74.46,2967.87,Yes
1631-TFDB,Female,0,No,Yes,59,Yes,No,DSL,Yes,Yes,No,No,No,Yes,One year,Yes,Electronic check,85.81,5069.4,No
5183-HVXZ,Female,1,Yes,Yes,13,Yes,Yes,No,No internet service,No internet service,No internet service,No internet service,No internet service,No internet service,Two year,No,Mailed check,51.72,669.02,No
3190-BDHL,Male,0,Yes,No,29,Yes,Yes,DSL,Yes,Yes,No,No,No,No,Month-to-month,No,Mailed check,83.46,2410.01,Yes
4620-WOYI,Male,0,No,No,68,Yes,Yes,Fiber optic,Yes,No,No,Yes,No,No,Month-to-month,Yes,Mailed check,111.79,7595.08,Yes
4457-UIKM,Male,1,No,No,49,Yes,Yes,Fiber optic,No,No,No,No,No,No,Month-to-month,Yes,Credit card (automatic),96.29,4718.54,Yes
2609-TFDB,Male,0,Yes,No,58,Yes,Yes,Fiber optic,No,No,Yes,Yes,No,No,Month-to-month,No,Mailed check,104.32,6050.88,No
2604-UIKM,Male,0,No,No,8,Yes,No,DSL,No,Yes,No,Yes,No,Yes,Month-to-month,Yes,Mailed check,83.18,667.94,Yes
6741-RZPF,Male,1,No,No,52,Yes,No,DSL,No,No,Yes,No,Yes,Yes,One year,No,Electronic check,80.54,4184.78,Yes
1595-RZPF,Female,0,No,Yes,47,Yes,No,Fiber optic,No,Yes,No,No,No,No,One year,Yes,Mailed check,85.2,4012.58,No
8498-HVXZ,Female,0,No,No,51,Yes,Yes,No,No internet service,No internet service,No internet service,No internet service,No internet service,No internet service,Two year,Yes,Credit card (automatic),42.19,2146.39,No
9120-CGOW,Female,0,No,No,35,Yes,Yes,DSL,No,No,No,No,No,No,Two year,No,Credit card (automatic),76.82,2692.49,No
7420-VLRX,Female,1,No,No,70,Yes,No,Fiber optic,No,No,Yes,Yes,No,No,Two year,Yes,Electronic check,99.47,6964.25,No
2696-SCWQ,Female,0,No,No,3,Yes,No,Fiber optic,Yes,No,No,No,No,Yes,Month-to-month,Yes,Credit card (automatic),103.3,308.26,Yes
6801-AAAA,Female,0,No,No,71,Yes,No,No,No internet service,No internet service,No internet service,No internet service,No internet service,No internet service,Month-to-month,No,Credit card (automatic),40.9,2889.58,No
3671-NNNN,Male,0,No,No,14,Yes,No,Fiber optic,No,No,No,No,No,No,Two year,Yes,Mailed check,90.51,1274.39,No
8404-EMCS,Male,1,Yes,No,49,Yes,No,DSL,No,Yes,No,No,Yes,Yes,Month-to-month,Yes,Credit card (automatic),88.15,4313.04,Yes
3192-BDHL,Male,0,No,No,17,Yes,Yes,Fiber optic,No,Yes,No,No,No,No,Two year,Yes,Electronic check,93.48,1590.12,No
1658-EMCS,Male,0,No,Yes,7,Yes,Yes,No,No internet service,No internet service,No internet service,No internet service,No internet service,No internet service,Month-to-month,No,Credit card (automatic),50.32,348.94,Yes
3263-QWIU,Male,0,No,No,40,Yes,Yes,Fiber optic,Yes,Yes,Yes,Yes,No,No,Month-to-month,Yes,Electronic check,115.0,4587.21,Yes
7035-GSQO,Male,0,Yes,No,64,Yes,Yes,Fiber optic,Yes,No,No,Yes,No,No,Month-to-month,Yes,Electronic check,113.85,7287.32,No
3139-KESG,Male,0,No,Yes,6,Yes,No,Fiber optic,No,No,Yes,Yes,Yes,Yes,Month-to-month,Yes,Electronic check,111.35,671.56,Yes
2749-WOYI,Male,0,No,No,35,Yes,No,DSL,No,No,Yes,No,Yes,No,Month-to-month,Yes,Bank transfer (automatic),75.03,2630.17,No
5154-RZPF,Female,0,Yes,No,35,Yes,No,No,No internet service,No internet service,No internet service,No internet service,No internet service,No internet service,Month-to-month,Yes,Electronic check,37.48,1319.15,Yes
4981-FPJD,Male,0,No,Yes,14,Yes,No,No,No internet service,No internet service,No internet service,No internet service,No internet service,No internet service,Two year,Yes,Credit card (automatic),40.58,571.0,No
8005-IYEK,Male,1,Yes,No,26,Yes,Yes,Fiber optic,No,No,Yes,No,Yes,No,One year,Yes,Bank transfer (automatic),104.1,2695.35,No
6599-GSQO,Female,0,No,Yes,43,No,No phone service,Fiber optic,Yes,No,No,Yes,No,No,Month-to-month,Yes,Credit card (automatic),83.25,3582.03,No
9400-PTBJ,Male,0,No,Yes,59,Yes,No,No,No internet service,No internet service,No internet service,No internet service,No internet service,No internet service,Two year,No,Electronic check,37.97,2239.07,No
6579-OQUY,Male,0,Yes,No,34,Yes,No,No,No internet service,No internet service,No internet service,No internet service,No internet service,No internet service,Two year,Yes,Electronic check,40.3,1370.75,No
4985-FPJD,Male,0,No,No,21,Yes,Yes,DSL,No,No,No,No,No,No,Two year,No,Bank transfer (automatic),71.72,1504.54,Yes
1954-FPJD,Female,0,Yes,Yes,52,Yes,No,DSL,Yes,No,Yes,Yes,No,Yes,Two year,Yes,Electronic check,88.14,4582.87,No
5390-FPJD,Male,0,Yes,No,67,Yes,No,Fiber optic,No,No,No,Yes,Yes,Yes,Month-to-month,No,Bank transfer (automatic),112.87,7560.98,Yes
8470-VLRX,Female,0,No,No,23,No,No phone service,No,No internet service,No internet service,No internet service,No internet service,No internet service,No internet service,One year,Yes,Bank transfer (automatic),21.36,484.6,No
5318-QWIU,Female,0,Yes,Yes,18,Yes,No,DSL,No,No,Yes,No,Yes,Yes,Two year,No,Bank transfer (automatic),86.63,1564.62,No
7404-MKGC,Male,0,No,No,62,Yes,Yes,Fiber optic,Yes,Yes,Yes,No,Yes,No,Month-to-month,Yes,Mailed check,110.01,6815.83,Yes
9033-IYEK,Female,0,No,No,13,Yes,No,DSL,No,No,No,Yes,Yes,No,Month-to-month,Yes,Bank transfer (automatic),79.07,1028.1,No
7038-HVXZ,Female,0,No,No,61,Yes,Yes,Fiber optic,No,No,No,No,Yes,No,Month-to-month,No,Credit card (automatic),99.09,6050.13,No
6831-YUME,Male,1,No,No,48,Yes,Yes,No,No internet service,No internet service,No internet service,No internet service,No internet service,No internet service,Month-to-month,No,Bank transfer (automatic),44.37,2134.44,No
5748-KESG,Male,0,No,No,13,Yes,No,DSL,No,No,No,No,No,No,Two year,Yes,Mailed check,66.04,866.15,Yes
2847-SCWQ,Female,0,Yes,Yes,46,No,No phone service,DSL,No,No,No,No,Yes,No,One year,Yes,Credit card (automatic),54.41,2500.41,No
5758-YUME,Female,1,No,No,43,Yes,No,Fiber optic,Yes,Yes,No,No,No,Yes,Month-to-month,Yes,Electronic check,105.36,4531.9,No
6929-RZPF,Male,0,No,Yes,49,Yes,Yes,No,No internet service,No internet service,No internet service,No internet service,No internet service,No internet service,Month-to-month,Yes,Credit card (automatic),46.59,2286.69,No
8909-NNNN,Male,0,Yes,Yes,6,Yes,No,Fiber optic,No,No,No,No,No,No,Month-to-month,No,Electronic check,82.1,492.22,Yes
4970-WOYI,Female,0,No,Yes,39,Yes,No,No,No internet service,No internet service,No internet service,No internet service,No internet service,No internet service,Month-to-month,Yes,Electronic check,37.77,1478.92,No
9669-WOYI,Female,0,Yes,No,67,Yes,Yes,DSL,No,No,Yes,No,Yes,No,Month-to-month,Yes,Mailed check,83.94,5619.17,No
3096-DJVH,Female,0,No,No,44,Yes,Yes,No,No internet service,No internet service,No internet service,No internet service,No internet service,No internet service,Month-to-month,No,Credit card (automatic),51.92,2281.82,No
1920-DJVH,Female,0,No,No,57,Yes,Yes,DSL,No,No,No,No,No,No,Month-to-month,No,Bank transfer (automatic),74.7,4253.59,No
1913-CGOW,Male,0,No,Yes,38,Yes,No,DSL,Yes,No,No,Yes,No,Yes,Month-to-month,Yes,Credit card (automatic),87.18,3305.27,No
9788-XRFT,Male,1,Yes,No,63,Yes,Yes,No,No internet service,No internet service,No internet service,No internet service,No internet service,No internet service,Two year,Yes,Electronic check,49.02,3089.47,No
2706-IYEK,Female,0,No,No,62,Yes,Yes,No,No internet service,No internet service,No internet service,No internet service,No internet service,No internet service,Month-to-month,No,Electronic check,51.15,3174.16,Yes
8221-XRFT,Male,0,No,Yes,43,Yes,No,Fiber optic,No,Yes,No,No,Yes,No,Month-to-month,Yes,Credit card (automatic),94.12,4050.66,No
6722-DJVH,Female,0,No,Yes,57,Yes,No,No,No internet service,No internet service,No internet service,No internet service,No internet service,No internet service,Month-to-month,No,Electronic check,38.76,2211.07,Yes
9567-JBLV,Male,0,Yes,Yes,22,Yes,Yes,No,No internet service,No internet service,No internet service,No internet service,No internet service,No internet service,Month-to-month,Yes,Mailed check,51.97,1142.05,Yes
8449-FPJD,Female,0,Yes,No,43,Yes,No,DSL,Yes,No,No,No,No,Yes,Month-to-month,No,Credit card (automatic),82.71,3561.88,No
6208-FPJD,Female,1,Yes,No,60,Yes,Yes,Fiber optic,No,Yes,Yes,Yes,No,No,Month-to-month,Yes,Bank transfer (automatic),107.85,6468.4,No
7197-UIKM,Female,0,Yes,Yes,29,Yes,No,DSL,Yes,Yes,No,Yes,Yes,No,Month-to-month,No,Electronic check,89.61,2591.66,Yes
1365-WOYI,Female,1,Yes,No,70,Yes,Yes,Fiber optic,No,Yes,Yes,No,No,Yes,Month-to-month,No,Credit card (automatic),106.22,7430.44,Yes
3068-BDHL,Male,0,No,Yes,72,Yes,Yes,DSL,No,Yes,No,No,Yes,No,Two year,Yes,Credit card (automatic),87.1,6266.23,No
1725-WOYI,Female,0,No,No,55,Yes,Yes,DSL,No,No,Yes,No,Yes,Yes,Two year,No,Electronic check,95.14,5221.9,No
4636-XRFT,Female,0,No,No,59,Yes,Yes,Fiber optic,No,No,No,No,No,No,One year,Yes,Electronic check,93.66,5530.3,Yes
1226-JBLV,Male,0,No,Yes,29,Yes,Yes,No,No internet service,No internet service,No internet service,No internet service,No internet service,No internet service,Two year,Yes,Electronic check,50.5,1456.06,No
8710-YUME,Male,0,No,No,35,Yes,Yes,DSL,Yes,No,No,No,Yes,No,Month-to-month,No,Electronic check,94.21,3301.17,No
3803-AAAA,Male,0,Yes,Yes,51,Yes,No,Fiber optic,No,Yes,No,Yes,Yes,Yes,Month-to-month,No,Electronic check,111.83,5705.76,Yes
2894-CGOW,Male,0,No,No,7,Yes,No,DSL,No,No,No,No,Yes,No,Month-to-month,Yes,Electronic check,71.81,501.18,No
2478-JBLV,Male,0,Yes,No,47,Yes,No,DSL,No,Yes,No,No,Yes,No,Month-to-month,Yes,Bank transfer (automatic),74.29,3486.66,No
7610-TFDB,Female,0,Yes,No,12,Yes,Yes,Fiber optic,No,Yes,Yes,No,No,Yes,Month-to-month,Yes,Bank transfer (automatic),105.55,1270.91,Yes
7897-HVXZ,Male,0,Yes,No,4,Yes,No,Fiber optic,No,No,Yes,No,No,No,Two year,Yes,Electronic check,84.84,340.98,Yes
2881-MKGC,Male,0,No,No,34,Yes,No,Fiber optic,Yes,Yes,No,Yes,Yes,No,Two year,Yes,Electronic check,111.15,3786.8,No
3551-EMCS,Male,0,No,No,59,Yes,No,DSL,No,No,No,Yes,No,No,Two year,No,Mailed check,75.3,4444.1,Yes
5780-EMCS,Female,1,Yes,No,49,Yes,Yes,DSL,Yes,No,No,No,No,No,Month-to-month,Yes,Credit card (automatic),86.16,4224.6,Yes
1821-KESG,Male,0,No,No,3,Yes,No,Fiber optic,No,Yes,No,Yes,No,No,Two year,Yes,Mailed check,91.63,262.3,Yes
7049-PTBJ,Female,0,Yes,No,24,Yes,No,DSL,Yes,Yes,No,Yes,No,No,Month-to-month,Yes,Credit card (automatic),74.77,1794.45,Yes
9017-GSQO,Female,0,Yes,Yes,69,Yes,No,Fiber optic,No,No,No,No,Yes,Yes,Month-to-month,No,Credit card (automatic),102.67,7086.84,Yes
4871-UIKM,Female,0,Yes,No,65,Yes,No,No,No internet service,No internet service,No internet service,No internet service,No internet service,No internet service,Two year,Yes,Bank transfer (automatic),41.88,2722.52,No
5433-FPJD,Male,0,No,No,1,Yes,No,No,No internet service,No internet service,No internet service,No internet service,No internet service,No internet service,Month-to-month,No,Bank transfer (automatic),40.65,40.85,Yes
5882-EMCS,Female,1,No,No,14,Yes,Yes,Fiber optic,No,No,No,No,No,Yes,One year,No,Mailed check,103.45,1451.54,No
4890-JBLV,Female,0,No,Yes,22,Yes,Yes,DSL,Yes,No,Yes,No,No,Yes,Month-to-month,No,Mailed check,90.45,1992.89,Yes
8192-MKGC,Male,0,No,No,58,Yes,No,DSL,Yes,Yes,No,No,No,No,Month-to-month,Yes,Electronic check,73.07,4245.18,No
8138-AAAA,Female,0,Yes,No,29,Yes,Yes,DSL,Yes,No,Yes,Yes,No,Yes,Month-to-month,Yes,Electronic check,101.94,2956.48,No
6988-ZXTP,Male,1,No,Yes,57,Yes,Yes,Fiber optic,Yes,Yes,No,No,Yes,Yes,Month-to-month,Yes,Mailed check,118.75,6770.5,Yes
1009-FPJD,Female,0,Yes,Yes,70,Yes,Yes,DSL,Yes,No,No,Yes,Yes,No,One year,Yes,Electronic check,100.67,7048.83,Yes
8833-HVXZ,Male,0,Yes,No,32,Yes,No,Fiber optic,Yes,Yes,Yes,Yes,Yes,No,Month-to-month,Yes,Electronic check,111.29,3551.27,Yes
9152-SCWQ,Male,1,Yes,No,39,Yes,Yes,Fiber optic,No,No,Yes,Yes,No,Yes,Two year,Yes,Credit card (automatic),113.16,4413.46,No
4019-JBLV,Female,1,Yes,Yes,4,Yes,No,Fiber optic,Yes,No,No,No,No,No,Month-to-month,Yes,Electronic check,92.8,369.8,Yes
4490-SCWQ,Female,0,Yes,No,54,Yes,No,DSL,No,No,No,No,Yes,No,Month-to-month,Yes,Credit card (automatic),72.36,3901.84,No
8734-FPJD,Male,0,No,No,6,Yes,No,Fiber optic,No,Yes,No,No,No,Yes,One year,Yes,Electronic check,91.13,544.33,Yes
4052-FPJD,Male,1,Yes,Yes,68,Yes,No,No,No internet service,No internet service,No internet service,No internet service,No internet service,No internet service,One year,Yes,Mailed check,43.32,2945.82,No
5293-HVXZ,Female,0,No,No,16,Yes,No,No,No internet service,No internet service,No internet service,No internet service,No internet service,No internet service,Two year,Yes,Electronic check,40.49,648.73,Yes
8262-OQUY,Female,0,Yes,No,4,Yes,No,DSL,No,No,Yes,No,Yes,Yes,Two year,Yes,Credit card (automatic),82.32,330.08,Yes
3708-NNNN,Male,0,No,No,50,Yes,No,DSL,No,Yes,Yes,Yes,No,Yes,Month-to-month,Yes,Credit card (automatic),85.91,4303.51,No
6971-AAAA,Female,0,No,No,7,Yes,Yes,No,No internet service,No internet service,No internet service,No internet service,No internet service,No internet service,Month-to-month,Yes,Bank transfer (automatic),53.79,383.72,No
9430-VLRX,Female,0,No,No,48,Yes,Yes,Fiber optic,No,No,Yes,Yes,Yes,Yes,Month-to-month,Yes,Mailed check,118.75,5696.75,Yes
8701-EMCS,Female,0,Yes,Yes,15,Yes,Yes,DSL,No,No,No,No,Yes,No,Month-to-month,Yes,Electronic check,83.98,1257.56,Yes
6835-MKGC,Female,0,No,No,72,Yes,No,Fiber optic,No,Yes,Yes,No,No,No,One year,Yes,Mailed check,79.97,5757.03,Yes
5033-DJVH,Male,0,Yes,Yes,19,Yes,No,DSL,No,No,No,Yes,No,Yes,Month-to-month,Yes,Bank transfer (automatic),83.33,1590.42,No
3731-UIKM,Male,0,No,No,33,Yes,Yes,No,No internet service,No internet service,No internet service,No internet service,No internet service,No internet service,Month-to-month,Yes,Electronic check,50.79,1678.47,No
8244-EMCS,Female,1,Yes,No,62,Yes,No,DSL,No,No,No,Yes,Yes,Yes,Month-to-month,Yes,Mailed check,92.92,5761.77,Yes
9671-SCWQ,Male,0,Yes,Yes,17,Yes,No,Fiber optic,No,Yes,No,No,Yes,Yes,One year,Yes,Credit card (automatic),105.23,1770.96,Yes
9151-HVXZ,Female,1,No,Yes,15,No,No phone service,Fiber optic,Yes,No,No,Yes,No,Yes,Month-to-month,Yes,Electronic check,91.59,1377.24,Yes
4861-AAAA,Male,0,Yes,No,17,Yes,No,No,No internet service,No internet service,No internet service,No internet service,No internet service,No internet service,One year,No,Bank transfer (automatic),34.95,589.96,No
8557-YUME,Female,1,Yes,No,30,Yes,No,Fiber optic,Yes,No,Yes,No,Yes,Yes,Month-to-month,No,Credit card (automatic),117.1,3518.05,Yes
1446-WOYI,Female,0,No,Yes,68,Yes,Yes,Fiber optic,No,Yes,No,No,Yes,No,Two year,Yes,Electronic check,104.21,7078.69,No
2906-QWIU,Female,0,No,No,67,Yes,Yes,No,No internet service,No internet service,No internet service,No internet service,No internet service,No internet service,One year,Yes,Bank transfer (automatic),49.27,3301.51,No
5223-RZPF,Male,0,Yes,No,36,Yes,No,Fiber optic,No,No,No,No,No,Yes,Month-to-month,Yes,Electronic check,92.91,3349.44,Yes
5758-LHZR,Male,0,Yes,No,40,Yes,No,No,No internet service,No internet service,No internet service,No internet service,No internet service,No internet service,Month-to-month,Yes,Bank transfer (automatic),39.4,1579.04,Yes
4675-DJVH,Female,0,No,No,41,Yes,Yes,Fiber optic,No,Yes,No,Yes,No,No,Month-to-month,Yes,Credit card (automatic),98.44,4036.27,No
4162-FPJD,Female,0,No,No,12,Yes,No,No,No internet service,No internet service,No internet service,No internet service,No internet service,No internet service,Month-to-month,Yes,Electronic check,36.5,434.69,Yes
6978-UIKM,Female,0,No,No,38,Yes,Yes,No,No internet service,No internet service,No internet service,No internet service,No internet service,No internet service,Month-to-month,Yes,Mailed check,53.17,2036.24,Yes
5559-UIKM,Male,0,No,No,5,No,No phone service,Fiber optic,Yes,Yes,No,No,No,Yes,Month-to-month,No,Electronic check,82.46,408.76,No
3443-YUME,Female,0,No,No,57,Yes,No,Fiber optic,No,Yes,Yes,No,No,No,Month-to-month,Yes,Credit card (automatic),83.13,4734.25,Yes
8579-AAAA,Male,0,No,No,11,Yes,Yes,No,No internet service,No internet service,No internet service,No internet service,No internet service,No internet service,Month-to-month,Yes,Mailed check,52.74,584.35,Yes
2588-WOYI,Female,0,Yes,No,14,Yes,No,Fiber optic,No,No,No,Yes,Yes,No,One year,Yes,Electronic check,104.63,1462.24,Yes
5196-LHZR,Female,0,No,Yes,14,Yes,No,No,No internet service,No internet service,No internet service,No internet service,No internet service,No internet service,Two year,Yes,Mailed check,37.58,519.19,No
7120-EMCS,Male,0,No,No,20,Yes,Yes,No,No internet service,No internet service,No internet service,No internet service,No internet service,No internet service,Month-to-month,Yes,Mailed check,50.9,1015.45,Yes
1649-YUME,Male,0,No,No,45,Yes,No,Fiber optic,No,No,No,No,Yes,No,Month-to-month,No,Bank transfer (automatic),93.07,4192.24,Yes
4835-TFDB,Male,0,No,Yes,66,Yes,Yes,No,No internet service,No internet service,No internet service,No internet service,No internet service,No internet service,Month-to-month,Yes,Credit card (automatic),50.96,3363.51,No
6738-RZPF,Male,1,No,No,18,Yes,No,DSL,No,Yes,No,No,No,No,Month-to-month,Yes,Credit card (automatic),63.51,1149.59,Yes
2410-TFDB,Male,0,No,Yes,42,Yes,No,Fiber optic,No,Yes,No,No,No,No,Two year,No,Bank transfer (automatic),83.53,3518.72,No
5917-PTBJ,Male,0,Yes,No,70,Yes,No,No,No internet service,No internet service,No internet service,No internet service,No internet service,No internet service,Month-to-month,No,Bank transfer (automatic),41.72,2914.92,No
8394-GSQO,Female,0,Yes,Yes,58,Yes,Yes,DSL,Yes,Yes,Yes,No,Yes,No,Two year,Yes,Bank transfer (automatic),93.43,5419.12,No
4197-RZPF,Female,0,No,No,0,Yes,No,Fiber optic,Yes,No,No,No,No,No,Month-to-month,No,Bank transfer (automatic),91.1,0.0,Yes
6737-GSQO,Female,0,No,Yes,40,Yes,Yes,Fiber optic,No,No,Yes,No,Yes,No,Month-to-month,Yes,Electronic check,104.31,4171.47,Yes
7588-PTBJ,Female,0,Yes,No,51,Yes,Yes,DSL,Yes,Yes,No,No,No,No,Month-to-month,No,Bank transfer (automatic),83.77,4275.19,No
2258-BDHL,Female,0,No,Yes,8,Yes,Yes,Fiber optic,No,Yes,No,No,No,Yes,Month-to-month,Yes,Electronic check,97.8,787.6,Yes
4926-IYEK,Male,0,No,Yes,62,Yes,Yes,No,No internet service,No internet service,No internet service,No internet service,No internet service,No internet service,Two year,No,Mailed check,52.46,3244.67,No
5709-RZPF,Male,0,Yes,No,3,No,No phone service,Fiber optic,Yes,No,No,No,No,Yes,Month-to-month,Yes,Credit card (automatic),90.73,280.85,Yes
6413-YUME,Female,1,Yes,No,58,Yes,No,Fiber optic,Yes,Yes,No,Yes,Yes,No,Month-to-month,Yes,Bank transfer (automatic),109.05,6329.05,No
5107-XRFT,Male,0,No,Yes,27,Yes,Yes,DSL,Yes,Yes,Yes,Yes,Yes,No,One year,No,Bank transfer (automatic),101.82,2749.08,No
3681-PTBJ,Male,1,Yes,No,7,No,No phone service,No,No internet service,No internet service,No internet service,No internet service,No internet service,No internet service,Month-to-month,Yes,Mailed check,19.2,136.6,No
5961-FPJD,Female,0,Yes,Yes,41,Yes,No,Fiber optic,No,Yes,No,No,Yes,Yes,Month-to-month,No,Mailed check,109.24,4468.91,Yes
5699-IYEK,Female,0,Yes,No,65,Yes,No,DSL,Yes,No,Yes,No,No,No,Month-to-month,No,Credit card (automatic),71.88,4677.14,Yes
3035-YUME,Male,0,No,Yes,71,Yes,No,Fiber optic,No,No,No,Yes,Yes,Yes,Month-to-month,No,Bank transfer (automatic),113.23,8040.83,Yes
4812-SCWQ,Female,0,No,No,31,Yes,No,Fiber optic,Yes,No,Yes,No,Yes,No,Two year,No,Electronic check,99.29,3082.06,Yes
5728-PTBJ,Male,0,No,No,42,Yes,Yes,No,No internet service,No internet service,No internet service,No internet service,No internet service,No internet service,Month-to-month,No,Bank transfer (automatic),52.27,2191.85,No
3800-QWIU,Female,0,No,No,44,Yes,No,No,No internet service,No internet service,No internet service,No internet service,No internet service,No internet service,One year,Yes,Electronic check,37.09,1626.52,No
4885-JBLV,Male,0,Yes,No,6,Yes,No,DSL,No,Yes,Yes,No,Yes,No,Month-to-month,No,Credit card (automatic),74.28,441.03,Yes
4020-UIKM,Female,0,Yes,Yes,62,Yes,No,DSL,No,Yes,No,Yes,No,No,Month-to-month,Yes,Mailed check,70.44,4363.8,No
6468-GSQO,Female,0,Yes,No,17,Yes,Yes,DSL,Yes,Yes,No,Yes,No,No,Month-to-month,No,Mailed check,90.14,1534.77,Yes
7528-RZPF,Male,0,No,Yes,25,Yes,Yes,No,No internet service,No internet service,No internet service,No internet service,No internet service,No internet service,Two year,Yes,Credit card (automatic),53.97,1355.7,No
6887-ZXTP,Female,0,No,No,25,Yes,Yes,No,No internet service,No internet service,No internet service,No internet service,No internet service,No internet service,Month-to-month,Yes,Electronic check,48.14,1202.19,No
8218-BDHL,Male,0,Yes,No,47,Yes,Yes,DSL,Yes,No,No,No,No,Yes,One year,Yes,Electronic check,93.8,4409.7,Yes
9047-EMCS,Male,0,Yes,No,26,Yes,No,Fiber optic,No,No,Yes,Yes,Yes,Yes,One year,Yes,Electronic check,118.75,3088.91,No
3878-OQUY,Female,0,No,No,25,Yes,No,Fiber optic,No,Yes,Yes,No,No,No,One year,No,Mailed check,87.17,2181.57,No
6827-BDHL,Male,0,Yes,No,34,Yes,Yes,Fiber optic,Yes,No,Yes,No,No,Yes,Month-to-month,Yes,Electronic check,110.94,3772.49,Yes
2990-YUME,Female,0,No,Yes,53,Yes,Yes,Fiber optic,No,No,No,No,No,Yes,Month-to-month,No,Mailed check,104.58,5544.99,Yes
7144-PTBJ,Female,0,Yes,No,55,Yes,Yes,Fiber optic,No,Yes,No,No,No,No,Month-to-month,Yes,Credit card (automatic),96.16,5289.75,Yes
5236-FPJD,Female,0,No,No,30,Yes,Yes,DSL,Yes,Yes,No,No,No,No,Month-to-month,Yes,Electronic check,83.53,2508.82,Yes
5650-OQUY,Female,0,Yes,No,6,No,No phone service,Fiber optic,No,Yes,No,No,No,No,Month-to-month,No,Mailed check,63.62,379.43,Yes
8739-LHZR,Female,1,No,Yes,9,Yes,Yes,Fiber optic,Yes,No,No,No,No,No,Month-to-month,No,Bank transfer (automatic),100.21,902.67,Yes
4056-OQUY,Male,0,No,No,70,Yes,Yes,Fiber optic,Yes,No,Yes,Yes,No,Yes,Two year,Yes,Credit card (automatic),118.75,8316.09,No
2895-KESG,Male,0,No,Yes,1,Yes,No,No,No internet service,No internet service,No internet service,No internet service,No internet service,No internet service,Two year,No,Mailed check,42.16,45.07,No
6555-UIKM,Female,0,No,No,3,Yes,No,No,No internet service,No internet service,No internet service,No internet service,No internet service,No internet service,Month-to-month,Yes,Electronic check,40.15,129.57,Yes
1317-YUME,Female,0,Yes,Yes,26,Yes,No,No,No internet service,No internet service,No internet service,No internet service,No internet service,No internet service,One year,No,Electronic check,42.56,1115.4,No
2366-LHZR,Female,1,No,No,50,Yes,Yes,DSL,No,Yes,No,Yes,No,No,One year,Yes,Electronic check,84.63,4224.1,No
6661-VLRX,Female,0,No,No,27,No,No phone service,No,No internet service,No internet service,No internet service,No internet service,No internet service,No internet service,Month-to-month,Yes,Electronic check,21.75,588.85,Yes
9103-BDHL,Female,0,No,No,58,Yes,Yes,Fiber optic,Yes,Yes,Yes,No,Yes,No,Month-to-month,No,Electronic check,112.86,6539.4,Yes
7091-YUME,Female,0,No,No,1,Yes,Yes,DSL,Yes,Yes,No,Yes,No,Yes,One year,Yes,Electronic check,101.22,101.81,Yes
9315-JBLV,Male,0,No,No,68,No,No phone service,No,No internet service,No internet service,No internet service,No internet service,No internet service,No internet service,One year,Yes,Electronic check,18.25,1241.06,No
8768-VLRX,Male,0,No,No,25,Yes,Yes,Fiber optic,No,Yes,No,No,No,No,Month-to-month,Yes,Mailed check,98.25,2460.25,Yes
2779-TFDB,Male,0,Yes,No,71,Yes,No,No,No internet service,No internet service,No internet service,No internet service,No internet service,No internet service,One year,No,Mailed check,39.87,2823.56,No
2269-ZXTP,Female,0,Yes,No,29,Yes,Yes,Fiber optic,Yes,No,No,Yes,No,No,Month-to-month,No,Credit card (automatic),114.53,3318.54,No
5117-RZPF,Male,1,No,No,41,Yes,No,Fiber optic,Yes,Yes,No,No,No,Yes,One year,Yes,Electronic check,102.67,4211.39,Yes
1995-IYEK,Male,0,No,No,38,Yes,No,Fiber optic,No,Yes,Yes,Yes,Yes,No,Month-to-month,No,Credit card (automatic),106.2,4035.77,Yes
6114-JBLV,Male,0,Yes,No,22,Yes,Yes,No,No internet service,No internet service,No internet service,No internet service,No internet service,No internet service,Month-to-month,Yes,Electronic check,48.83,1076.33,Yes
1404-HVXZ,Female,0,No,Yes,3,Yes,No,DSL,No,Yes,No,No,Yes,No,One year,Yes,Mailed check,76.68,232.13,Yes
4775-FPJD,Female,0,No,No,59,Yes,No,DSL,Yes,No,No,No,Yes,Yes,One year,Yes,Electronic check,89.55,5288.59,Yes
6141-BDHL,Female,0,Yes,No,6,Yes,No,Fiber optic,No,No,No,Yes,Yes,Yes,Two year,No,Bank transfer (automatic),115.62,693.16,Yes
6188-VLRX,Male,0,No,No,71,Yes,No,DSL,No,Yes,No,Yes,No,No,One year,Yes,Electronic check,76.29,5411.39,Yes
8408-OQUY,Male,0,No,Yes,60,Yes,No,Fiber optic,No,No,No,Yes,No,No,Month-to-month,Yes,Electronic check,94.13,5647.93,Yes
9207-KESG,Male,0,No,No,13,Yes,No,DSL,No,Yes,No,No,Yes,No,Month-to-month,Yes,Electronic check,76.2,992.53,Yes
1382-HVXZ,Female,0,No,No,62,Yes,Yes,DSL,No,Yes,Yes,No,Yes,Yes,One year,Yes,Electronic check,95.28,5905.34,Yes
6628-LHZR,Female,0,No,No,26,No,No phone service,Fiber optic,No,Yes,No,No,No,Yes,Month-to-month,No,Mailed check,74.33,1932.48,Yes
7845-UIKM,Male,0,Yes,No,44,Yes,Yes,DSL,No,No,Yes,Yes,Yes,No,Two year,No,Bank transfer (automatic),93.83,4128.99,No
6184-XRFT,Male,0,Yes,No,33,Yes,No,Fiber optic,Yes,Yes,No,Yes,No,No,Month-to-month,Yes,Electronic check,101.54,3353.49,Yes
2001-BDHL,Female,0,Yes,No,63,Yes,Yes,DSL,No,No,Yes,No,No,Yes,Two year,Yes,Credit card (automatic),86.02,5418.16,No
7544-VLRX,Male,1,Yes,Yes,52,Yes,Yes,DSL,Yes,No,Yes,No,Yes,Yes,Month-to-month,No,Bank transfer (automatic),101.59,5276.25,No
5322-RZPF,Male,0,Yes,No,10,Yes,No,No,No internet service,No internet service,No internet service,No internet service,No internet service,No internet service,Month-to-month,Yes,Bank transfer (automatic),38.41,380.71,Yes
4908-ZXTP,Female,0,No,No,64,Yes,No,DSL,Yes,No,Yes,No,Yes,No,One year,No,Credit card (automatic),81.72,5229.51,No
8989-DJVH,Female,1,Yes,No,20,No,No phone service,Fiber optic,Yes,No,No,No,No,Yes,Month-to-month,Yes,Electronic check,83.36,1671.73,Yes
5232-SCWQ,Male,0,Yes,No,20,Yes,Yes,DSL,Yes,No,No,No,No,No,Month-to-month,No,Bank transfer (automatic),85.81,1717.19,Yes
8395-XRFT,Female,1,Yes,No,24,No,No phone service,Fiber optic,Yes,Yes,No,No,Yes,Yes,Two year,No,Credit card (automatic),97.5,2341.94,Yes
7638-HVXZ,Female,0,Yes,No,49,Yes,Yes,No,No internet service,No internet service,No internet service,No internet service,No internet service,No internet service,One year,No,Credit card (automatic),45.12,2211.37,No
2504-GSQO,Male,1,No,No,44,Yes,Yes,Fiber optic,No,Yes,No,Yes,No,Yes,Two year,Yes,Mailed check,114.26,5035.01,No
1689-VLRX,Female,1,No,No,4,Yes,No,DSL,Yes,Yes,No,Yes,No,Yes,Month-to-month,Yes,Credit card (automatic),90.19,357.98,Yes
7986-QWIU,Female,0,Yes,No,3,Yes,Yes,No,No internet service,No internet service,No internet service,No internet service,No internet service,No internet service,Month-to-month,No,Electronic check,54.92,167.9,Yes
2342-OQUY,Female,0,Yes,No,5,Yes,Yes,Fiber optic,Yes,Yes,Yes,Yes,No,Yes,Month-to-month,No,Mailed check,118.75,593.43,Yes
4489-UIKM,Female,0,Yes,No,15,Yes,No,DSL,Yes,Yes,No,No,Yes,No,One year,No,Mailed check,81.82,1225.21,No
5335-MKGC,Female,0,Yes,No,4,Yes,No,Fiber optic,No,No,No,Yes,Yes,Yes,Two year,Yes,Electronic check,113.7,452.26,Yes
7940-DJVH,Female,1,Yes,No,68,Yes,No,Fiber optic,No,No,Yes,No,Yes,No,Two year,Yes,Electronic check,94.27,6412.15,Yes
4028-AAAA,Male,0,No,No,30,No,No phone service,DSL,Yes,Yes,No,Yes,No,No,Two year,Yes,Electronic check,59.11,1767.83,No
7732-HVXZ,Female,0,No,No,44,No,No phone service,DSL,No,Yes,No,No,No,No,One year,Yes,Electronic check,44.05,1949.52,Yes
1596-PTBJ,Female,0,Yes,No,44,No,No phone service,No,No internet service,No internet service,No internet service,No internet service,No internet service,No internet service,Two year,Yes,Mailed check,18.25,809.04,No
4321-UIKM,Female,0,No,No,17,Yes,No,No,No internet service,No internet service,No internet service,No internet service,No internet service,No internet service,Month-to-month,No,Credit card (automatic),43.16,727.48,No
1990-PTBJ,Female,0,No,No,50,Yes,No,Fiber optic,No,No,Yes,No,No,Yes,One year,Yes,Electronic check,98.84,4943.69,Yes
9841-MKGC,Male,0,Yes,Yes,72,Yes,Yes,DSL,Yes,No,No,No,Yes,No,Month-to-month,Yes,Mailed check,90.65,6529.93,Yes
9167-HVXZ,Male,0,Yes,No,26,Yes,No,DSL,No,Yes,No,Yes,No,Yes,Two year,Yes,Electronic check,83.4,2163.3,No
8519-IYEK,Male,1,No,Yes,23,Yes,No,Fiber optic,No,No,No,No,No,No,Month-to-month,No,Bank transfer (automatic),86.02,1973.22,No
5869-JBLV,Female,1,No,Yes,1,Yes,No,No,No internet service,No internet service,No internet service,No internet service,No internet service,No internet service,Two year,No,Mailed check,38.11,40.27,Yes
5354-JBLV,Male,0,No,No,51,Yes,No,DSL,No,No,No,No,Yes,Yes,Month-to-month,No,Mailed check,82.48,4209.83,Yes
5911-MKGC,Male,0,Yes,No,41,Yes,No,Fiber optic,No,No,No,No,Yes,No,Two year,Yes,Bank transfer (automatic),90.28,3703.79,No
2300-IYEK,Male,1,Yes,No,23,No,No phone service,Fiber optic,No,Yes,No,Yes,Yes,No,One year,No,Electronic check,81.86,1888.54,Yes
5071-IYEK,Male,0,Yes,No,71,Yes,Yes,No,No internet service,No internet service,No internet service,No internet service,No internet service,No internet service,Month-to-month,Yes,Credit card (automatic),50.11,3556.35,Yes
6854-GSQO,Female,0,Yes,No,50,Yes,Yes,DSL,No,Yes,No,Yes,No,Yes,Two year,Yes,Mailed check,92.43,4624.29,No
4759-WOYI,Male,0,Yes,No,47,Yes,No,Fiber optic,No,No,No,No,Yes,No,Month-to-month,Yes,Credit card (automatic),95.16,4473.18,No
3073-OQUY,Female,0,No,No,24,Yes,Yes,No,No internet service,No internet service,No internet service,No internet service,No internet service,No internet service,One year,No,Credit card (automatic),49.72,1204.31,No
8668-SCWQ,Female,0,Yes,No,27,Yes,No,Fiber optic,Yes,No,No,No,No,No,Two year,No,Electronic check,94.38,2543.77,No
6499-MKGC,Male,0,Yes,Yes,22,Yes,Yes,Fiber optic,Yes,No,No,No,Yes,Yes,Month-to-month,Yes,Credit card (automatic),118.75,2615.48,Yes
8851-RZPF,Female,0,Yes,Yes,45,Yes,Yes,Fiber optic,No,Yes,No,No,No,No,Month-to-month,Yes,Mailed check,95.26,4282.34,No
8857-TFDB,Female,1,Yes,No,47,Yes,No,Fiber optic,No,No,Yes,No,No,No,Month-to-month,Yes,Electronic check,89.37,4200.12,Yes
2389-FPJD,Female,0,No,Yes,14,Yes,No,No,No internet service,No internet service,No internet service,No internet service,No internet service,No internet service,One year,No,Electronic check,37.78,529.23,No
6258-GSQO,Female,0,Yes,Yes,25,Yes,Yes,Fiber optic,No,Yes,Yes,No,No,Yes,One year,Yes,Mailed check,104.92,2628.86,Yes
1378-OQUY,Female,0,No,No,46,No,No phone service,No,No internet service,No internet service,No internet service,No internet service,No internet service,No internet service,One year,Yes,Credit card (automatic),19.62,906.62,No
7468-KESG,Female,0,Yes,No,67,Yes,Yes,Fiber optic,No,No,No,Yes,No,No,Month-to-month,No,Bank transfer (automatic),102.92,6890.6,No
4123-ZXTP,Female,0,Yes,No,4,Yes,Yes,Fiber optic,Yes,No,No,Yes,Yes,Yes,Two year,No,Electronic check,118.75,476.97,Yes
6491-FPJD,Male,0,No,No,46,Yes,No,DSL,No,Yes,Yes,No,Yes,Yes,Month-to-month,Yes,Electronic check,87.98,4046.68,No
6738-PTBJ,Male,1,Yes,No,36,Yes,Yes,Fiber optic,Yes,No,No,Yes,No,No,Two year,Yes,Credit card (automatic),110.17,3965.67,No
3739-OQUY,Female,0,Yes,No,45,Yes,No,No,No internet service,No internet service,No internet service,No internet service,No internet service,No internet service,Month-to-month,Yes,Electronic check,46.59,2094.88,Yes
9680-XRFT,Female,0,Yes,No,55,Yes,Yes,Fiber optic,No,Yes,No,No,No,No,Month-to-month,Yes,Bank transfer (automatic),94.47,5189.72,Yes
4722-JBLV,Male,0,Yes,No,59,Yes,Yes,DSL,No,No,Yes,No,No,Yes,One year,Yes,Electronic check,84.1,4957.21,No
4273-GSQO,Female,0,Yes,Yes,3,Yes,No,Fiber optic,No,No,No,No,No,No,Two year,No,Electronic check,85.85,249.82,Yes
3669-DJVH,Male,0,Yes,No,23,Yes,No,Fiber optic,Yes,No,No,Yes,No,No,Month-to-month,Yes,Mailed check,106.71,2454.7,Yes
4596-DJVH,Male,0,No,No,24,Yes,Yes,Fiber optic,Yes,No,Yes,Yes,Yes,Yes,Month-to-month,Yes,Bank transfer (automatic),118.75,2845.21,Yes
1816-LHZR,Female,0,No,Yes,35,Yes,No,DSL,No,Yes,No,No,No,Yes,Month-to-month,Yes,Electronic check,75.48,2646.84,Yes
2032-IYEK,Female,1,Yes,No,58,Yes,Yes,DSL,Yes,No,No,No,No,No,Month-to-month,Yes,Electronic check,79.18,4588.43,No
4565-SCWQ,Male,0,No,No,22,Yes,No,DSL,Yes,No,No,Yes,Yes,No,Month-to-month,Yes,Electronic check,93.79,2060.93,No
6432-RZPF,Male,0,Yes,No,29,Yes,No,No,No internet service,No internet service,No internet service,No internet service,No internet service,No internet service,Month-to-month,Yes,Electronic check,40.96,1186.72,Yes
6895-AAAA,Male,0,No,No,7,Yes,Yes,Fiber optic,No,No,No,No,Yes,Yes,One year,Yes,Credit card (automatic),114.26,795.35,Yes
1775-BDHL,Male,0,Yes,No,4,Yes,No,Fiber optic,Yes,No,No,Yes,Yes,No,Month-to-month,No,Mailed check,108.54,433.65,Yes
2407-JBLV,Female,0,Yes,No,35,Yes,Yes,Fiber optic,No,Yes,Yes,Yes,No,No,Two year,Yes,Electronic check,102.52,3587.99,No
1069-KESG,Female,0,Yes,No,65,Yes,Yes,DSL,No,No,Yes,No,No,No,Two year,Yes,Electronic check,74.45,4831.73,Yes
2569-KESG,Male,0,No,Yes,6,Yes,Yes,Fiber optic,Yes,No,Yes,No,No,Yes,Month-to-month,Yes,Electronic check,112.91,678.48,Yes
8288-VLRX,Female,0,Yes,No,23,Yes,No,Fiber optic,No,No,Yes,No,Yes,Yes,Month-to-month,Yes,Bank transfer (automatic),107.94,2484.94,Yes
7881-EMCS,Female,0,Yes,No,3,Yes,No,DSL,Yes,No,No,Yes,No,Yes,Month-to-month,No,Mailed check,95.25,284.77,Yes
9112-YUME,Female,0,No,No,70,Yes,No,Fiber optic,Yes,No,Yes,Yes,No,No,Month-to-month,Yes,Credit card (automatic),104.2,7288.58,Yes
5186-GSQO,Male,1,Yes,Yes,56,Yes,Yes,Fiber optic,No,Yes,Yes,No,No,No,One year,Yes,Credit card (automatic),97.85,5479.57,Yes
7269-GSQO,Female,0,No,No,6,Yes,No,Fiber optic,No,No,No,No,Yes,Yes,Two year,No,Electronic check,103.16,614.18,Yes
1384-PTBJ,Male,0,No,No,57,Yes,Yes,DSL,No,No,Yes,No,No,Yes,Month-to-month,No,Mailed check,87.84,5005.11,No
1863-MKGC,Male,1,No,No,13,Yes,No,No,No internet service,No internet service,No internet service,No internet service,No internet service,No internet service,One year,No,Electronic check,39.37,513.7,Yes
1209-RZPF,Female,1,No,No,32,Yes,No,DSL,Yes,Yes,Yes,No,Yes,Yes,Two year,No,Credit card (automatic),93.99,3007.56,Yes
6497-VLRX,Female,0,Yes,No,61,Yes,No,DSL,No,Yes,Yes,No,No,No,One year,Yes,Electronic check,67.4,4115.81,No
6660-WOYI,Male,1,No,Yes,41,Yes,No,No,No internet service,No internet service,No internet service,No internet service,No internet service,No internet service,Month-to-month,Yes,Electronic check,38.97,1590.03,No
8385-AAAA,Female,0,Yes,No,19,Yes,No,DSL,No,Yes,Yes,Yes,No,Yes,One year,No,Mailed check,81.4,1545.48,No
1072-EMCS,Female,0,No,No,20,Yes,No,DSL,Yes,No,Yes,No,No,Yes,Month-to-month,No,Bank transfer (automatic),86.34,1721.55,Yes
7716-VLRX,Female,0,No,No,17,Yes,No,DSL,No,Yes,No,No,No,No,Month-to-month,Yes,Credit card (automatic),69.02,1174.21,Yes
8657-SCWQ,Male,0,Yes,No,0,Yes,No,No,No internet service,No internet service,No internet service,No internet service,No internet service,No internet service,Month-to-month,Yes,Electronic check,37.55,0.0,Yes
2461-WOYI,Male,0,No,No,23,Yes,No,Fiber optic,No,Yes,No,Yes,Yes,Yes,Two year,Yes,Bank transfer (automatic),109.72,2519.66,No
6308-XRFT,Male,0,Yes,No,18,Yes,Yes,Fiber optic,No,No,Yes,Yes,No,Yes,Two year,No,Mailed check,113.48,2040.95,No
4211-JBLV,Female,0,Yes,Yes,69,Yes,No,Fiber optic,Yes,Yes,No,No,Yes,No,Two year,No,Electronic check,105.06,7251.51,Yes
8321-LHZR,Male,0,Yes,No,68,Yes,Yes,Fiber optic,Yes,No,Yes,No,Yes,No,Month-to-month,Yes,Credit card (automatic),111.19,7551.21,Yes
8351-UIKM,Male,0,Yes,Yes,59,Yes,No,Fiber optic,No,Yes,No,No,No,No,Two year,No,Mailed check,86.7,5115.54,No
5314-JBLV,Female,0,No,No,0,Yes,Yes,DSL,No,Yes,No,No,No,Yes,Month-to-month,Yes,Bank transfer (automatic),85.64,0.0,Yes
7615-YUME,Male,1,Yes,No,5,Yes,No,Fiber optic,Yes,No,No,No,Yes,No,Month-to-month,No,Electronic check,101.84,503.19,Yes
2033-CGOW,Male,0,No,Yes,46,Yes,Yes,Fiber optic,Yes,No,Yes,No,No,Yes,One year,Yes,Electronic check,109.98,5053.0,No
8564-MKGC,Female,0,No,No,22,Yes,No,DSL,No,No,No,Yes,No,Yes,Month-to-month,No,Electronic check,85.42,1877.71,Yes
4867-QWIU,Female,0,No,No,32,Yes,Yes,DSL,Yes,No,Yes,No,Yes,No,Two year,No,Electronic check,88.87,2848.08,No
8148-AAAA,Female,0,No,Yes,39,Yes,Yes,Fiber optic,No,No,Yes,No,No,Yes,One year,No,Mailed check,105.46,4117.87,Yes
5185-MKGC,Female,0,No,Yes,13,Yes,Yes,Fiber optic,Yes,No,No,Yes,No,Yes,Month-to-month,Yes,Electronic check,118.75,1537.51,Yes
2653-OQUY,Male,0,Yes,Yes,57,Yes,Yes,DSL,No,No,Yes,No,No,No,Month-to-month,Yes,Electronic check,77.27,4404.2,Yes
8312-WOYI,Male,0,Yes,No,8,Yes,No,Fiber optic,No,Yes,No,Yes,No,Yes,Month-to-month,Yes,Electronic check,99.08,796.66,Yes
4436-YUME,Female,0,No,No,40,No,No phone service,DSL,No,No,No,No,No,Yes,Two year,No,Bank transfer (automatic),52.58,2102.5,Yes
4380-BDHL,Female,0,No,No,6,Yes,No,DSL,No,No,Yes,No,Yes,No,One year,Yes,Credit card (automatic),77.76,475.43,Yes
9503-CGOW,Male,0,Yes,No,53,Yes,No,DSL,Yes,Yes,No,No,No,Yes,Two year,No,Electronic check,87.67,4648.44,No
2539-DJVH,Male,1,No,No,21,Yes,Yes,No,No internet service,No internet service,No internet service,No internet service,No internet service,No internet service,Two year,No,Credit card (automatic),51.22,1070.37,No
5497-TFDB,Male,0,No,Yes,65,Yes,No,No,No internet service,No internet service,No internet service,No internet service,No internet service,No internet service,Month-to-month,Yes,Mailed check,39.86,2586.21,Yes
6739-QWIU,Male,0,Yes,Yes,19,Yes,Yes,DSL,Yes,No,No,Yes,No,No,Month-to-month,No,Mailed check,87.36,1661.61,No
5340-WOYI,Male,0,No,No,22,Yes,Yes,DSL,Yes,No,Yes,No,No,Yes,One year,Yes,Bank transfer (automatic),91.83,2015.33,No
1661-AAAA,Male,0,Yes,No,8,No,No phone service,No,No internet service,No internet service,No internet service,No internet service,No internet service,No internet service,Month-to-month,Yes,Mailed check,19.82,165.07,Yes
1901-MKGC,Male,0,Yes,No,58,Yes,Yes,Fiber optic,Yes,No,No,No,No,No,Month-to-month,Yes,Electronic check,97.85,5681.54,Yes
5633-AAAA,Male,0,No,Yes,46,Yes,Yes,Fiber optic,No,Yes,Yes,No,No,No,Month-to-month,Yes,Credit card (automatic),94.69,4349.37,No
2063-DJVH,Male,0,No,No,40,Yes,No,No,No internet service,No internet service,No internet service,No internet service,No internet service,No internet service,Month-to-month,Yes,Credit card (automatic),39.23,1566.49,Yes
6626-KESG,Female,0,Yes,No,4,Yes,No,Fiber optic,Yes,No,No,No,No,No,Month-to-month,Yes,Electronic check,95.11,380.42,Yes
1237-FPJD,Female,0,Yes,No,21,Yes,No,No,No internet service,No internet service,No internet service,No internet service,No internet service,No internet service,Month-to-month,No,Credit card (automatic),40.97,867.61,Yes
4792-FPJD,Male,0,No,No,12,Yes,No,Fiber optic,Yes,No,No,Yes,No,No,Two year,No,Electronic check,98.96,1190.02,Yes
3547-OQUY,Female,1,Yes,No,5,Yes,No,DSL,No,No,Yes,No,No,No,Month-to-month,Yes,Electronic check,62.76,320.72,Yes
3645-AAAA,Male,0,Yes,Yes,18,Yes,No,Fiber optic,No,Yes,No,No,Yes,Yes,Two year,No,Mailed check,108.69,1964.09,No
7136-MKGC,Female,0,No,No,19,Yes,No,No,No internet service,No internet service,No internet service,No internet service,No internet service,No internet service,Month-to-month,No,Credit card (automatic),37.95,714.35,Yes
6111-OQUY,Female,1,No,No,59,Yes,Yes,DSL,No,No,Yes,No,Yes,No,Month-to-month,Yes,Mailed check,88.64,5225.8,Yes
8156-SCWQ,Female,0,No,No,13,Yes,No,No,No internet service,No internet service,No internet service,No internet service,No internet service,No internet service,Month-to-month,Yes,Credit card (automatic),42.27,546.37,No
5275-EMCS,Female,0,Yes,Yes,15,Yes,No,Fiber optic,No,No,No,No,No,No,One year,No,Bank transfer (automatic),87.45,1319.74,Yes
8869-PTBJ,Female,0,No,Yes,51,Yes,Yes,No,No internet service,No internet service,No internet service,No internet service,No internet service,No internet service,One year,No,Mailed check,53.43,2725.78,No
7353-BDHL,Female,0,Yes,No,37,Yes,Yes,Fiber optic,No,No,No,No,No,No,Two year,No,Mailed check,92.76,3433.71,No
8242-LHZR,Female,1,No,Yes,13,Yes,Yes,No,No internet service,No internet service,No internet service,No internet service,No internet service,No internet service,Month-to-month,No,Electronic check,50.57,655.71,Yes
5478-UIKM,Male,0,No,No,19,Yes,No,DSL,No,No,No,No,No,No,Two year,No,Electronic check,65.55,1239.89,Yes
9186-NNNN,Male,0,No,No,52,Yes,No,No,No internet service,No internet service,No internet service,No internet service,No internet service,No internet service,One year,No,Bank transfer (automatic),43.13,2246.94,No
1876-RZPF,Female,0,No,No,31,Yes,No,No,No internet service,No internet service,No internet service,No internet service,No internet service,No internet service,Two year,No,Electronic check,40.72,1264.24,No
7555-OQUY,Female,0,No,No,0,Yes,No,Fiber optic,No,No,No,No,No,No,One year,Yes,Mailed check,85.43,0.0,Yes
1791-QWIU,Male,0,No,Yes,9,Yes,No,Fiber optic,No,No,No,Yes,No,No,Two year,No,Mailed check,95.47,858.25,No
7103-AAAA,Female,0,No,Yes,25,Yes,Yes,No,No internet service,No internet service,No internet service,No internet service,No internet service,No internet service,Two year,Yes,Electronic check,49.78,1238.93,No
3080-YUME,Male,1,No,No,51,Yes,No,Fiber optic,No,No,No,Yes,Yes,No,Month-to-month,No,Credit card (automatic),105.75,5395.87,No
7256-NNNN,Female,0,Yes,Yes,58,Yes,No,Fiber optic,Yes,Yes,No,No,Yes,No,Two year,No,Mailed check,104.41,6057.88,Yes
1692-JBLV,Female,0,No,Yes,49,Yes,Yes,Fiber optic,Yes,No,No,Yes,No,No,Month-to-month,No,Electronic check,111.85,5473.45,Yes
9476-NNNN,Male,0,No,No,48,Yes,No,No,No internet service,No internet service,No internet service,No internet service,No internet service,No internet service,Two year,Yes,Bank transfer (automatic),39.33,1881.71,Yes
6299-ZXTP,Female,0,Yes,Yes,41,Yes,Yes,DSL,No,Yes,Yes,No,Yes,Yes,Month-to-month,No,Credit card (automatic),94.4,3866.0,No
1406-NNNN,Female,0,No,Yes,16,Yes,Yes,Fiber optic,No,Yes,Yes,Yes,No,No,One year,No,Bank transfer (automatic),102.54,1641.76,Yes
7622-YUME,Female,0,No,No,71,Yes,Yes,Fiber optic,No,No,No,No,Yes,Yes,One year,No,Electronic check,118.75,8432.68,Yes
4793-BDHL,Female,0,Yes,Yes,33,Yes,Yes,No,No internet service,No internet service,No internet service,No internet service,No internet service,No internet service,Two year,Yes,Credit card (automatic),47.64,1570.11,No
4982-FPJD,Male,0,Yes,Yes,29,Yes,Yes,DSL,Yes,No,Yes,No,No,No,One year,No,Credit card (automatic),86.0,2494.09,No
6037-OQUY,Male,0,No,No,3,Yes,No,DSL,No,No,No,No,Yes,Yes,Month-to-month,No,Electronic check,86.63,265.09,Yes
4135-ZXTP,Female,1,No,Yes,49,Yes,Yes,DSL,No,No,Yes,No,Yes,Yes,Two year,Yes,Bank transfer (automatic),94.77,4642.75,No
8680-IYEK,Female,0,Yes,Yes,37,Yes,No,No,No internet service,No internet service,No internet service,No internet service,No internet service,No internet service,One year,No,Electronic check,38.62,1428.89,Yes
2549-YUME,Female,0,Yes,No,38,Yes,No,Fiber optic,No,No,Yes,No,Yes,No,Two year,Yes,Credit card (automatic),93.71,3562.98,No
8014-FPJD,Male,0,No,No,68,Yes,No,DSL,No,No,No,Yes,No,No,Month-to-month,Yes,Electronic check,74.88,5093.01,No
5085-LHZR,Male,0,No,No,50,Yes,Yes,DSL,No,Yes,Yes,No,No,No,Month-to-month,Yes,Bank transfer (automatic),71.63,3583.02,Yes
2518-BDHL,Male,0,Yes,Yes,14,Yes,No,No,No internet service,No internet service,No internet service,No internet service,No internet service,No internet service,Two year,Yes,Credit card (automatic),39.07,548.16,Yes
7190-GSQO,Male,0,Yes,No,43,Yes,No,Fiber optic,Yes,Yes,Yes,Yes,Yes,No,Month-to-month,No,Credit card (automatic),113.67,4890.69,No
6976-OQUY,Female,0,No,No,28,Yes,No,DSL,No,No,No,No,No,Yes,Month-to-month,No,Credit card (automatic),74.41,2078.12,Yes
9438-CGOW,Male,0,No,No,47,Yes,No,DSL,Yes,No,No,No,Yes,No,Month-to-month,Yes,Credit card (automatic),79.17,3713.26,No
4453-NNNN,Male,1,Yes,No,47,Yes,No,No,No internet service,No internet service,No internet service,No internet service,No internet service,No internet service,Month-to-month,Yes,Electronic check,36.93,1747.06,Yes
7614-PTBJ,Female,0,Yes,Yes,72,Yes,Yes,Fiber optic,Yes,No,Yes,Yes,No,No,Month-to-month,Yes,Bank transfer (automatic),106.63,7670.88,No
1815-PTBJ,Male,0,No,Yes,46,Yes,No,Fiber optic,No,Yes,Yes,No,Yes,No,Two year,Yes,Electronic check,92.07,4239.42,No
4687-FPJD,Female,0,Yes,No,5,Yes,No,DSL,No,Yes,No,Yes,Yes,No,Month-to-month,Yes,Electronic check,80.92,404.14,Yes
8788-PTBJ,Male,0,Yes,No,39,Yes,No,Fiber optic,Yes,Yes,No,No,No,No,One year,Yes,Bank transfer (automatic),96.22,3748.19,Yes
6919-RZPF,Male,1,No,No,40,Yes,No,Fiber optic,No,Yes,Yes,No,No,No,Two year,Yes,Electronic check,84.75,3390.34,Yes
9488-BDHL,Female,0,Yes,Yes,63,Yes,Yes,Fiber optic,Yes,Yes,No,No,Yes,No,Two year,Yes,Mailed check,105.81,6670.23,No
7633-GSQO,Female,0,No,No,37,Yes,Yes,Fiber optic,No,Yes,Yes,No,Yes,No,Month-to-month,Yes,Mailed check,107.76,3981.78,Yes
8673-NNNN,Female,0,No,Yes,67,Yes,Yes,DSL,Yes,No,Yes,No,Yes,Yes,One year,Yes,Credit card (automatic),98.25,6589.01,Yes
5979-VLRX,Male,0,No,No,23,Yes,No,No,No internet service,No internet service,No internet service,No internet service,No internet service,No internet service,Month-to-month,Yes,Bank transfer (automatic),39.35,905.28,No
8192-JBLV,Male,0,No,Yes,9,Yes,No,Fiber optic,No,Yes,No,No,Yes,No,Month-to-month,No,Credit card (automatic),91.94,832.06,Yes
9680-TFDB,Female,0,Yes,No,63,Yes,Yes,Fiber optic,No,Yes,No,No,Yes,No,Month-to-month,Yes,Electronic check,102.37,6453.62,Yes
2230-DJVH,Female,1,Yes,Yes,0,Yes,No,DSL,No,No,Yes,No,Yes,No,Month-to-month,Yes,Mailed check,76.97,0.0,Yes
1830-PTBJ,Male,0,Yes,Yes,62,Yes,Yes,DSL,No,No,Yes,No,Yes,Yes,Two year,Yes,Electronic check,96.98,6012.07,No
2770-RZPF,Male,0,No,No,20,Yes,No,Fiber optic,Yes,No,Yes,No,No,No,One year,Yes,Credit card (automatic),92.68,1854.73,No
8986-GSQO,Female,0,No,Yes,56,Yes,Yes,No,No internet service,No internet service,No internet service,No internet service,No internet service,No internet service,Month-to-month,Yes,Electronic check,50.06,2807.6,No
5737-IYEK,Female,0,Yes,Yes,16,Yes,Yes,No,No internet service,No internet service,No internet service,No internet service,No internet service,No internet service,Month-to-month,No,Mailed check,46.32,744.62,Yes
7379-CGOW,Male,0,No,No,41,Yes,Yes,Fiber optic,Yes,Yes,No,No,Yes,No,Two year,No,Mailed check,113.55,4648.49,No
8060-ZXTP,Male,1,Yes,No,32,No,No phone service,Fiber optic,No,No,No,No,No,Yes,Month-to-month,No,Electronic check,77.4,2480.84,Yes
4726-YUME,Female,0,No,No,56,Yes,No,DSL,No,Yes,Yes,Yes,No,Yes,Two year,Yes,Electronic check,80.13,4488.37,No
7200-EMCS,Male,0,Yes,No,52,Yes,Yes,No,No internet service,No internet service,No internet service,No internet service,No internet service,No internet service,Month-to-month,No,Mailed check,52.4,2723.67,Yes
6325-ZXTP,Male,0,No,No,65,Yes,No,Fiber optic,No,No,Yes,Yes,Yes,No,One year,Yes,Mailed check,101.94,6630.54,Yes
6947-NNNN,Female,0,No,Yes,39,Yes,No,No,No internet service,No internet service,No internet service,No internet service,No internet service,No internet service,Month-to-month,No,Electronic check,42.73,1662.94,No
1269-NNNN,Female,1,Yes,Yes,29,Yes,Yes,DSL,Yes,Yes,No,Yes,Yes,No,Two year,No,Mailed check,99.17,2881.52,Yes
3521-TFDB,Female,0,Yes,No,30,Yes,No,Fiber optic,No,No,No,Yes,No,Yes,Month-to-month,Yes,Electronic check,101.54,3050.51,Yes
8490-HVXZ,Female,0,Yes,Yes,55,Yes,Yes,Fiber optic,Yes,No,No,Yes,No,Yes,One year,No,Electronic check,118.75,6525.62,No
1307-QWIU,Male,0,No,No,22,Yes,No,Fiber optic,Yes,Yes,No,No,No,Yes,Month-to-month,Yes,Bank transfer (automatic),101.57,2236.91,Yes
6533-UIKM,Male,0,No,Yes,67,Yes,Yes,Fiber optic,Yes,No,Yes,No,Yes,Yes,Month-to-month,Yes,Electronic check,118.75,7961.92,No
7589-AAAA,Female,0,No,No,49,Yes,Yes,Fiber optic,Yes,No,No,No,No,No,Month-to-month,Yes,Bank transfer (automatic),105.36,5161.44,No
5719-DJVH,Male,0,No,No,26,Yes,No,DSL,No,No,No,Yes,No,No,Month-to-month,Yes,Mailed check,69.57,1803.98,No
7533-HVXZ,Male,0,Yes,No,64,Yes,Yes,Fiber optic,Yes,No,No,Yes,No,Yes,Month-to-month,No,Electronic check,118.28,7568.19,Yes
2724-KESG,Female,0,Yes,No,64,Yes,No,DSL,Yes,Yes,No,No,No,Yes,Month-to-month,No,Electronic check,86.18,5513.94,No
9924-HVXZ,Female,0,Yes,No,46,Yes,No,DSL,No,Yes,No,Yes,Yes,No,One year,No,Bank transfer (automatic),80.86,3712.7,Yes
5631-WOYI,Female,0,Yes,Yes,61,Yes,Yes,Fiber optic,No,No,Yes,No,No,Yes,Month-to-month,No,Electronic check,104.06,6339.02,No
8230-NNNN,Female,0,No,Yes,5,Yes,No,Fiber optic,Yes,Yes,No,No,Yes,Yes,Month-to-month,Yes,Bank transfer (automatic),111.43,565.69,Yes
4961-YUME,Female,0,No,Yes,53,Yes,Yes,Fiber optic,Yes,No,Yes,No,Yes,No,Month-to-month,Yes,Electronic check,110.61,5853.65,Yes
4899-MKGC,Female,0,Yes,No,23,Yes,Yes,No,No internet service,No internet service,No internet service,No internet service,No internet service,No internet service,Two year,Yes,Credit card (automatic),50.93,1172.44,Yes
1935-MKGC,Female,0,No,No,56,Yes,Yes,No,No internet service,No internet service,No internet service,No internet service,No internet service,No internet service,Month-to-month,Yes,Electronic check,54.82,3059.6,Yes
2948-BDHL,Male,0,Yes,Yes,22,Yes,No,DSL,No,Yes,No,Yes,No,No,Month-to-month,Yes,Mailed check,75.96,1675.53,Yes
4095-PTBJ,Female,0,No,No,6,Yes,No,DSL,Yes,Yes,Yes,No,Yes,Yes,One year,Yes,Credit card (automatic),95.98,569.3,No
2840-CGOW,Male,1,No,No,25,Yes,Yes,No,No internet service,No internet service,No internet service,No internet service,No internet service,No internet service,Month-to-month,No,Bank transfer (automatic),43.18,1085.22,Yes
3237-ZXTP,Female,0,No,No,72,Yes,Yes,No,No internet service,No internet service,No internet service,No internet service,No internet service,No internet service,Month-to-month,No,Electronic check,47.51,3413.98,Yes
1145-JBLV,Male,0,No,Yes,0,Yes,Yes,Fiber optic,Yes,Yes,No,No,Yes,Yes,Two year,Yes,Mailed check,118.75,0.0,Yes
2942-SCWQ,Female,0,Yes,Yes,8,No,No phone service,No,No internet service,No internet service,No internet service,No internet service,No internet service,No internet service,One year,Yes,Mailed check,22.72,172.33,Yes
1923-FPJD,Female,0,Yes,No,29,Yes,No,Fiber optic,No,No,No,No,No,No,Month-to-month,No,Bank transfer (automatic),87.12,2530.46,Yes
3330-DJVH,Female,0,Yes,No,18,Yes,No,Fiber optic,No,No,No,No,No,No,Two year,Yes,Credit card (automatic),88.99,1604.1,No
8011-YUME,Male,0,Yes,Yes,29,Yes,Yes,Fiber optic,Yes,No,No,Yes,Yes,No,One year,No,Credit card (automatic),118.75,3447.24,Yes
2184-IYEK,Female,0,No,Yes,50,Yes,No,DSL,No,Yes,Yes,No,Yes,No,Month-to-month,No,Electronic check,76.4,3818.56,No
1162-MKGC,Female,0,No,No,15,No,No phone service,DSL,No,No,No,Yes,No,No,Month-to-month,Yes,Electronic check,48.36,733.4,Yes
3810-SCWQ,Female,0,Yes,No,66,No,No phone service,Fiber optic,No,No,Yes,No,No,No,Month-to-month,No,Electronic check,63.31,4178.93,Yes
4976-OQUY,Male,0,Yes,No,41,Yes,Yes,Fiber optic,No,No,Yes,No,Yes,Yes,Two year,No,Electronic check,114.0,4679.16,No
3713-LHZR,Female,0,Yes,No,8,No,No phone service,No,No internet service,No internet service,No internet service,No internet service,No internet service,No internet service,One year,Yes,Bank transfer (automatic),18.59,155.81,Yes
5735-BDHL,Male,1,Yes,Yes,40,Yes,No,Fiber optic,No,Yes,No,Yes,Yes,No,Two year,Yes,Credit card (automatic),103.23,4133.11,No
2515-UIKM,Female,0,No,Yes,69,Yes,Yes,Fiber optic,No,No,No,Yes,Yes,No,One year,No,Electronic check,110.46,7615.71,Yes
9514-WOYI,Female,0,Yes,Yes,25,Yes,Yes,DSL,Yes,No,No,No,No,No,Two year,Yes,Electronic check,82.63,2060.3,Yes
6314-IYEK,Male,0,No,Yes,6,Yes,No,No,No internet service,No internet service,No internet service,No internet service,No internet service,No internet service,One year,Yes,Electronic check,39.79,241.87,Yes
2214-AAAA,Female,0,No,No,5,Yes,Yes,Fiber optic,No,No,Yes,No,Yes,Yes,Two year,No,Electronic check,114.97,583.34,Yes
2431-TFDB,Female,1,No,Yes,4,Yes,No,DSL,No,Yes,Yes,No,Yes,No,Month-to-month,Yes,Mailed check,78.07,306.0,Yes
3710-WOYI,Female,0,Yes,No,47,Yes,Yes,Fiber optic,No,No,Yes,Yes,No,No,One year,Yes,Bank transfer (automatic),103.52,4866.5,No
6247-HVXZ,Male,0,No,No,15,Yes,Yes,Fiber optic,No,No,Yes,Yes,Yes,Yes,Month-to-month,Yes,Bank transfer (automatic),118.75,1790.49,Yes
7998-XRFT,Female,0,Yes,No,62,Yes,Yes,Fiber optic,Yes,Yes,No,Yes,Yes,No,Month-to-month,Yes,Electronic check,118.73,7358.56,Yes
9362-XRFT,Male,0,Yes,Yes,20,Yes,No,DSL,No,No,No,No,Yes,Yes,Month-to-month,No,Electronic check,85.79,1713.13,Yes
1571-OQUY,Male,1,No,No,23,Yes,No,DSL,Yes,No,Yes,No,Yes,No,Two year,Yes,Electronic check,80.29,1844.26,Yes
6104-IYEK,Male,0,Yes,No,37,Yes,No,Fiber optic,No,No,Yes,Yes,No,Yes,Month-to-month,Yes,Bank transfer (automatic),100.24,3706.29,No
2914-YUME,Male,1,No,No,33,Yes,No,Fiber optic,No,No,No,No,No,Yes,Month-to-month,Yes,Electronic check,96.49,3188.26,Yes
3469-RZPF,Male,0,No,Yes,40,Yes,Yes,DSL,No,No,Yes,Yes,Yes,No,One year,Yes,Electronic check,92.54,3700.06,No
4674-YUME,Male,0,Yes,No,67,Yes,No,DSL,No,Yes,No,Yes,No,Yes,Month-to-month,Yes,Credit card (automatic),87.28,5845.83,Yes
5330-BDHL,Male,0,Yes,No,57,Yes,No,No,No internet service,No internet service,No internet service,No internet service,No internet service,No internet service,One year,No,Bank transfer (automatic),42.5,2426.5,No
2140-FPJD,Male,0,No,No,39,No,No phone service,Fiber optic,Yes,Yes,No,No,Yes,No,Month-to-month,Yes,Electronic check,82.8,3230.51,Yes
8790-BDHL,Female,1,No,No,68,Yes,Yes,DSL,No,Yes,Yes,No,No,No,Month-to-month,No,Electronic check,75.11,5112.08,No
3207-AAAA,Male,0,Yes,No,70,Yes,No,Fiber optic,Yes,No,No,Yes,Yes,Yes,Two year,No,Credit card (automatic),117.85,8251.1,No
6442-XRFT,Female,0,Yes,No,53,Yes,Yes,No,No internet service,No internet service,No internet service,No internet service,No internet service,No internet service,Month-to-month,Yes,Electronic check,46.53,2472.61,No
6154-MKGC,Male,0,No,No,11,Yes,No,Fiber optic,Yes,No,Yes,No,No,Yes,Two year,No,Electronic check,103.1,1139.05,Yes
6693-KESG,Male,0,No,No,34,Yes,Yes,Fiber optic,Yes,No,Yes,No,No,No,Two year,No,Electronic check,103.32,3520.82,No
6288-OQUY,Male,1,No,Yes,16,Yes,No,Fiber optic,Yes,No,No,Yes,Yes,No,One year,Yes,Mailed check,112.1,1789.91,Yes
9432-MKGC,Female,0,No,No,70,No,No phone service,No,No internet service,No internet service,No internet service,No internet service,No internet service,No internet service,Two year,Yes,Mailed check,22.89,1604.98,No
1348-NNNN,Female,0,Yes,No,36,Yes,No,Fiber optic,No,No,No,No,No,Yes,One year,Yes,Credit card (automatic),95.07,3423.1,Yes
7447-WOYI,Female,0,No,Yes,45,Yes,Yes,Fiber optic,Yes,No,Yes,No,No,Yes,Two year,Yes,Bank transfer (automatic),116.12,5223.93,No
8481-SCWQ,Female,0,No,No,41,Yes,Yes,Fiber optic,No,No,Yes,No,Yes,No,One year,Yes,Credit card (automatic),103.33,4236.77,No
7893-WOYI,Male,0,Yes,No,4,Yes,No,DSL,Yes,No,No,No,Yes,Yes,Month-to-month,Yes,Electronic check,92.36,364.76,Yes
3052-DJVH,Female,0,Yes,No,57,Yes,No,No,No internet service,No internet service,No internet service,No internet service,No internet service,No internet service,Month-to-month,Yes,Bank transfer (automatic),41.22,2351.9,No
3817-XRFT,Female,0,No,No,57,Yes,No,DSL,Yes,Yes,Yes,No,No,No,Month-to-month,Yes,Electronic check,76.17,4347.56,No
6131-YUME,Female,0,No,No,27,Yes,No,DSL,Yes,No,No,Yes,Yes,No,Month-to-month,Yes,Bank transfer (automatic),93.45,2522.03,No
8856-MKGC,Female,0,Yes,No,67,Yes,No,Fiber optic,Yes,No,No,No,Yes,Yes,Month-to-month,Yes,Bank transfer (automatic),111.98,7500.22,Yes
2823-LHZR,Male,0,No,No,54,Yes,Yes,Fiber optic,No,No,No,Yes,No,Yes,Month-to-month,Yes,Credit card (automatic),116.39,6289.89,Yes
5658-DJVH,Female,0,No,Yes,49,Yes,No,Fiber optic,Yes,Yes,No,No,Yes,No,Month-to-month,Yes,Bank transfer (automatic),101.26,4957.35,Yes
7792-SCWQ,Female,0,No,No,8,Yes,Yes,DSL,No,Yes,No,No,Yes,Yes,Two year,Yes,Electronic check,97.8,779.19,Yes
9712-HVXZ,Female,1,No,Yes,1,Yes,No,No,No internet service,No internet service,No internet service,No internet service,No internet service,No internet service,Month-to-month,No,Electronic check,38.21,35.35,Yes
1329-FPJD,Male,0,No,Yes,66,Yes,Yes,Fiber optic,Yes,No,Yes,No,No,No,Month-to-month,No,Mailed check,101.93,6724.92,Yes
6724-IYEK,Male,1,No,No,1,Yes,No,Fiber optic,No,No,No,No,Yes,No,One year,Yes,Electronic check,91.85,86.56,Yes
7637-OQUY,Male,0,No,No,57,Yes,No,Fiber optic,No,Yes,No,No,Yes,No,Month-to-month,No,Credit card (automatic),92.46,5274.11,Yes
4203-WOYI,Female,0,No,No,23,Yes,No,Fiber optic,No,No,Yes,No,No,No,Month-to-month,Yes,Credit card (automatic),83.39,1924.09,Yes
8915-OQUY,Male,0,No,No,27,Yes,No,Fiber optic,No,No,Yes,Yes,No,Yes,Month-to-month,No,Mailed check,101.32,2741.13,No
1644-YUME,Male,0,No,No,16,Yes,Yes,No,No internet service,No internet service,No internet service,No internet service,No internet service,No internet service,Two year,No,Electronic check,54.52,873.47,No
5749-DJVH,Male,0,No,No,61,Yes,No,DSL,Yes,No,No,Yes,No,Yes,Month-to-month,No,Credit card (automatic),94.38,5751.26,Yes
5133-OQUY,Male,1,Yes,Yes,43,Yes,Yes,DSL,Yes,No,No,No,No,No,Month-to-month,Yes,Credit card (automatic),84.69,3643.11,Yes
5117-FPJD,Male,0,No,Yes,48,No,No phone service,Fiber optic,Yes,Yes,No,No,Yes,Yes,Two year,No,Credit card (automatic),88.72,4254.11,No
8736-IYEK,Female,0,No,Yes,44,Yes,No,Fiber optic,No,Yes,No,No,No,No,Two year,Yes,Electronic check,85.56,3766.55,No
4420-RZPF,Male,1,Yes,Yes,53,Yes,Yes,No,No internet service,No internet service,No internet service,No internet service,No internet service,No internet service,Month-to-month,Yes,Bank transfer (automatic),47.66,2527.04,No
2202-KESG,Male,0,Yes,Yes,62,Yes,Yes,Fiber optic,No,Yes,No,No,Yes,No,One year,No,Electronic check,106.91,6627.54,Yes
8122-MKGC,Male,0,Yes,No,17,Yes,Yes,No,No internet service,No internet service,No internet service,No internet service,No internet service,No internet service,Month-to-month,No,Bank transfer (automatic),45.61,773.17,Yes
3130-AAAA,Male,0,Yes,Yes,5,Yes,Yes,Fiber optic,Yes,No,No,No,Yes,No,Month-to-month,No,Electronic check,113.57,570.85,Yes
8928-XRFT,Female,0,Yes,No,59,Yes,Yes,DSL,Yes,Yes,Yes,No,Yes,No,One year,Yes,Credit card (automatic),91.28,5387.37,No
4655-GSQO,Female,0,No,No,43,Yes,No,No,No internet service,No internet service,No internet service,No internet service,No internet service,No internet service,Month-to-month,Yes,Bank transfer (automatic),39.52,1694.53,No
3971-LHZR,Female,0,No,Yes,0,Yes,No,DSL,No,No,No,Yes,Yes,Yes,One year,Yes,Mailed check,92.96,0.0,Yes
3491-CGOW,Female,0,No,No,54,Yes,No,Fiber optic,No,Yes,Yes,Yes,Yes,No,One year,Yes,Bank transfer (automatic),102.64,5548.99,No
9652-YUME,Female,0,No,No,11,Yes,No,No,No internet service,No internet service,No internet service,No internet service,No internet service,No internet service,One year,Yes,Credit card (automatic),38.62,420.8,Yes
5784-KESG,Male,0,Yes,No,17,Yes,No,DSL,No,No,No,No,Yes,No,Month-to-month,Yes,Mailed check,77.02,1307.87,Yes
9078-QWIU,Male,0,Yes,Yes,63,Yes,No,Fiber optic,No,No,No,No,Yes,Yes,One year,Yes,Bank transfer (automatic),110.69,6967.82,No
7028-DJVH,Male,1,Yes,No,72,Yes,No,Fiber optic,Yes,Yes,Yes,No,No,No,Month-to-month,No,Electronic check,92.37,6647.45,Yes
7365-IYEK,Male,1,Yes,No,58,Yes,No,Fiber optic,No,No,No,No,No,Yes,One year,No,Electronic check,95.6,5544.64,Yes
5668-BDHL,Female,0,No,No,50,Yes,Yes,DSL,No,Yes,No,No,No,Yes,Two year,Yes,Electronic check,82.05,4104.77,Yes
7031-FPJD,Female,1,Yes,No,42,Yes,Yes,Fiber optic,Yes,No,No,Yes,Yes,Yes,Month-to-month,No,Bank transfer (automatic),118.75,4983.18,Yes
9320-JBLV,Male,0,No,Yes,7,Yes,No,Fiber optic,Yes,No,Yes,Yes,Yes,No,Two year,No,Mailed check,112.95,792.21,No
4055-AAAA,Male,0,Yes,No,38,Yes,Yes,No,No internet service,No internet service,No internet service,No internet service,No internet service,No internet service,Month-to-month,No,Credit card (automatic),51.71,1972.85,No
6029-XRFT,Male,0,Yes,No,61,Yes,No,DSL,No,No,No,Yes,Yes,No,Month-to-month,No,Bank transfer (automatic),83.39,5081.77,No
7546-WOYI,Female,1,No,No,40,No,No phone service,DSL,Yes,No,Yes,Yes,Yes,Yes,Month-to-month,Yes,Bank transfer (automatic),78.99,3167.58,Yes
9996-RZPF,Female,0,Yes,Yes,43,No,No phone service,DSL,No,No,Yes,No,Yes,Yes,Two year,Yes,Credit card (automatic),63.76,2742.37,No
9834-NNNN,Male,0,No,No,66,Yes,No,Fiber optic,Yes,No,No,Yes,Yes,No,Month-to-month,Yes,Credit card (automatic),114.67,7572.47,Yes
1896-HVXZ,Male,0,Yes,No,20,No,No phone service,DSL,No,No,No,No,No,No,Month-to-month,Yes,Mailed check,45.16,900.73,Yes
2293-KESG,Male,0,No,Yes,69,Yes,Yes,Fiber optic,Yes,Yes,No,No,Yes,Yes,Two year,Yes,Mailed check,118.75,8189.42,No
2381-VLRX,Male,0,Yes,No,52,Yes,Yes,No,No internet service,No internet service,No internet service,No internet service,No internet service,No internet service,Month-to-month,Yes,Mailed check,53.37,2770.93,No
3915-AAAA,Female,0,Yes,No,61,Yes,Yes,DSL,Yes,Yes,No,Yes,Yes,No,Month-to-month,Yes,Mailed check,100.1,6114.15,No
5146-TFDB,Male,0,Yes,No,6,Yes,No,Fiber optic,No,No,No,Yes,Yes,No,Month-to-month,Yes,Electronic check,101.69,615.96,Yes
6961-CGOW,Female,0,Yes,Yes,33,Yes,No,Fiber optic,Yes,Yes,Yes,No,Yes,No,Month-to-month,No,Electronic check,104.17,3442.22,Yes
3880-OQUY,Male,0,Yes,No,66,Yes,Yes,Fiber optic,Yes,No,No,Yes,No,No,Month-to-month,Yes,Electronic check,110.41,7288.95,No
2106-KESG,Female,0,Yes,No,49,No,No phone service,DSL,No,Yes,No,No,Yes,No,One year,No,Bank transfer (automatic),52.93,2586.56,No
8226-TFDB,Female,0,Yes,No,25,Yes,Yes,DSL,No,No,Yes,Yes,Yes,Yes,Month-to-month,Yes,Credit card (automatic),99.61,2489.46,Yes
7816-XRFT,Male,0,Yes,Yes,62,Yes,No,Fiber optic,No,No,No,No,No,Yes,Month-to-month,No,Electronic check,94.72,5875.57,Yes
6201-UIKM,Male,1,No,No,65,Yes,No,DSL,No,No,Yes,No,No,Yes,One year,No,Mailed check,74.24,4830.13,Yes
2772-MKGC,Female,1,Yes,No,56,No,No phone service,No,No internet service,No internet service,No internet service,No internet service,No internet service,No internet service,One year,Yes,Mailed check,19.33,1084.59,No
8778-WOYI,Male,0,No,No,57,Yes,Yes,Fiber optic,No,Yes,No,No,No,No,Month-to-month,Yes,Bank transfer (automatic),96.23,5482.65,Yes
3104-LHZR,Male,0,Yes,Yes,64,Yes,Yes,Fiber optic,No,Yes,Yes,No,Yes,No,Month-to-month,Yes,Bank transfer (automatic),106.67,6820.4,Yes
4993-WOYI,Male,0,Yes,Yes,68,Yes,No,Fiber optic,No,Yes,No,No,No,Yes,Two year,Yes,Electronic check,98.1,6661.04,Yes
9087-HVXZ,Male,0,No,No,6,Yes,No,DSL,No,No,No,Yes,Yes,Yes,Month-to-month,Yes,Credit card (automatic),95.72,576.34,Yes
6343-FPJD,Female,0,No,Yes,66,Yes,Yes,Fiber optic,No,No,No,No,No,No,Month-to-month,No,Electronic check,94.07,6202.03,Yes
9175-IYEK,Female,0,No,Yes,61,Yes,Yes,Fiber optic,No,Yes,No,Yes,No,No,Month-to-month,No,Bank transfer (automatic),103.88,6332.21,No
8179-HVXZ,Female,1,No,No,0,Yes,Yes,No,No internet service,No internet service,No internet service,No internet service,No internet service,No internet service,Two year,No,Bank transfer (automatic),53.97,0.0,No
7009-KESG,Female,0,Yes,Yes,28,Yes,No,DSL,No,Yes,Yes,No,No,No,Month-to-month,No,Electronic check,67.25,1876.02,Yes
3159-BDHL,Female,0,No,No,60,Yes,Yes,Fiber optic,Yes,Yes,No,Yes,Yes,No,One year,Yes,Mailed check,118.75,7119.57,Yes
3668-DJVH,Male,0,No,No,21,Yes,No,No,No internet service,No internet service,No internet service,No internet service,No internet service,No internet service,Month-to-month,Yes,Mailed check,40.41,853.92,Yes
7284-UIKM,Male,0,No,Yes,50,Yes,No,DSL,No,Yes,No,No,Yes,Yes,One year,Yes,Bank transfer (automatic),84.75,4235.66,No
5358-UIKM,Male,0,No,Yes,19,Yes,No,Fiber optic,No,Yes,No,No,Yes,No,One year,Yes,Electronic check,94.5,1798.22,Yes
4302-SCWQ,Male,0,No,No,61,Yes,Yes,DSL,No,Yes,Yes,No,No,No,Month-to-month,Yes,Electronic check,70.16,4274.58,No
8561-XRFT,Female,0,Yes,Yes,15,Yes,Yes,No,No internet service,No internet service,No internet service,No internet service,No internet service,No internet service,Two year,No,Bank transfer (automatic),49.63,744.66,No
4662-DJVH,Female,0,Yes,No,7,Yes,No,Fiber optic,Yes,Yes,Yes,Yes,No,No,Two year,Yes,Bank transfer (automatic),101.82,715.03,Yes
6694-SCWQ,Male,0,Yes,Yes,66,Yes,Yes,DSL,Yes,Yes,Yes,No,No,No,Month-to-month,No,Credit card (automatic),82.85,5467.34,Yes
3717-XRFT,Male,0,Yes,No,24,Yes,Yes,DSL,No,No,No,Yes,No,No,Two year,Yes,Electronic check,82.04,1973.48,No
6864-LHZR,Male,0,No,No,40,Yes,Yes,Fiber optic,Yes,No,No,No,No,No,One year,Yes,Mailed check,103.63,4151.82,No
8486-ZXTP,Female,0,No,No,2,Yes,No,Fiber optic,Yes,No,Yes,No,Yes,No,Two year,Yes,Electronic check,103.13,204.89,Yes
2308-QWIU,Male,0,Yes,No,64,Yes,No,Fiber optic,Yes,No,Yes,No,No,Yes,Month-to-month,Yes,Credit card (automatic),105.09,6720.9,No
6728-AAAA,Female,0,Yes,No,57,Yes,Yes,Fiber optic,No,No,Yes,No,No,No,One year,No,Bank transfer (automatic),98.89,5639.88,No
4650-VLRX,Male,0,Yes,No,22,Yes,No,No,No internet service,No internet service,No internet service,No internet service,No internet service,No internet service,One year,Yes,Electronic check,40.72,885.49,No
9096-VLRX,Female,0,No,No,47,Yes,No,DSL,No,No,No,Yes,No,No,One year,Yes,Electronic check,71.65,3368.94,No
4401-NNNN,Male,0,No,Yes,48,Yes,Yes,DSL,No,No,No,No,Yes,No,One year,No,Electronic check,90.14,4328.32,No
8056-JBLV,Male,0,Yes,No,59,Yes,No,Fiber optic,No,No,No,Yes,No,No,Month-to-month,Yes,Credit card (automatic),93.75,5537.38,Yes
1830-WOYI,Female,0,Yes,No,69,Yes,Yes,Fiber optic,No,No,Yes,No,No,Yes,Two year,No,Electronic check,105.9,7303.04,Yes
1802-EMCS,Female,0,Yes,No,13,Yes,No,DSL,Yes,No,No,No,Yes,Yes,One year,Yes,Electronic check,89.93,1175.1,Yes
1269-DJVH,Female,0,Yes,No,65,Yes,No,DSL,Yes,No,Yes,No,Yes,No,Month-to-month,Yes,Mailed check,84.84,5512.03,Yes
8575-VLRX,Female,0,No,No,35,Yes,No,DSL,No,No,No,Yes,No,Yes,Two year,Yes,Credit card (automatic),79.95,2799.55,Yes
2907-CGOW,Female,0,No,Yes,15,Yes,Yes,Fiber optic,Yes,Yes,Yes,No,No,Yes,Two year,No,Bank transfer (automatic),114.96,1729.99,Yes
7476-AAAA,Female,1,No,No,0,Yes,No,Fiber optic,Yes,No,No,Yes,Yes,Yes,Two year,No,Electronic check,118.75,0.0,Yes
1205-VLRX,Female,0,Yes,No,6,Yes,Yes,Fiber optic,No,No,No,No,No,Yes,One year,No,Electronic check,104.24,620.13,Yes
2917-HVXZ,Male,0,No,No,57,Yes,No,DSL,Yes,No,No,Yes,Yes,No,Month-to-month,Yes,Electronic check,91.74,5237.08,Yes
4417-UIKM,Female,0,No,No,70,Yes,No,Fiber optic,Yes,Yes,No,No,No,No,Month-to-month,No,Electronic check,88.6,6207.25,Yes
4170-PTBJ,Female,0,Yes,No,56,Yes,No,Fiber optic,Yes,No,No,Yes,Yes,No,Two year,Yes,Mailed check,113.79,6375.96,No
8338-MKGC,Female,0,Yes,Yes,30,Yes,No,DSL,No,Yes,No,Yes,Yes,No,Month-to-month,No,Credit card (automatic),83.11,2492.82,Yes
5011-TFDB,Male,0,No,No,67,Yes,No,No,No internet service,No internet service,No internet service,No internet service,No internet service,No internet service,Two year,Yes,Mailed check,39.24,2632.06,No
8446-SCWQ,Female,0,No,No,67,Yes,Yes,DSL,No,No,No,No,No,No,Month-to-month,Yes,Electronic check,78.23,5232.16,No
3383-IYEK,Male,0,Yes,Yes,8,No,No phone service,DSL,Yes,Yes,No,Yes,Yes,No,Two year,Yes,Electronic check,69.54,557.24,No
8016-AAAA,Male,0,No,Yes,70,Yes,No,Fiber optic,No,Yes,Yes,No,Yes,No,One year,Yes,Electronic check,95.85,6710.33,No
1737-DJVH,Male,0,Yes,No,41,Yes,No,DSL,Yes,No,Yes,Yes,No,Yes,Month-to-month,Yes,Mailed check,93.29,3828.66,No
6904-WOYI,Male,0,No,Yes,52,Yes,Yes,No,No internet service,No internet service,No internet service,No internet service,No internet service,No internet service,One year,Yes,Electronic check,44.46,2312.31,No
8240-JBLV,Female,0,No,No,23,Yes,No,No,No internet service,No internet service,No internet service,No internet service,No internet service,No internet service,Two year,No,Electronic check,39.57,914.84,No
4641-EMCS,Male,0,No,No,27,Yes,No,No,No internet service,No internet service,No internet service,No internet service,No internet service,No internet service,Month-to-month,Yes,Mailed check,39.29,1055.79,Yes
6078-DJVH,Male,0,No,No,14,Yes,Yes,Fiber optic,No,Yes,Yes,Yes,No,No,Month-to-month,Yes,Electronic check,104.13,1457.28,Yes
3370-KESG,Male,0,Yes,Yes,3,Yes,No,Fiber optic,No,No,No,Yes,Yes,Yes,Month-to-month,No,Credit card (automatic),112.01,335.45,Yes
5727-IYEK,Male,0,Yes,Yes,29,Yes,No,Fiber optic,No,Yes,No,Yes,No,No,Two year,Yes,Bank transfer (automatic),92.01,2672.06,No
6185-EMCS,Female,0,No,No,18,Yes,No,DSL,No,No,Yes,Yes,No,Yes,One year,Yes,Mailed check,86.17,1552.52,Yes
1886-RZPF,Male,0,Yes,Yes,5,Yes,No,Fiber optic,No,Yes,Yes,No,No,No,One year,Yes,Credit card (automatic),87.22,448.32,Yes
5195-DJVH,Male,0,No,No,36,Yes,Yes,DSL,No,Yes,No,No,Yes,No,Two year,No,Credit card (automatic),83.2,2990.22,No
7493-NNNN,Male,0,No,Yes,4,Yes,Yes,Fiber optic,No,Yes,Yes,No,No,No,One year,No,Electronic check,94.32,388.7,Yes
1691-CGOW,Male,0,Yes,No,15,Yes,No,DSL,Yes,No,No,No,No,No,Month-to-month,Yes,Bank transfer (automatic),68.47,1035.38,Yes
5378-YUME,Male,0,Yes,No,36,Yes,No,No,No internet service,No internet service,No internet service,No internet service,No internet service,No internet service,One year,Yes,Electronic check,44.23,1585.96,Yes
8431-TFDB,Female,0,No,No,50,Yes,Yes,DSL,No,No,No,No,No,No,One year,No,Mailed check,78.52,3923.38,No
6856-XRFT,Female,0,No,No,23,Yes,No,DSL,Yes,Yes,Yes,Yes,Yes,No,Month-to-month,Yes,Electronic check,91.87,2118.37,No
4850-NNNN,Male,0,No,No,17,Yes,Yes,Fiber optic,No,No,Yes,No,No,No,One year,No,Bank transfer (automatic),96.79,1635.94,No
4450-YUME,Female,0,No,No,52,Yes,No,Fiber optic,No,No,No,No,No,Yes,One year,Yes,Credit card (automatic),90.69,4707.12,Yes
1390-WOYI,Male,0,No,Yes,33,No,No phone service,Fiber optic,Yes,No,Yes,Yes,No,Yes,Two year,Yes,Credit card (automatic),91.28,3017.2,No
7789-ZXTP,Male,0,Yes,No,53,Yes,No,Fiber optic,Yes,No,No,No,No,Yes,Month-to-month,Yes,Mailed check,109.98,5829.61,Yes
1912-FPJD,Male,0,No,No,55,Yes,No,Fiber optic,No,No,No,Yes,Yes,No,Month-to-month,Yes,Electronic check,104.4,5742.43,Yes
2014-HVXZ,Male,0,No,No,32,Yes,Yes,DSL,No,Yes,No,No,No,No,Two year,No,Credit card (automatic),71.43,2287.54,No
6619-MKGC,Female,0,No,No,3,Yes,No,Fiber optic,Yes,No,No,No,No,No,Two year,Yes,Bank transfer (automatic),92.61,274.29,Yes
2308-XRFT,Male,0,Yes,No,18,Yes,No,DSL,Yes,No,Yes,Yes,No,No,Two year,No,Bank transfer (automatic),81.46,1470.87,No
3581-AAAA,Female,0,No,No,32,Yes,Yes,Fiber optic,Yes,Yes,Yes,Yes,Yes,No,Two year,Yes,Mailed check,118.75,3798.09,No
7548-DJVH,Male,0,No,No,71,Yes,Yes,No,No internet service,No internet service,No internet service,No internet service,No internet service,No internet service,One year,Yes,Bank transfer (automatic),52.0,3698.49,Yes
5922-BDHL,Male,0,Yes,Yes,66,Yes,Yes,Fiber optic,Yes,Yes,No,No,No,No,Month-to-month,Yes,Electronic check,103.72,6844.49,Yes
6906-ZXTP,Male,0,Yes,Yes,13,Yes,No,No,No internet service,No internet service,No internet service,No internet service,No internet service,No internet service,Two year,Yes,Credit card (automatic),38.65,503.22,No
6347-AAAA,Male,0,Yes,No,7,Yes,No,No,No internet service,No internet service,No internet service,No internet service,No internet service,No internet service,Month-to-month,No,Electronic check,42.12,295.52,Yes
9053-MKGC,Male,0,No,Yes,31,Yes,No,DSL,No,No,Yes,Yes,No,No,One year,No,Electronic check,74.92,2324.07,Yes
8235-SCWQ,Female,0,No,No,62,Yes,No,DSL,No,Yes,No,Yes,No,No,Month-to-month,Yes,Bank transfer (automatic),69.43,4306.84,No
6581-XRFT,Female,0,Yes,No,31,Yes,Yes,No,No internet service,No internet service,No internet service,No internet service,No internet service,No internet service,Two year,Yes,Electronic check,48.22,1498.32,No
4452-WOYI,Male,0,No,No,35,Yes,No,Fiber optic,Yes,No,No,Yes,Yes,Yes,Month-to-month,Yes,Credit card (automatic),118.75,4153.69,No
3665-GSQO,Male,0,No,Yes,63,Yes,Yes,No,No internet service,No internet service,No internet service,No internet service,No internet service,No internet service,Month-to-month,Yes,Bank transfer (automatic),49.12,3094.06,No
9586-BDHL,Male,0,No,No,4,Yes,No,No,No internet service,No internet service,No internet service,No internet service,No internet service,No internet service,One year,No,Mailed check,39.88,157.81,No
7082-PTBJ,Male,0,No,No,38,No,No phone service,Fiber optic,Yes,Yes,No,No,Yes,Yes,Two year,No,Mailed check,96.69,3685.97,No
9611-JBLV,Female,0,Yes,No,10,Yes,No,No,No internet service,No internet service,No internet service,No internet service,No internet service,No internet service,Month-to-month,Yes,Electronic check,39.58,387.14,Yes
5146-CGOW,Female,0,No,No,13,Yes,Yes,Fiber optic,No,No,No,No,No,No,One year,No,Electronic check,93.0,1211.92,Yes
2986-OQUY,Female,0,No,No,62,Yes,No,Fiber optic,No,No,Yes,No,No,No,Month-to-month,Yes,Electronic check,86.1,5336.7,Yes
1525-DJVH,Male,0,Yes,No,61,No,No phone service,No,No internet service,No internet service,No internet service,No internet service,No internet service,No internet service,Two year,Yes,Electronic check,18.25,1107.47,Yes
4663-EMCS,Female,1,No,No,66,Yes,No,No,No internet service,No internet service,No internet service,No internet service,No internet service,No internet service,One year,No,Mailed check,38.23,2517.25,Yes
8240-NNNN,Female,0,No,Yes,3,Yes,Yes,DSL,Yes,No,Yes,No,No,Yes,Month-to-month,Yes,Electronic check,85.36,252.44,Yes
9134-SCWQ,Female,0,No,No,67,Yes,No,No,No internet service,No internet service,No internet service,No internet service,No internet service,No internet service,Two year,No,Bank transfer (automatic),41.91,2808.46,No
2849-YUME,Female,1,Yes,Yes,25,No,No phone service,Fiber optic,No,No,No,Yes,No,Yes,Month-to-month,No,Credit card (automatic),85.91,2153.3,Yes
5474-BDHL,Male,0,No,No,1,Yes,No,No,No internet service,No internet service,No internet service,No internet service,No internet service,No internet service,Month-to-month,Yes,Credit card (automatic),41.01,43.28,Yes
1022-QWIU,Female,0,Yes,Yes,11,Yes,No,Fiber optic,No,No,Yes,No,Yes,No,Month-to-month,Yes,Bank transfer (automatic),94.59,1042.24,Yes
7852-LHZR,Female,0,Yes,No,39,Yes,Yes,Fiber optic,Yes,Yes,No,No,No,Yes,One year,Yes,Mailed check,114.04,4444.82,No
4661-DJVH,Male,0,Yes,No,45,Yes,No,DSL,No,No,Yes,Yes,No,No,Two year,Yes,Electronic check,71.79,3229.62,No
5405-PTBJ,Female,1,Yes,No,40,Yes,No,No,No internet service,No internet service,No internet service,No internet service,No internet service,No internet service,Month-to-month,Yes,Credit card (automatic),40.69,1623.59,Yes
6330-EMCS,Female,0,No,No,30,Yes,No,DSL,Yes,No,No,No,No,No,One year,Yes,Bank transfer (automatic),72.72,2179.98,Yes
2776-NNNN,Female,0,No,Yes,29,Yes,No,Fiber optic,No,No,No,No,No,Yes,Month-to-month,Yes,Mailed check,94.34,2739.73,No
1478-HVXZ,Male,1,No,No,10,Yes,Yes,No,No internet service,No internet service,No internet service,No internet service,No internet service,No internet service,Two year,Yes,Mailed check,51.61,513.59,No
3224-WOYI,Male,0,No,Yes,68,No,No phone service,No,No internet service,No internet service,No internet service,No internet service,No internet service,No internet service,Month-to-month,Yes,Bank transfer (automatic),22.16,1501.25,No
8155-QWIU,Female,0,No,No,58,Yes,Yes,DSL,No,No,No,No,Yes,Yes,Month-to-month,Yes,Mailed check,94.26,5465.01,Yes
1717-EMCS,Male,1,No,Yes,58,Yes,Yes,DSL,Yes,No,Yes,No,No,No,Month-to-month,Yes,Electronic check,83.17,4823.82,Yes
8064-RZPF,Female,1,Yes,No,49,Yes,Yes,Fiber optic,No,Yes,Yes,No,No,Yes,One year,Yes,Mailed check,108.15,5304.16,Yes
7465-KESG,Female,0,Yes,No,69,Yes,Yes,No,No internet service,No internet service,No internet service,No internet service,No internet service,No internet service,One year,No,Electronic check,52.26,3604.77,No
3600-DJVH,Male,0,No,Yes,57,Yes,Yes,No,No internet service,No internet service,No internet service,No internet service,No internet service,No internet service,Month-to-month,Yes,Mailed check,48.72,2775.44,No
2171-KESG,Male,0,Yes,Yes,12,Yes,Yes,Fiber optic,No,No,No,No,No,No,Month-to-month,Yes,Mailed check,94.4,1145.42,Yes
3278-NNNN,Male,0,No,No,64,Yes,No,Fiber optic,Yes,No,No,No,No,No,Two year,Yes,Credit card (automatic),90.86,5817.29,Yes
3538-IYEK,Female,0,Yes,No,47,Yes,No,Fiber optic,No,No,No,No,No,No,Two year,No,Credit card (automatic),88.1,4134.06,No
7579-NNNN,Male,0,Yes,No,18,Yes,Yes,DSL,No,No,No,Yes,Yes,Yes,Month-to-month,Yes,Bank transfer (automatic),103.56,1873.11,Yes
8837-ZXTP,Female,1,No,No,53,Yes,No,Fiber optic,No,No,Yes,No,No,No,Month-to-month,No,Mailed check,83.51,4432.24,Yes
1369-PTBJ,Male,0,Yes,Yes,13,Yes,No,DSL,No,No,Yes,No,Yes,No,One year,No,Mailed check,71.32,925.79,Yes
2246-GSQO,Female,0,Yes,No,67,Yes,No,DSL,No,No,Yes,No,No,Yes,Month-to-month,Yes,Bank transfer (automatic),73.54,4930.56,Yes
7106-YUME,Female,0,No,Yes,55,Yes,No,No,No internet service,No internet service,No internet service,No internet service,No internet service,No internet service,Month-to-month,Yes,Bank transfer (automatic),41.67,2289.62,Yes
5941-GSQO,Female,1,Yes,No,5,Yes,No,Fiber optic,No,No,Yes,Yes,No,Yes,Month-to-month,Yes,Credit card (automatic),102.31,509.3,Yes
5912-ZXTP,Female,0,Yes,No,9,Yes,Yes,Fiber optic,Yes,No,Yes,Yes,No,No,Month-to-month,No,Bank transfer (automatic),113.18,1013.92,Yes
1719-OQUY,Male,0,No,No,0,No,No phone service,Fiber optic,Yes,Yes,No,Yes,No,No,Month-to-month,No,Mailed check,82.35,0.0,Yes
5432-RZPF,Female,1,No,Yes,4,Yes,Yes,DSL,Yes,No,No,No,No,No,Month-to-month,No,Credit card (automatic),81.67,330.21,No
6086-AAAA,Male,0,Yes,Yes,61,Yes,No,Fiber optic,No,No,No,Yes,No,Yes,One year,Yes,Electronic check,103.73,6324.96,No
3890-NNNN,Male,1,No,No,39,Yes,Yes,DSL,No,No,No,No,Yes,Yes,One year,No,Bank transfer (automatic),94.5,3680.75,No
8715-AAAA,Female,0,Yes,No,31,No,No phone service,Fiber optic,No,No,Yes,No,No,Yes,One year,Yes,Electronic check,72.93,2261.53,No
1615-CGOW,Male,0,Yes,No,63,Yes,Yes,DSL,Yes,No,No,No,Yes,No,Two year,No,Credit card (automatic),90.28,5689.22,No
9684-NNNN,Male,0,Yes,No,43,Yes,Yes,No,No internet service,No internet service,No internet service,No internet service,No internet service,No internet service,Month-to-month,No,Electronic check,50.27,2160.52,No
5875-PTBJ,Male,1,Yes,Yes,20,Yes,No,DSL,No,No,No,Yes,No,No,Month-to-month,Yes,Electronic check,65.74,1319.24,Yes
6315-IYEK,Male,0,No,No,57,Yes,Yes,Fiber optic,No,No,No,No,No,Yes,Month-to-month,Yes,Electronic check,104.22,5945.4,Yes
7184-MKGC,Male,0,No,No,13,Yes,Yes,Fiber optic,No,No,No,No,Yes,No,One year,No,Mailed check,101.31,1316.23,Yes
1686-FPJD,Male,0,No,No,8,Yes,Yes,DSL,No,No,No,No,Yes,No,Month-to-month,No,Credit card (automatic),89.36,713.39,Yes
6335-FPJD,Male,0,Yes,No,62,Yes,No,DSL,No,No,No,No,Yes,No,Month-to-month,Yes,Electronic check,76.64,4741.93,No
4591-BDHL,Male,0,No,Yes,14,Yes,Yes,DSL,No,No,No,No,No,No,Month-to-month,Yes,Mailed check,76.54,1074.01,Yes
3778-KESG,Male,1,No,No,46,Yes,Yes,No,No internet service,No internet service,No internet service,No internet service,No internet service,No internet service,One year,No,Bank transfer (automatic),43.46,1994.14,No
7122-FPJD,Male,0,No,Yes,71,Yes,Yes,Fiber optic,No,No,No,No,No,Yes,Two year,Yes,Bank transfer (automatic),103.44,7346.43,No
9429-XRFT,Male,0,No,Yes,40,Yes,No,Fiber optic,Yes,Yes,No,No,Yes,Yes,Month-to-month,Yes,Credit card (automatic),113.19,4526.42,Yes
9872-GSQO,Male,1,Yes,No,62,Yes,No,No,No internet service,No internet service,No internet service,No internet service,No internet service,No internet service,Month-to-month,No,Bank transfer (automatic),45.96,2850.75,Yes
4518-GSQO,Male,0,No,Yes,59,Yes,Yes,No,No internet service,No internet service,No internet service,No internet service,No internet service,No internet service,Month-to-month,Yes,Electronic check,49.85,2944.06,Yes
2075-AAAA,Male,0,No,No,35,Yes,No,Fiber optic,No,Yes,No,No,No,No,Month-to-month,Yes,Mailed check,81.89,2871.62,Yes
6777-LHZR,Male,0,No,Yes,29,Yes,Yes,Fiber optic,No,No,No,No,No,Yes,One year,No,Electronic check,102.02,2955.91,Yes
2707-QWIU,Male,0,Yes,Yes,11,Yes,No,Fiber optic,Yes,No,No,Yes,Yes,Yes,One year,Yes,Electronic check,118.75,1311.24,Yes
1974-IYEK,Female,1,No,Yes,57,Yes,Yes,Fiber optic,No,Yes,Yes,No,Yes,No,Two year,No,Mailed check,106.09,6050.3,No
1143-JBLV,Male,0,No,No,49,Yes,No,Fiber optic,Yes,No,No,No,No,Yes,Month-to-month,Yes,Mailed check,106.8,5236.62,No
2343-TFDB,Female,0,Yes,No,10,Yes,No,Fiber optic,Yes,Yes,No,No,Yes,Yes,Month-to-month,No,Mailed check,113.75,1135.8,Yes
6626-XRFT,Female,1,No,Yes,25,Yes,Yes,DSL,No,No,No,No,No,Yes,Month-to-month,Yes,Electronic check,84.5,2108.26,Yes
9252-SCWQ,Female,0,No,No,36,Yes,Yes,DSL,No,Yes,Yes,No,No,Yes,One year,Yes,Bank transfer (automatic),85.8,3097.93,No
8409-UIKM,Female,0,Yes,Yes,46,Yes,Yes,Fiber optic,Yes,No,No,No,No,No,Month-to-month,Yes,Credit card (automatic),106.41,4897.08,Yes
5656-DJVH,Female,0,Yes,No,24,Yes,No,Fiber optic,No,No,No,No,Yes,Yes,Month-to-month,Yes,Credit card (automatic),103.8,2490.03,Yes
6677-BDHL,Female,0,No,Yes,43,Yes,Yes,DSL,No,No,Yes,No,No,Yes,Two year,Yes,Electronic check,83.09,3575.69,No
3849-HVXZ,Female,0,No,Yes,53,Yes,Yes,Fiber optic,No,Yes,No,Yes,No,No,One year,No,Electronic check,99.93,5298.2,No
9924-AAAA,Male,0,No,No,20,Yes,No,Fiber optic,No,No,No,No,No,No,Month-to-month,Yes,Electronic check,81.57,1631.03,No
2009-JBLV,Male,0,No,Yes,50,Yes,No,Fiber optic,No,Yes,No,No,No,No,Two year,No,Electronic check,87.94,4395.07,No
3707-TFDB,Male,1,Yes,No,26,Yes,No,Fiber optic,No,No,No,No,No,Yes,Two year,Yes,Credit card (automatic),93.05,2417.16,No
4767-MKGC,Female,0,No,Yes,52,Yes,Yes,No,No internet service,No internet service,No internet service,No internet service,No internet service,No internet service,Month-to-month,Yes,Bank transfer (automatic),53.92,2805.44,No
6232-HVXZ,Male,0,No,Yes,54,Yes,No,Fiber optic,Yes,No,Yes,Yes,No,Yes,Month-to-month,Yes,Electronic check,114.53,6193.75,No
7854-XRFT,Female,0,Yes,No,32,No,No phone service,DSL,No,Yes,No,Yes,Yes,Yes,Month-to-month,Yes,Credit card (automatic),77.23,2468.08,Yes
1138-DJVH,Male,1,Yes,Yes,71,No,No phone service,DSL,No,No,No,No,Yes,No,Two year,Yes,Credit card (automatic),56.59,4016.93,No
2040-GSQO,Male,0,No,No,12,Yes,Yes,No,No internet service,No internet service,No internet service,No internet service,No internet service,No internet service,Two year,Yes,Mailed check,51.29,615.86,No
9320-GSQO,Male,0,No,Yes,41,Yes,Yes,DSL,Yes,No,Yes,Yes,Yes,No,Month-to-month,Yes,Bank transfer (automatic),103.53,4244.29,Yes
6310-RZPF,Male,0,No,No,62,Yes,No,DSL,Yes,No,Yes,No,Yes,Yes,Two year,No,Mailed check,90.03,5586.23,No
7731-ZXTP,Male,0,No,No,2,Yes,No,DSL,No,No,No,No,Yes,No,Month-to-month,Yes,Electronic check,73.28,141.23,Yes
1048-YUME,Female,0,No,No,31,Yes,Yes,Fiber optic,Yes,No,No,No,Yes,Yes,Month-to-month,Yes,Credit card (automatic),118.75,3688.37,Yes
2128-KESG,Female,0,Yes,Yes,66,Yes,Yes,Fiber optic,No,No,Yes,Yes,Yes,Yes,Two year,No,Electronic check,118.75,7834.73,No
2854-ZXTP,Male,0,No,No,12,Yes,Yes,No,No internet service,No internet service,No internet service,No internet service,No internet service,No internet service,Two year,Yes,Electronic check,48.88,587.99,Yes
5493-WOYI,Male,0,Yes,Yes,16,Yes,Yes,DSL,No,Yes,No,No,Yes,No,Month-to-month,Yes,Bank transfer (automatic),88.83,1414.46,Yes
2724-BDHL,Female,0,Yes,No,54,Yes,Yes,Fiber optic,No,Yes,Yes,No,No,No,Two year,Yes,Mailed check,99.12,5357.11,Yes
1206-FPJD,Male,0,No,No,70,Yes,No,Fiber optic,No,No,No,No,No,No,Month-to-month,Yes,Bank transfer (automatic),84.36,5907.37,No
3793-BDHL,Male,0,No,Yes,36,Yes,Yes,Fiber optic,No,Yes,No,No,No,Yes,Month-to-month,No,Electronic check,105.72,3805.47,Yes
8555-ZXTP,Female,0,Yes,Yes,51,Yes,No,No,No internet service,No internet service,No internet service,No internet service,No internet service,No internet service,Month-to-month,No,Bank transfer (automatic),37.78,1930.8,Yes
1350-JBLV,Male,0,Yes,No,7,No,No phone service,Fiber optic,No,No,Yes,No,Yes,No,Two year,Yes,Electronic check,73.57,523.03,No
9236-SCWQ,Female,0,Yes,No,11,Yes,No,Fiber optic,No,No,No,No,No,Yes,One year,No,Credit card (automatic),94.01,1031.68,Yes
2861-GSQO,Male,0,Yes,Yes,15,Yes,Yes,Fiber optic,No,No,Yes,No,No,Yes,Month-to-month,No,Electronic check,104.22,1563.36,Yes
6699-TFDB,Male,0,Yes,No,0,Yes,Yes,Fiber optic,No,Yes,No,No,Yes,Yes,Month-to-month,No,Electronic check,114.68,0.0,Yes
4339-JBLV,Male,0,No,Yes,14,Yes,No,Fiber optic,Yes,No,Yes,No,No,No,Month-to-month,Yes,Credit card (automatic),94.74,1328.53,Yes
9275-CGOW,Female,0,Yes,No,65,Yes,No,Fiber optic,Yes,No,No,No,No,Yes,Month-to-month,No,Bank transfer (automatic),102.71,6679.58,Yes
3156-XRFT,Male,0,Yes,No,40,Yes,Yes,DSL,No,No,Yes,Yes,No,No,Two year,No,Credit card (automatic),80.21,3213.44,No
7175-OQUY,Female,0,No,No,16,Yes,No,Fiber optic,No,No,No,Yes,No,No,One year,No,Electronic check,93.07,1489.58,No
3440-TFDB,Male,0,Yes,No,37,Yes,No,Fiber optic,No,No,No,Yes,Yes,No,Two year,Yes,Credit card (automatic),105.7,3919.61,No
7882-PTBJ,Male,0,Yes,No,65,Yes,Yes,Fiber optic,No,No,Yes,Yes,No,Yes,Month-to-month,Yes,Mailed check,112.76,7336.46,Yes
9084-IYEK,Female,0,Yes,Yes,60,Yes,Yes,Fiber optic,No,No,Yes,Yes,No,Yes,Two year,Yes,Mailed check,114.8,6884.44,No
3135-WOYI,Male,0,No,No,43,Yes,No,DSL,No,Yes,No,Yes,No,No,One year,Yes,Electronic check,73.13,3139.68,No
1731-DJVH,Female,0,No,Yes,1,Yes,Yes,DSL,Yes,Yes,Yes,No,Yes,No,Month-to-month,No,Mailed check,94.51,93.29,Yes
7022-EMCS,Male,0,No,No,66,Yes,No,No,No internet service,No internet service,No internet service,No internet service,No internet service,No internet service,Month-to-month,No,Credit card (automatic),39.64,2615.63,No
5152-TFDB,Female,0,Yes,No,55,Yes,Yes,Fiber optic,No,No,No,No,No,No,Month-to-month,No,Mailed check,98.73,5428.19,Yes
1920-BDHL,Male,1,Yes,No,62,Yes,Yes,Fiber optic,Yes,No,Yes,No,No,No,Month-to-month,Yes,Mailed check,104.78,6494.36,Yes
1728-XRFT,Male,0,Yes,Yes,61,Yes,Yes,DSL,No,No,No,No,Yes,No,Month-to-month,Yes,Electronic check,83.13,5069.37,Yes
5815-PTBJ,Female,0,No,Yes,51,No,No phone service,Fiber optic,No,Yes,No,No,No,Yes,One year,No,Credit card (automatic),73.85,3763.31,No
5658-RZPF,Male,0,Yes,No,60,Yes,No,DSL,Yes,No,No,Yes,Yes,Yes,Month-to-month,No,Bank transfer (automatic),100.47,6023.07,No
4696-GSQO,Male,0,No,No,63,Yes,Yes,DSL,No,No,No,Yes,No,Yes,Month-to-month,Yes,Electronic check,90.8,5725.01,Yes
5524-IYEK,Female,0,No,No,72,Yes,Yes,Fiber optic,Yes,Yes,No,No,Yes,Yes,Two year,Yes,Electronic check,118.75,8544.04,No
4627-EMCS,Female,0,Yes,Yes,69,Yes,No,DSL,Yes,Yes,No,No,No,Yes,Month-to-month,Yes,Mailed check,80.53,5559.92,Yes
9174-AAAA,Female,0,Yes,Yes,33,Yes,Yes,No,No internet service,No internet service,No internet service,No internet service,No internet service,No internet service,One year,No,Bank transfer (automatic),48.7,1609.43,No
5485-TFDB,Male,0,No,No,38,Yes,Yes,Fiber optic,Yes,Yes,No,Yes,No,No,One year,Yes,Mailed check,110.77,4213.51,No
1118-EMCS,Female,0,No,No,23,Yes,Yes,Fiber optic,Yes,No,No,Yes,No,No,Two year,No,Bank transfer (automatic),107.86,2480.66,No
8916-PTBJ,Female,1,No,No,30,Yes,Yes,Fiber optic,Yes,No,Yes,Yes,No,No,Two year,Yes,Electronic check,110.39,3309.51,No
4253-UIKM,Male,1,Yes,No,16,Yes,Yes,DSL,Yes,Yes,No,No,No,Yes,One year,No,Mailed check,95.06,1518.85,Yes
9527-NNNN,Female,0,No,No,70,Yes,Yes,Fiber optic,Yes,Yes,Yes,No,Yes,No,Month-to-month,Yes,Mailed check,117.98,8252.94,Yes
6962-LHZR,Male,0,No,No,71,Yes,Yes,No,No internet service,No internet service,No internet service,No internet service,No internet service,No internet service,Month-to-month,No,Mailed check,47.67,3379.73,No
8913-GSQO,Male,0,No,Yes,55,Yes,No,Fiber optic,Yes,No,Yes,No,Yes,Yes,One year,Yes,Mailed check,117.89,6478.28,No
9220-WOYI,Female,0,No,No,45,Yes,No,Fiber optic,Yes,Yes,No,Yes,Yes,Yes,Month-to-month,No,Credit card (automatic),118.75,5347.22,No
6666-QWIU,Male,0,No,No,50,No,No phone service,Fiber optic,Yes,No,Yes,No,Yes,Yes,Month-to-month,No,Credit card (automatic),91.81,4588.12,Yes
1301-UIKM,Female,0,Yes,No,41,Yes,No,Fiber optic,No,Yes,No,No,Yes,No,Two year,No,Electronic check,97.37,3987.53,No
3376-JBLV,Female,0,No,No,7,Yes,No,Fiber optic,No,No,No,No,No,No,Month-to-month,No,Bank transfer (automatic),88.22,611.83,Yes
7764-BDHL,Female,0,Yes,Yes,11,Yes,Yes,Fiber optic,Yes,No,No,No,Yes,No,Month-to-month,Yes,Mailed check,110.94,1214.6,Yes
2925-QWIU,Female,1,No,No,15,Yes,No,DSL,Yes,No,No,Yes,No,No,Month-to-month,Yes,Electronic check,83.19,1248.66,Yes
3530-WOYI,Male,0,Yes,No,57,No,No phone service,DSL,No,No,Yes,No,Yes,No,Two year,No,Mailed check,54.96,3126.63,No
8024-UIKM,Male,1,No,No,9,Yes,Yes,Fiber optic,Yes,No,Yes,Yes,Yes,Yes,Month-to-month,Yes,Mailed check,118.75,1073.83,Yes
2487-IYEK,Female,0,No,Yes,54,Yes,No,Fiber optic,Yes,Yes,No,Yes,No,No,Month-to-month,Yes,Credit card (automatic),102.62,5536.54,Yes
8630-LHZR,Female,0,Yes,Yes,21,Yes,Yes,DSL,No,No,No,No,No,Yes,One year,No,Mailed check,84.77,1774.59,No
5466-IYEK,Male,0,No,No,53,No,No phone service,Fiber optic,Yes,No,No,No,No,Yes,Month-to-month,Yes,Mailed check,82.73,4383.05,No
4551-KESG,Female,0,Yes,No,3,No,No phone service,Fiber optic,No,No,No,No,No,No,Month-to-month,Yes,Electronic check,67.51,201.47,Yes
7635-SCWQ,Male,0,No,No,5,Yes,Yes,Fiber optic,No,No,No,No,Yes,Yes,Month-to-month,No,Electronic check,117.14,577.1,Yes
3939-HVXZ,Female,0,No,No,25,Yes,No,Fiber optic,No,Yes,No,Yes,No,No,One year,Yes,Credit card (automatic),93.29,2328.97,Yes
4539-CGOW,Male,0,No,No,31,Yes,No,Fiber optic,No,No,No,No,No,No,Month-to-month,Yes,Bank transfer (automatic),78.67,2437.59,Yes
7364-RZPF,Female,0,No,No,10,Yes,Yes,Fiber optic,No,No,Yes,Yes,No,No,Month-to-month,Yes,Credit card (automatic),101.26,1016.18,Yes
9547-EMCS,Female,0,Yes,Yes,0,Yes,Yes,DSL,Yes,No,No,No,Yes,Yes,Two year,Yes,Credit card (automatic),105.43,0.0,Yes
9789-YUME,Male,0,Yes,No,31,Yes,Yes,No,No internet service,No internet service,No internet service,No internet service,No internet service,No internet service,Month-to-month,No,Electronic check,49.62,1528.56,Yes
5059-RZPF,Male,0,Yes,No,61,No,No phone service,DSL,Yes,No,Yes,No,No,No,One year,Yes,Credit card (automatic),53.25,3251.76,Yes
9750-UIKM,Male,0,No,No,62,Yes,No,Fiber optic,No,Yes,Yes,Yes,No,Yes,Month-to-month,Yes,Electronic check,103.22,6395.53,No
6448-EMCS,Female,0,No,No,38,Yes,No,Fiber optic,No,No,No,Yes,Yes,Yes,Month-to-month,Yes,Electronic check,113.7,4322.63,Yes
9662-ZXTP,Female,0,No,No,66,Yes,Yes,No,No internet service,No internet service,No internet service,No internet service,No internet service,No internet service,Two year,No,Bank transfer (automatic),49.56,3272.77,No
5579-UIKM,Female,1,Yes,No,33,Yes,No,Fiber optic,Yes,No,No,No,Yes,Yes,Two year,Yes,Electronic check,110.52,3638.33,No
2753-WOYI,Male,0,No,No,57,Yes,No,Fiber optic,No,No,Yes,Yes,No,Yes,Two year,No,Electronic check,103.14,5879.22,No
5188-UIKM,Female,0,No,No,3,Yes,No,DSL,No,No,Yes,Yes,No,No,Month-to-month,Yes,Mailed check,72.34,214.86,Yes
3568-UIKM,Male,0,Yes,No,26,Yes,Yes,No,No internet service,No internet service,No internet service,No internet service,No internet service,No internet service,One year,No,Credit card (automatic),50.7,1317.09,Yes
7668-AAAA,Male,0,No,No,66,No,No phone service,No,No internet service,No internet service,No internet service,No internet service,No internet service,No internet service,One year,Yes,Credit card (automatic),18.25,1196.84,No
5491-GSQO,Male,0,No,No,13,Yes,No,Fiber optic,Yes,Yes,No,No,No,No,One year,Yes,Bank transfer (automatic),93.53,1213.83,No
7870-TFDB,Male,0,Yes,Yes,6,Yes,No,Fiber optic,Yes,No,No,No,No,No,One year,Yes,Credit card (automatic),90.11,544.83,Yes
5350-HVXZ,Male,0,No,No,69,Yes,Yes,DSL,Yes,Yes,Yes,Yes,No,No,Month-to-month,Yes,Electronic check,91.97,6341.8,No
4168-DJVH,Female,1,Yes,No,58,Yes,Yes,Fiber optic,No,No,Yes,No,No,No,One year,No,Credit card (automatic),96.95,5620.83,No
5272-LHZR,Male,0,Yes,No,31,Yes,No,Fiber optic,No,No,No,No,Yes,Yes,Two year,Yes,Credit card (automatic),106.17,3293.23,No
9195-JBLV,Female,0,Yes,No,40,Yes,No,DSL,No,No,Yes,No,No,No,One year,Yes,Mailed check,64.24,2576.06,Yes
5548-LHZR,Female,0,No,No,70,Yes,Yes,Fiber optic,Yes,No,No,No,Yes,No,Two year,Yes,Bank transfer (automatic),113.46,7946.16,Yes
2948-VLRX,Male,0,No,No,18,Yes,No,Fiber optic,Yes,No,No,Yes,No,No,One year,No,Credit card (automatic),99.17,1782.42,Yes
1685-KESG,Male,0,No,No,41,Yes,No,Fiber optic,Yes,No,No,No,No,No,Month-to-month,Yes,Bank transfer (automatic),90.0,3680.72,Yes
8393-PTBJ,Male,1,No,No,54,Yes,Yes,Fiber optic,Yes,No,Yes,No,No,No,Two year,Yes,Credit card (automatic),101.73,5494.65,No
3962-BDHL,Female,0,No,No,44,Yes,No,DSL,Yes,No,No,Yes,No,No,Month-to-month,Yes,Credit card (automatic),80.09,3519.52,No
6798-EMCS,Male,0,No,No,46,Yes,No,Fiber optic,No,No,No,Yes,No,No,One year,No,Bank transfer (automatic),88.17,4066.93,Yes
1612-HVXZ,Male,1,No,No,53,Yes,No,No,No internet service,No internet service,No internet service,No internet service,No internet service,No internet service,Two year,Yes,Electronic check,39.13,2074.37,No
3105-PTBJ,Female,0,Yes,Yes,64,Yes,No,Fiber optic,Yes,No,No,No,Yes,No,Two year,No,Electronic check,103.13,6603.2,No
3823-ZXTP,Male,0,No,No,22,Yes,Yes,Fiber optic,Yes,Yes,Yes,No,No,No,Two year,Yes,Credit card (automatic),103.66,2276.98,Yes
1166-CGOW,Female,0,Yes,No,54,Yes,Yes,DSL,Yes,No,No,Yes,Yes,Yes,Two year,No,Electronic check,110.5,5970.1,No
6091-GSQO,Male,0,No,No,15,Yes,Yes,DSL,Yes,Yes,No,No,No,No,Month-to-month,Yes,Electronic check,83.43,1251.8,Yes
1997-RZPF,Male,0,No,Yes,53,Yes,No,DSL,Yes,Yes,Yes,Yes,No,No,Month-to-month,Yes,Bank transfer (automatic),78.3,4146.47,Yes
2301-DJVH,Male,0,Yes,Yes,62,Yes,Yes,Fiber optic,Yes,No,No,Yes,Yes,Yes,Month-to-month,Yes,Mailed check,118.75,7362.83,Yes
8435-HVXZ,Female,0,Yes,Yes,67,Yes,Yes,Fiber optic,No,No,No,No,No,Yes,One year,Yes,Mailed check,105.22,7047.74,No
5434-DJVH,Male,0,No,Yes,13,No,No phone service,Fiber optic,No,No,No,No,Yes,No,Month-to-month,Yes,Bank transfer (automatic),74.28,968.2,Yes
7446-GSQO,Male,0,Yes,No,33,Yes,Yes,No,No internet service,No internet service,No internet service,No internet service,No internet service,No internet service,Month-to-month,No,Mailed check,47.08,1558.95,Yes
1776-EMCS,Female,0,Yes,Yes,55,No,No phone service,Fiber optic,No,Yes,No,Yes,No,Yes,Month-to-month,Yes,Bank transfer (automatic),81.42,4479.07,No
5465-RZPF,Female,0,Yes,No,14,Yes,No,Fiber optic,No,Yes,Yes,No,Yes,No,One year,Yes,Credit card (automatic),96.18,1346.89,Yes
9876-QWIU,Female,0,No,No,9,Yes,Yes,DSL,Yes,No,No,No,No,No,Month-to-month,No,Mailed check,83.87,750.52,Yes
6521-QWIU,Female,0,No,No,65,Yes,No,No,No internet service,No internet service,No internet service,No internet service,No internet service,No internet service,Two year,Yes,Credit card (automatic),40.31,2617.3,No
4225-NNNN,Male,0,No,Yes,26,No,No phone service,Fiber optic,No,Yes,No,Yes,No,Yes,Month-to-month,Yes,Electronic check,85.63,2218.04,Yes
9433-NNNN,Male,0,Yes,Yes,47,Yes,Yes,DSL,No,Yes,No,Yes,No,No,Month-to-month,Yes,Credit card (automatic),83.3,3912.99,Yes
7851-TFDB,Female,0,No,Yes,60,Yes,Yes,Fiber optic,Yes,No,No,No,No,No,Month-to-month,No,Bank transfer (automatic),103.47,6205.88,Yes
9068-GSQO,Male,0,No,No,5,Yes,No,Fiber optic,Yes,Yes,Yes,Yes,No,Yes,One year,Yes,Bank transfer (automatic),108.73,538.28,No
6954-VLRX,Male,0,No,No,62,Yes,No,No,No internet service,No internet service,No internet service,No internet service,No internet service,No internet service,Month-to-month,Yes,Electronic check,46.08,2863.88,No
8243-LHZR,Male,1,No,No,23,Yes,No,DSL,Yes,Yes,No,Yes,No,No,Month-to-month,Yes,Mailed check,82.89,1911.0,Yes
2704-LHZR,Male,1,Yes,Yes,30,Yes,Yes,DSL,No,Yes,No,Yes,No,No,Month-to-month,Yes,Electronic check,85.6,2570.5,Yes
8560-WOYI,Male,0,Yes,No,43,Yes,Yes,DSL,No,No,No,No,No,No,Month-to-month,Yes,Credit card (automatic),78.49,3380.11,Yes
2581-OQUY,Male,0,No,No,60,Yes,Yes,DSL,No,No,No,No,No,Yes,Month-to-month,No,Electronic check,84.09,5042.72,Yes
2389-HVXZ,Male,0,No,No,47,Yes,No,Fiber optic,No,Yes,Yes,No,Yes,Yes,Two year,Yes,Mailed check,105.67,4974.81,No
7316-VLRX,Female,1,No,No,70,Yes,No,Fiber optic,No,No,Yes,No,No,No,Month-to-month,No,Mailed check,84.04,5882.93,Yes
8270-AAAA,Female,0,Yes,Yes,56,Yes,No,No,No internet service,No internet service,No internet service,No internet service,No internet service,No internet service,Two year,No,Credit card (automatic),40.02,2238.77,No
5733-WOYI,Female,0,No,No,32,No,No phone service,Fiber optic,No,No,Yes,No,No,Yes,Month-to-month,Yes,Mailed check,76.3,2439.31,Yes
8126-GSQO,Female,0,No,No,57,Yes,No,No,No internet service,No internet service,No internet service,No internet service,No internet service,No internet service,Two year,Yes,Mailed check,38.42,2184.79,Yes
8378-XRFT,Female,1,No,No,55,Yes,Yes,No,No internet service,No internet service,No internet service,No internet service,No internet service,No internet service,Month-to-month,Yes,Mailed check,51.5,2820.84,Yes
3050-HVXZ,Female,0,Yes,No,29,Yes,Yes,DSL,No,Yes,Yes,Yes,No,Yes,Month-to-month,No,Credit card (automatic),98.36,2848.69,No
4340-YUME,Female,0,No,Yes,58,Yes,Yes,Fiber optic,No,No,Yes,Yes,No,Yes,Month-to-month,Yes,Credit card (automatic),112.67,6529.76,No
9283-AAAA,Female,0,No,No,6,No,No phone service,DSL,Yes,No,No,Yes,Yes,No,One year,Yes,Bank transfer (automatic),71.96,455.23,No
6317-RZPF,Male,1,Yes,No,64,No,No phone service,Fiber optic,No,Yes,Yes,Yes,No,Yes,Month-to-month,Yes,Mailed check,83.89,5372.16,Yes
5996-XRFT,Male,0,No,No,37,Yes,No,Fiber optic,No,No,Yes,No,Yes,No,Month-to-month,Yes,Bank transfer (automatic),99.41,3679.32,Yes
6179-SCWQ,Male,0,No,Yes,14,Yes,Yes,DSL,No,No,No,Yes,No,Yes,Month-to-month,No,Bank transfer (automatic),93.59,1313.58,No
8390-IYEK,Female,0,Yes,Yes,59,Yes,No,No,No internet service,No internet service,No internet service,No internet service,No internet service,No internet service,Month-to-month,Yes,Mailed check,36.87,2189.33,Yes
3541-DJVH,Female,0,No,No,60,Yes,No,Fiber optic,No,No,No,Yes,Yes,Yes,Two year,Yes,Electronic check,113.46,6812.19,No
3033-KESG,Female,1,No,Yes,28,No,No phone service,DSL,Yes,Yes,Yes,Yes,Yes,No,Month-to-month,Yes,Credit card (automatic),71.66,2000.29,Yes
6237-VLRX,Male,0,Yes,Yes,7,Yes,No,Fiber optic,Yes,Yes,Yes,Yes,No,Yes,Month-to-month,No,Bank transfer (automatic),113.86,802.97,Yes
4796-EMCS,Male,0,Yes,No,44,No,No phone service,Fiber optic,No,No,Yes,No,No,No,One year,No,Bank transfer (automatic),67.09,2959.87,No
8610-EMCS,Male,1,No,No,59,Yes,No,Fiber optic,No,Yes,No,Yes,No,No,Month-to-month,Yes,Bank transfer (automatic),94.13,5555.05,Yes
4237-IYEK,Male,1,Yes,Yes,8,Yes,Yes,No,No internet service,No internet service,No internet service,No internet service,No internet service,No internet service,One year,Yes,Credit card (automatic),50.58,406.72,Yes
8867-AAAA,Female,0,Yes,No,68,Yes,No,Fiber optic,No,No,No,No,No,No,One year,Yes,Bank transfer (automatic),88.43,6005.59,Yes
9921-XRFT,Male,1,No,No,44,Yes,No,DSL,No,Yes,Yes,No,No,Yes,Two year,No,Bank transfer (automatic),76.04,3351.04,Yes
8938-WOYI,Female,0,Yes,No,16,Yes,Yes,DSL,No,Yes,Yes,Yes,Yes,Yes,Month-to-month,Yes,Credit card (automatic),103.42,1655.9,No
2589-LHZR,Female,0,Yes,Yes,63,Yes,No,No,No internet service,No internet service,No internet service,No internet service,No internet service,No internet service,One year,No,Credit card (automatic),40.57,2552.31,Yes
3024-WOYI,Female,0,No,No,63,Yes,No,Fiber optic,Yes,No,Yes,Yes,Yes,Yes,One year,Yes,Electronic check,118.75,7489.2,Yes
1545-MKGC,Female,1,No,No,20,Yes,No,No,No internet service,No internet service,No internet service,No internet service,No internet service,No internet service,Two year,Yes,Bank transfer (automatic),34.82,693.26,No
3520-HVXZ,Female,0,Yes,Yes,18,Yes,No,No,No internet service,No internet service,No internet service,No internet service,No internet service,No internet service,Month-to-month,Yes,Mailed check,38.52,690.06,Yes
1365-YUME,Female,0,No,No,51,Yes,Yes,Fiber optic,No,No,No,No,No,Yes,Month-to-month,No,Electronic check,102.47,5226.13,Yes
2356-KESG,Male,0,Yes,Yes,14,Yes,Yes,Fiber optic,Yes,Yes,Yes,No,No,Yes,Month-to-month,Yes,Electronic check,108.74,1525.4,Yes
6110-BDHL,Female,1,No,No,50,Yes,No,DSL,No,No,Yes,No,No,No,Month-to-month,No,Mailed check,65.64,3287.4,No
2045-AAAA,Male,0,No,Yes,47,Yes,No,DSL,No,No,No,No,Yes,No,Month-to-month,Yes,Electronic check,76.23,3586.37,No
2792-RZPF,Male,0,No,Yes,14,Yes,No,DSL,Yes,No,No,No,No,No,Two year,Yes,Credit card (automatic),70.45,982.16,Yes
9996-TFDB,Female,0,No,Yes,16,Yes,No,Fiber optic,No,No,No,No,No,No,Month-to-month,Yes,Credit card (automatic),86.11,1381.53,Yes
9052-VLRX,Female,0,Yes,No,32,Yes,No,Fiber optic,No,Yes,Yes,No,Yes,No,Month-to-month,Yes,Bank transfer (automatic),95.73,3064.19,Yes
8842-HVXZ,Female,0,No,Yes,58,No,No phone service,Fiber optic,Yes,No,No,No,No,Yes,Month-to-month,Yes,Mailed check,83.87,4864.56,No
6408-QWIU,Female,0,No,No,59,Yes,Yes,Fiber optic,No,No,No,Yes,No,Yes,Two year,No,Credit card (automatic),116.19,6860.63,No
8957-BDHL,Female,0,Yes,No,69,Yes,Yes,DSL,Yes,Yes,No,Yes,No,Yes,Month-to-month,Yes,Mailed check,98.24,6784.09,Yes
7937-KESG,Female,0,No,Yes,11,No,No phone service,Fiber optic,No,No,Yes,No,No,Yes,Month-to-month,No,Mailed check,73.61,814.46,Yes
4967-KESG,Female,0,No,No,9,Yes,Yes,Fiber optic,No,Yes,No,Yes,Yes,Yes,One year,Yes,Electronic check,118.75,1073.83,Yes
9264-GSQO,Male,0,No,No,29,Yes,No,Fiber optic,No,Yes,No,Yes,No,Yes,Month-to-month,No,Mailed check,103.18,2991.12,Yes
8804-UIKM,Male,0,No,No,17,Yes,Yes,Fiber optic,No,No,No,No,No,No,Two year,Yes,Bank transfer (automatic),98.42,1670.64,Yes
2735-RZPF,Female,0,No,No,44,Yes,Yes,Fiber optic,Yes,Yes,No,Yes,No,No,One year,Yes,Electronic check,112.69,4956.09,No
5270-GSQO,Male,0,No,Yes,14,Yes,No,Fiber optic,Yes,No,Yes,Yes,Yes,No,Two year,Yes,Bank transfer (automatic),109.9,1533.33,No
5647-KESG,Male,0,Yes,No,62,No,No phone service,Fiber optic,No,No,Yes,Yes,No,Yes,Two year,No,Bank transfer (automatic),80.64,5004.72,No
7251-QWIU,Female,1,Yes,No,68,Yes,Yes,Fiber optic,Yes,No,No,Yes,No,No,Month-to-month,Yes,Mailed check,116.13,7901.13,Yes
1804-IYEK,Male,1,No,Yes,59,Yes,No,No,No internet service,No internet service,No internet service,No internet service,No internet service,No internet service,One year,Yes,Bank transfer (automatic),44.45,2626.27,Yes
4845-NNNN,Female,1,No,No,5,Yes,Yes,No,No internet service,No internet service,No internet service,No internet service,No internet service,No internet service,Two year,No,Mailed check,51.5,257.22,No
4675-VLRX,Female,0,Yes,No,36,No,No phone service,DSL,No,No,Yes,No,No,Yes,One year,Yes,Mailed check,58.69,2117.59,Yes
5249-TFDB,Female,1,No,Yes,20,Yes,No,Fiber optic,Yes,No,Yes,No,No,No,Month-to-month,No,Electronic check,90.33,1798.64,Yes
6569-NNNN,Male,0,No,Yes,17,Yes,Yes,Fiber optic,No,Yes,No,Yes,No,No,Month-to-month,Yes,Electronic check,97.29,1659.47,Yes
6575-OQUY,Male,0,No,Yes,15,Yes,Yes,No,No internet service,No internet service,No internet service,No internet service,No internet service,No internet service,Month-to-month,No,Bank transfer (automatic),49.7,741.58,Yes
6808-SCWQ,Female,0,Yes,No,64,Yes,No,DSL,Yes,No,Yes,Yes,Yes,No,Month-to-month,Yes,Electronic check,96.78,6193.28,Yes
3783-UIKM,Female,0,Yes,No,13,Yes,Yes,DSL,No,Yes,No,Yes,No,No,Month-to-month,Yes,Bank transfer (automatic),76.93,996.24,Yes
1537-CGOW,Female,0,No,No,38,Yes,Yes,Fiber optic,Yes,Yes,No,No,Yes,Yes,Two year,No,Electronic check,118.75,4506.42,No
5818-GSQO,Female,0,No,No,29,Yes,No,Fiber optic,Yes,No,Yes,No,No,No,One year,No,Credit card (automatic),95.1,2764.04,Yes
2906-QWIU,Male,0,No,No,35,Yes,No,DSL,No,Yes,Yes,Yes,No,No,Month-to-month,No,Mailed check,74.92,2613.59,Yes
7078-VLRX,Male,0,No,Yes,3,Yes,No,DSL,No,No,No,Yes,No,Yes,Two year,No,Electronic check,81.5,241.5,No
2003-DJVH,Male,0,Yes,Yes,34,Yes,No,Fiber optic,Yes,Yes,No,No,No,No,Month-to-month,No,Mailed check,93.42,3179.26,Yes
5603-DJVH,Male,1,Yes,No,43,Yes,No,Fiber optic,No,No,No,No,No,Yes,One year,Yes,Electronic check,94.31,4058.82,Yes
8294-WOYI,Male,1,Yes,No,12,Yes,Yes,DSL,Yes,No,No,No,No,No,Month-to-month,No,Bank transfer (automatic),83.34,1000.9,Yes
2639-QWIU,Female,0,No,Yes,71,No,No phone service,DSL,No,Yes,Yes,Yes,Yes,No,Month-to-month,No,Electronic check,64.27,4562.47,No
4628-MKGC,Male,1,No,Yes,28,Yes,No,Fiber optic,No,No,No,No,No,No,Month-to-month,Yes,Electronic check,85.69,2398.61,Yes
5938-BDHL,Male,0,Yes,No,33,Yes,No,Fiber optic,No,Yes,No,No,Yes,No,Two year,No,Credit card (automatic),94.76,3116.14,No
6248-RZPF,Female,0,Yes,No,46,Yes,No,DSL,No,No,No,Yes,No,Yes,Month-to-month,Yes,Electronic check,82.65,3802.43,Yes
7430-ZXTP,Female,0,No,No,48,Yes,Yes,Fiber optic,No,No,No,Yes,No,No,Month-to-month,Yes,Mailed check,100.8,4845.47,No
7678-QWIU,Male,1,No,Yes,58,Yes,Yes,Fiber optic,Yes,Yes,Yes,Yes,No,Yes,Month-to-month,Yes,Bank transfer (automatic),118.75,6878.39,Yes
5426-BDHL,Female,0,Yes,Yes,27,Yes,No,Fiber optic,Yes,Yes,Yes,No,Yes,No,Month-to-month,No,Electronic check,103.05,2798.53,Yes
9995-RZPF,Female,0,No,Yes,0,Yes,Yes,DSL,No,Yes,Yes,Yes,Yes,No,Two year,No,Electronic check,92.38,0.0,No
5399-RZPF,Male,0,No,Yes,9,Yes,No,DSL,No,Yes,No,No,Yes,No,Month-to-month,No,Electronic check,76.17,683.4,Yes
5319-SCWQ,Female,0,No,No,57,Yes,No,DSL,Yes,Yes,Yes,No,No,Yes,Month-to-month,Yes,Bank transfer (automatic),83.35,4747.43,No
8304-EMCS,Male,0,No,No,21,Yes,No,No,No internet service,No internet service,No internet service,No internet service,No internet service,No internet service,Two year,Yes,Bank transfer (automatic),42.36,885.26,Yes
7924-GSQO,Female,0,Yes,Yes,23,Yes,No,DSL,Yes,No,Yes,Yes,Yes,No,One year,Yes,Mailed check,87.55,2012.37,No
1422-RZPF,Female,0,No,Yes,44,Yes,No,DSL,Yes,No,No,No,Yes,Yes,One year,No,Credit card (automatic),96.71,4258.3,No
3007-NNNN,Female,0,Yes,No,59,Yes,No,Fiber optic,Yes,No,No,No,No,No,Month-to-month,Yes,Bank transfer (automatic),93.74,5531.11,No
8329-XRFT,Male,0,No,No,44,No,No phone service,Fiber optic,Yes,No,Yes,No,No,Yes,Month-to-month,No,Mailed check,86.76,3815.7,Yes
4172-RZPF,Male,1,Yes,No,22,Yes,Yes,DSL,Yes,No,Yes,No,No,No,One year,No,Mailed check,84.25,1852.76,Yes
9979-YUME,Female,0,No,Yes,20,Yes,No,DSL,No,No,No,No,No,No,Month-to-month,No,Credit card (automatic),65.93,1316.19,Yes
4695-VLRX,Male,0,Yes,No,21,No,No phone service,Fiber optic,No,Yes,No,Yes,No,Yes,Month-to-month,Yes,Electronic check,83.29,1742.82,Yes
4192-OQUY,Female,1,Yes,Yes,56,Yes,No,Fiber optic,No,Yes,No,No,No,No,Month-to-month,Yes,Bank transfer (automatic),84.87,4749.6,Yes
5008-GSQO,Female,0,No,No,4,Yes,Yes,No,No internet service,No internet service,No internet service,No internet service,No internet service,No internet service,Month-to-month,No,Bank transfer (automatic),49.47,190.29,No
7048-CGOW,Female,0,No,No,56,Yes,Yes,DSL,No,No,No,Yes,Yes,No,Month-to-month,No,Bank transfer (automatic),93.76,5252.93,No
2968-TFDB,Female,0,No,No,71,Yes,Yes,DSL,Yes,No,Yes,No,Yes,No,Month-to-month,Yes,Credit card (automatic),95.18,6760.41,Yes
5497-UIKM,Female,0,Yes,Yes,46,Yes,No,DSL,Yes,No,Yes,No,No,No,One year,Yes,Bank transfer (automatic),68.16,3139.97,No
1060-PTBJ,Male,0,Yes,No,51,Yes,No,DSL,No,No,No,Yes,Yes,No,Two year,No,Credit card (automatic),82.31,4202.89,No
2932-OQUY,Male,0,Yes,No,62,No,No phone service,Fiber optic,No,No,Yes,Yes,No,No,Two year,No,Electronic check,69.3,4300.79,No
8422-VLRX,Male,1,Yes,Yes,53,Yes,Yes,DSL,No,No,No,No,No,No,Month-to-month,Yes,Bank transfer (automatic),72.68,3842.91,Yes
9590-ZXTP,Female,1,Yes,No,65,Yes,No,DSL,No,No,No,Yes,Yes,No,Month-to-month,No,Mailed check,83.02,5391.95,Yes
1038-TFDB,Female,0,Yes,No,4,Yes,Yes,Fiber optic,Yes,Yes,Yes,No,No,No,One year,No,Bank transfer (automatic),104.7,427.82,Yes
6660-GSQO,Male,0,No,Yes,15,Yes,No,No,No internet service,No internet service,No internet service,No internet service,No internet service,No internet service,Month-to-month,No,Electronic check,41.68,623.23,Yes
9669-RZPF,Female,0,Yes,Yes,48,Yes,No,No,No internet service,No internet service,No internet service,No internet service,No internet service,No internet service,Month-to-month,No,Bank transfer (automatic),38.68,1865.99,No
7448-SCWQ,Female,0,No,No,13,Yes,Yes,No,No internet service,No internet service,No internet service,No internet service,No internet service,No internet service,Month-to-month,Yes,Bank transfer (automatic),51.62,671.64,Yes
3190-ZXTP,Female,0,Yes,No,24,Yes,Yes,DSL,Yes,Yes,No,Yes,No,Yes,Two year,Yes,Electronic check,103.96,2504.33,No
7546-NNNN,Female,0,No,No,54,Yes,Yes,Fiber optic,No,Yes,No,No,No,No,Month-to-month,Yes,Credit card (automatic),92.06,4980.04,Yes
2474-GSQO,Male,0,No,No,31,Yes,No,Fiber optic,No,Yes,No,No,No,No,Month-to-month,No,Electronic check,87.72,2720.28,Yes
2313-KESG,Female,0,Yes,Yes,60,Yes,Yes,No,No internet service,No internet service,No internet service,No internet service,No internet service,No internet service,One year,No,Electronic check,47.35,2837.87,No
9389-IYEK,Male,1,No,No,27,Yes,No,No,No internet service,No internet service,No internet service,No internet service,No internet service,No internet service,One year,Yes,Credit card (automatic),43.68,1173.71,No
2824-SCWQ,Male,1,Yes,No,43,Yes,Yes,DSL,Yes,Yes,Yes,Yes,No,No,Month-to-month,Yes,Credit card (automatic),88.57,3820.19,No
9564-IYEK,Male,0,Yes,No,71,Yes,Yes,Fiber optic,No,No,Yes,No,No,Yes,One year,Yes,Bank transfer (automatic),104.23,7400.16,Yes
9446-WOYI,Male,1,No,Yes,32,Yes,Yes,DSL,No,Yes,No,No,No,No,One year,Yes,Bank transfer (automatic),76.65,2451.67,Yes
6101-CGOW,Male,0,Yes,No,51,Yes,No,Fiber optic,Yes,No,No,Yes,Yes,No,Two year,No,Bank transfer (automatic),108.77,5535.1,No
1325-EMCS,Male,1,No,Yes,12,Yes,Yes,DSL,No,Yes,Yes,No,No,Yes,One year,Yes,Electronic check,88.68,1055.4,Yes
8509-ZXTP,Female,0,No,Yes,52,No,No phone service,Fiber optic,No,No,No,No,Yes,No,Month-to-month,Yes,Credit card (automatic),73.96,3841.37,Yes
5887-PTBJ,Male,0,No,No,22,Yes,Yes,Fiber optic,No,No,Yes,No,No,No,Two year,No,Credit card (automatic),93.91,2061.23,Yes
4324-QWIU,Male,0,Yes,No,42,Yes,No,Fiber optic,Yes,No,Yes,Yes,No,Yes,Two year,Yes,Credit card (automatic),108.0,4531.6,No
3606-SCWQ,Female,0,Yes,Yes,21,Yes,Yes,DSL,No,No,Yes,No,Yes,No,One year,Yes,Electronic check,87.97,1841.68,Yes
1626-ZXTP,Male,0,No,No,31,Yes,No,Fiber optic,No,No,No,Yes,No,No,Month-to-month,Yes,Credit card (automatic),88.78,2761.92,No
9616-OQUY,Male,0,No,No,19,Yes,Yes,DSL,No,No,No,No,Yes,No,Month-to-month,Yes,Electronic check,86.88,1639.79,No
4178-PTBJ,Female,0,No,No,0,Yes,Yes,Fiber optic,Yes,Yes,Yes,Yes,Yes,No,Two year,No,Mailed check,117.36,0.0,No
1161-BDHL,Male,0,No,No,66,No,No phone service,Fiber optic,Yes,No,No,No,Yes,Yes,Two year,Yes,Electronic check,94.34,6223.91,Yes
9266-DJVH,Male,0,No,Yes,40,Yes,No,Fiber optic,No,No,No,Yes,Yes,Yes,Two year,Yes,Mailed check,108.63,4345.33,No
7588-BDHL,Female,0,No,No,24,Yes,No,DSL,No,No,No,No,Yes,Yes,Month-to-month,Yes,Mailed check,84.19,2020.45,Yes
1988-EMCS,Male,0,No,No,45,Yes,Yes,Fiber optic,Yes,Yes,No,Yes,Yes,No,Two year,Yes,Credit card (automatic),118.75,5345.46,Yes
8718-YUME,Male,0,No,No,53,Yes,No,Fiber optic,Yes,No,No,No,Yes,No,Month-to-month,Yes,Electronic check,97.0,5146.48,Yes
9505-RZPF,Female,1,Yes,Yes,30,Yes,Yes,No,No internet service,No internet service,No internet service,No internet service,No internet service,No internet service,Month-to-month,Yes,Mailed check,46.58,1396.94,No
3659-VLRX,Male,0,Yes,No,41,Yes,Yes,No,No internet service,No internet service,No internet service,No internet service,No internet service,No internet service,Two year,Yes,Electronic check,52.39,2149.84,No
4496-MKGC,Female,0,Yes,No,40,Yes,Yes,Fiber optic,No,Yes,No,Yes,No,No,One year,Yes,Electronic check,103.64,4144.12,No
6997-CGOW,Male,0,Yes,No,6,Yes,No,Fiber optic,Yes,No,No,No,Yes,No,One year,No,Mailed check,105.87,638.94,Yes
8943-KESG,Female,0,No,No,26,Yes,No,DSL,No,No,No,No,Yes,No,Two year,Yes,Credit card (automatic),75.65,1959.7,No
